day,h,vv_tercile,roc_tercile,mean_rax,t,avg_names
UP,7,1,1,-0.00546002171249384,-0.9484793909854692,200.83609341825903
UP,7,1,2,-0.0010116443370223427,-0.184092502661495,106.48108797280068
UP,7,1,3,0.0009274304311876699,0.11451159894681975,46.26
UP,7,2,1,-0.00790817336860171,-1.4846353799283178,89.16687898089172
UP,7,2,2,-0.007725869140655676,-1.8455495862682931,121.71112999150382
UP,7,2,3,-0.008102985531244496,-1.600691229682212,110.34055201698514
UP,7,3,1,-0.012532827280799403,-1.5413860412459823,41.51020408163265
UP,7,3,2,-0.011516721467060976,-1.905680201804003,103.62303442413939
UP,7,3,3,-0.008153825012160337,-1.4178694352077725,174.6267515923567
UP,14,1,1,0.004358621455264627,0.6071439213234362,201.1763202725724
UP,14,1,2,0.0016059051118063692,0.2286316231229941,106.53196930946291
UP,14,1,3,0.005496952427692035,0.5441778460554648,46.18736662398634
UP,14,2,1,-0.005019600808863801,-0.8249168143913407,89.27597955706985
UP,14,2,2,-0.004275445948762425,-0.8845365865876781,121.8074137196421
UP,14,2,3,-0.005021644542266651,-0.8396642757835631,110.103066439523
UP,14,3,1,-0.010951035960206548,-1.07050162281682,41.550106609808104
UP,14,3,2,-0.01370393721612043,-1.88321851477085,103.7847399829497
UP,14,3,3,-0.015505180247119972,-2.261457133538808,174.34241908006814
UP,21,1,1,0.00832243521925765,1.07297578640677,200.83895771038019
UP,21,1,2,0.0019782006586278092,0.23175021097863585,106.38135955536553
UP,21,1,3,0.0059731430972256895,0.528108339573681,46.11815068493151
UP,21,2,1,-3.817347780548114e-05,-0.005936204506292238,89.29944468175994
UP,21,2,2,-0.0004345883346904297,-0.07917579067074401,121.86837606837607
UP,21,2,3,-0.0025532131381996227,-0.3850026310403725,110.07432721059376
UP,21,3,1,-0.016883064702279495,-1.4457745194708722,41.58126603934987
UP,21,3,2,-0.01265404578412404,-1.5503632947919146,103.90551517742625
UP,21,3,3,-0.018241769539557546,-2.328201281039419,174.37932507475438
UP,42,1,1,0.015259389059044141,1.8714531931692326,200.68879310344826
UP,42,1,2,0.00942134563757019,0.9182346530539837,106.21699741156169
UP,42,1,3,0.0244035735072704,2.0700389529356458,46.008639308855294
UP,42,2,1,0.0034928414773777467,0.5499675905999151,89.43663793103448
UP,42,2,2,0.0009889055811902962,0.16356408854653948,121.72876239758517
UP,42,2,3,0.0023896859189407533,0.32252464907334677,109.94525862068966
UP,42,3,1,-0.027267197205239777,-2.2272139530437163,41.57962883038412
UP,42,3,2,-0.014275618008849269,-1.6081234166648528,103.90336496980156
UP,42,3,3,-0.020810963150330448,-2.304969509773681,174.4875
DOWN,7,1,1,0.015392024024131546,2.5673675678457935,191.68492569002123
DOWN,7,1,2,0.012461245379696161,2.0807426537246743,100.72090059473237
DOWN,7,1,3,0.011487207693050174,1.2694218983092125,43.8249787595582
DOWN,7,2,1,0.002965618712035803,0.5594841035364069,85.01316907391674
DOWN,7,2,2,0.009021917730061332,2.1179827913755074,115.0072186836518
DOWN,7,2,3,0.010442286014443056,2.03458383062149,105.69796091758708
DOWN,7,3,1,-0.004672975473057353,-0.638980812601483,39.386808510638296
DOWN,7,3,2,-0.00257752693048293,-0.4763360654970163,97.27473460721869
DOWN,7,3,3,0.0017166367603061315,0.3463424890712683,169.41273885350319
DOWN,14,1,1,0.016204373021658145,2.1914496747967176,191.88798977853492
DOWN,14,1,2,0.009653044247230019,1.2780474389040228,100.63016616957819
DOWN,14,1,3,0.009647872840380654,0.8732318001331466,43.658287175117174
DOWN,14,2,1,0.000943042110458224,0.1676981617107587,85.04601619088197
DOWN,14,2,2,0.008399562165298807,1.7283160424349326,114.96465076660988
DOWN,14,2,3,0.0076300391222709285,1.2656120735624743,105.11589262888795
DOWN,14,3,1,-0.008611118232147788,-0.9504845141091546,39.3947930004268
DOWN,14,3,2,-0.0067587952432535455,-1.058788440821531,97.35477001703578
DOWN,14,3,3,-0.000523834164013603,-0.0834972448967857,168.67120954003408
DOWN,21,1,1,0.0168002822329806,2.107010285969474,191.4348568987612
DOWN,21,1,2,0.013760055758643136,1.6775710507866632,100.43846153846154
DOWN,21,1,3,0.015442257534211929,1.2870076951286582,43.57136752136752
DOWN,21,2,1,0.005431894656641319,0.9535017161360214,85.05128205128206
DOWN,21,2,2,0.010958017315687749,2.128856138211128,114.97223408799658
DOWN,21,2,3,0.010032993875819749,1.6644675851424324,105.02820512820513
DOWN,21,3,1,-0.006870244940964371,-0.63612260483595,39.41181506849315
DOWN,21,3,2,-0.005386230505349499,-0.733665920846531,97.43058521999146
DOWN,21,3,3,-0.004703868836748875,-0.6549986269347216,168.59205467748825
DOWN,42,1,1,0.022892869288072895,2.5770440480596424,190.54612068965517
DOWN,42,1,2,0.01598490743258785,1.814274179145883,100.07158257869771
DOWN,42,1,3,0.025237794169757,2.0473243072165133,43.350150927123764
DOWN,42,2,1,0.003966860479595001,0.6178400251198892,84.98533850797757
DOWN,42,2,2,0.007182231568654105,1.3630693392884687,114.46810344827587
DOWN,42,2,3,0.013615438766314015,2.353286654445991,104.742992669254
DOWN,42,3,1,-0.02153885154617985,-1.7116989240959744,39.36976241900648
DOWN,42,3,2,-0.01105292738453653,-1.417364817796084,97.12456896551724
DOWN,42,3,3,-0.00890025859300064,-1.05076119733306,168.38793103448276
