,2015,2016,2017,2018,2019,2020,2021,2022,2023,2024,2025,2026
roc_5,0.5117,0.483,0.4874,0.4943,0.4817,0.5068,0.4961,0.4936,0.4966,0.5024,0.5085,0.4967
roc_10,0.5168,0.4789,0.4863,0.4883,0.4613,0.521,0.4922,0.4979,0.4961,0.5066,0.5113,0.4928
roc_21,0.5201,0.4927,0.4814,0.4909,0.4547,0.5231,0.4772,0.5084,0.4979,0.5159,0.5262,0.497
roc_63,0.531,0.4665,0.5099,0.5071,0.4873,0.5161,0.4782,0.5238,0.4789,0.5136,0.5153,0.4688
roc_126,0.5231,0.4858,0.4919,0.5026,0.4901,0.5121,0.4584,0.5371,0.5036,0.508,0.5017,0.4918
roc_252,0.5399,0.4541,0.487,0.485,0.5073,0.5097,0.4577,0.536,0.5127,0.5368,0.5072,0.5114
xs_spy_21,0.5201,0.4927,0.4814,0.4909,0.4547,0.5231,0.4772,0.5084,0.4979,0.5159,0.5262,0.497
xs_spy_63,0.531,0.4665,0.5099,0.5071,0.4873,0.5161,0.4782,0.5238,0.4789,0.5136,0.5153,0.4688
xs_spy_126,0.5231,0.4858,0.4919,0.5026,0.4901,0.5121,0.4584,0.5371,0.5036,0.508,0.5017,0.4918
xs_spy_252,0.5399,0.4541,0.487,0.485,0.5073,0.5097,0.4577,0.536,0.5127,0.5368,0.5072,0.5114
xs_sec_63,0.5332,0.4704,0.5174,0.519,0.4941,0.511,0.4922,0.5154,0.4762,0.5222,0.5171,0.47
xs_sec_126,0.5225,0.4782,0.5104,0.5152,0.496,0.498,0.4711,0.5246,0.4985,0.5221,0.5165,0.4945
off_high_21,0.5277,0.4776,0.4832,0.5046,0.4606,0.5118,0.4925,0.5274,0.4912,0.5135,0.507,0.4835
off_high_63,0.5333,0.4742,0.4868,0.5116,0.4713,0.5082,0.4782,0.5355,0.4902,0.5154,0.5085,0.4836
off_high_126,0.5315,0.4773,0.492,0.5104,0.4776,0.4997,0.4771,0.5534,0.4872,0.5135,0.5011,0.4795
off_high_252,0.5335,0.4667,0.4858,0.5105,0.4872,0.5053,0.4718,0.5553,0.4918,0.5173,0.5057,0.4815
off_low_252,0.5138,0.4713,0.4986,0.4949,0.4871,0.524,0.4685,0.4992,0.5124,0.5326,0.5311,0.5067
days_since_high_252,0.4797,0.5437,0.5192,0.5048,0.5031,0.4994,0.5363,0.4778,0.4931,0.4883,0.4932,0.5114
days_since_high_63,0.485,0.5241,0.5063,0.4976,0.5181,0.4947,0.5341,0.4697,0.5089,0.4964,0.4942,0.5187
mdd_21,0.5385,0.4794,0.4821,0.5171,0.4688,0.5066,0.4896,0.5486,0.4813,0.5123,0.4974,0.4747
mdd_63,0.5367,0.4611,0.4949,0.5325,0.4924,0.4898,0.4901,0.552,0.4848,0.4993,0.4816,0.4688
mean_dd_63,0.5302,0.4648,0.5001,0.5261,0.4948,0.49,0.4808,0.5457,0.4822,0.5006,0.4901,0.4608
mdd_126,0.5284,0.4626,0.483,0.5189,0.4999,0.4758,0.484,0.5643,0.4862,0.4963,0.4757,0.4796
mean_dd_126,0.5181,0.4713,0.4869,0.5176,0.5007,0.4774,0.4759,0.5613,0.4892,0.4943,0.4831,0.479
mdd_252,0.5299,0.456,0.4869,0.505,0.5071,0.4941,0.4964,0.5573,0.488,0.5138,0.4757,0.4904
eff_21,0.5188,0.4873,0.4787,0.4901,0.461,0.525,0.4812,0.5189,0.4915,0.5185,0.5243,0.502
up_share_21,0.5194,0.4951,0.4858,0.478,0.4743,0.5282,0.4896,0.5147,0.4992,0.5085,0.5233,0.5062
eff_63,0.5329,0.4624,0.5069,0.5073,0.4914,0.5151,0.4784,0.5248,0.4824,0.5121,0.5153,0.4656
up_share_63,0.5358,0.4893,0.5137,0.4915,0.496,0.515,0.4839,0.5217,0.4841,0.5116,0.5189,0.4838
eff_126,0.5209,0.4739,0.4871,0.5042,0.4951,0.5032,0.4592,0.5373,0.503,0.5033,0.5071,0.4877
up_share_126,0.5244,0.4872,0.5064,0.4898,0.4964,0.5078,0.4778,0.5322,0.4957,0.5055,0.5231,0.5085
up_pair_10_63,0.533,0.4707,0.5096,0.5088,0.4935,0.5122,0.4749,0.525,0.4763,0.5057,0.5115,0.4763
up_pair_21_63,0.5137,0.4707,0.517,0.5171,0.4933,0.5,0.4738,0.5273,0.4836,0.5074,0.5043,0.4682
new_high63_share_63,0.5132,0.471,0.5121,0.5112,0.4931,0.4903,0.4776,0.5277,0.4828,0.4996,0.5075,0.4645
new_high252_count_63,0.5106,0.4651,0.4927,0.5044,0.4997,0.4894,0.4709,0.5192,0.5014,0.5044,0.505,0.4802
gain_pain_63,0.5322,0.4633,0.5072,0.5065,0.4916,0.5161,0.4784,0.5225,0.4829,0.5123,0.5178,0.4664
gain_pain_126,0.5201,0.4754,0.4874,0.5036,0.4953,0.5052,0.4591,0.534,0.5043,0.5041,0.51,0.4885
higher_lows_6,0.5235,0.48,0.5103,0.4996,0.4966,0.5144,0.4794,0.5158,0.4864,0.5065,0.5123,0.4763
close_loc_21,0.5274,0.4926,0.495,0.496,0.4919,0.5244,0.4916,0.5145,0.4922,0.5145,0.52,0.4966
gap_share_21,0.4772,0.4934,0.4876,0.4555,0.4914,0.4749,0.5089,0.4975,0.4916,0.4827,0.5045,0.5061
mad_21,0.4718,0.5183,0.5072,0.4728,0.5055,0.4977,0.4904,0.433,0.5233,0.4979,0.514,0.5279
mad_63,0.4738,0.5236,0.5149,0.4703,0.5031,0.5119,0.4865,0.4324,0.5234,0.5059,0.52,0.5266
mad_252,0.4792,0.5291,0.515,0.4717,0.502,0.5257,0.485,0.4341,0.5276,0.5071,0.5148,0.5234
vol_roc_21_252,0.4751,0.5031,0.4932,0.4875,0.5039,0.4682,0.5029,0.4719,0.5031,0.4845,0.504,0.5188
vol_roc_5_63,0.4971,0.495,0.4945,0.4955,0.5013,0.4922,0.4954,0.4931,0.5053,0.4907,0.4942,0.5052
vol_roc_21_vs_21ago,0.4952,0.4939,0.499,0.4943,0.5031,0.4852,0.5025,0.4784,0.5119,0.4867,0.4865,0.5126
vol_pctile_own_252,0.481,0.5018,0.4935,0.4876,0.5042,0.4683,0.5017,0.4745,0.5035,0.4827,0.5003,0.5171
range_comp_10_252,0.4789,0.4941,0.4893,0.4829,0.5061,0.4702,0.4967,0.4893,0.4955,0.4837,0.5011,0.5119
range_roc_21_252,0.4684,0.5052,0.4884,0.4749,0.5102,0.4724,0.4969,0.4815,0.493,0.4837,0.5013,0.5127
down_up_move_63,0.5028,0.5132,0.4929,0.4924,0.4978,0.4912,0.5077,0.4847,0.5036,0.491,0.4981,0.5115
worst_day_63,0.5114,0.4651,0.4918,0.5323,0.4977,0.5044,0.4849,0.4954,0.4952,0.4982,0.4864,0.482
volume_roc_5_63,0.4983,0.4971,0.4808,0.5099,0.5001,0.4863,0.5039,0.5075,0.4943,0.4896,0.4793,0.5023
volume_roc_10_63,0.4984,0.4989,0.4815,0.5093,0.4956,0.4876,0.5038,0.5024,0.4928,0.483,0.4776,0.5023
volume_roc_21_252,0.4974,0.5041,0.492,0.4912,0.497,0.4941,0.5015,0.4851,0.4893,0.4753,0.4894,0.4994
volume_pctile_own_252,0.4952,0.4975,0.4853,0.5017,0.5007,0.4911,0.5028,0.5011,0.4932,0.482,0.4834,0.5018
up_volume_share_21,0.5204,0.4984,0.4827,0.4829,0.4712,0.5262,0.4821,0.5102,0.5,0.5126,0.5246,0.5026
pullback_volume_21,0.498,0.4958,0.5089,0.498,0.5139,0.4994,0.5055,0.5037,0.4984,0.4922,0.4964,0.5057
up_volume_share_63,0.5329,0.4855,0.5087,0.4986,0.4891,0.5155,0.4811,0.5151,0.4848,0.5133,0.5155,0.4734
pullback_volume_63,0.5004,0.5026,0.5063,0.4903,0.5076,0.4885,0.4999,0.5069,0.5048,0.4968,0.5041,0.5224
accum_minus_dist_50,0.5207,0.4942,0.5001,0.4986,0.484,0.5169,0.4766,0.5095,0.4962,0.5072,0.506,0.491
log_dollar_vol_63,0.4735,0.4771,0.5138,0.4846,0.5078,0.4805,0.5255,0.4791,0.5033,0.5182,0.5145,0.5137
up_capture_63,0.4802,0.5059,0.5086,0.4474,0.4922,0.4975,0.4936,0.4222,0.5073,0.5146,0.5136,0.497
down_capture_63,0.4504,0.5298,0.5054,0.453,0.4968,0.4779,0.5108,0.4198,0.5142,0.4952,0.4933,0.4991
beta_l1_63,0.4565,0.5209,0.5084,0.4405,0.4932,0.4878,0.4994,0.4165,0.5135,0.5062,0.503,0.4983
up_capture_252,0.4777,0.5164,0.5089,0.4343,0.5,0.5125,0.4759,0.419,0.5249,0.509,0.5099,0.5074
down_capture_252,0.4443,0.544,0.5127,0.436,0.4961,0.4989,0.4976,0.4084,0.5138,0.4846,0.5048,0.5074
beta_l1_252,0.4524,0.532,0.5124,0.4307,0.4985,0.506,0.4838,0.4106,0.5208,0.497,0.5068,0.5079
capture_spread_252,0.5365,0.4498,0.4835,0.5009,0.5123,0.5285,0.4668,0.5447,0.5196,0.5368,0.5176,0.5067
defend_share_63,0.541,0.4925,0.5103,0.5338,0.5109,0.5364,0.4917,0.5582,0.4907,0.5143,0.5252,0.5012
rs_off_high_252,0.5265,0.4596,0.4828,0.4995,0.4891,0.5059,0.4666,0.5363,0.4915,0.5211,0.5101,0.4856
roc_21_pctile_own,0.5092,0.4969,0.4817,0.4981,0.4574,0.5234,0.4907,0.5068,0.4898,0.5088,0.5211,0.5019
roc_63_pctile_own,0.5203,0.4833,0.507,0.5158,0.4845,0.507,0.4896,0.5121,0.4744,0.4992,0.5146,0.4673
roc_126_pctile_own,0.5008,0.5094,0.4895,0.5198,0.4779,0.477,0.4769,0.5347,0.4891,0.4746,0.5009,0.4825
xs_spy_63_pctile_own,0.5187,0.486,0.5058,0.5157,0.4792,0.5059,0.4922,0.5159,0.4745,0.4981,0.5163,0.4603
xs_spy_126_pctile_own,0.5004,0.5127,0.4873,0.5199,0.474,0.4889,0.4794,0.5416,0.4949,0.4733,0.4984,0.4777
off_high_63_pctile_own,0.5266,0.4918,0.4956,0.5153,0.4641,0.5156,0.4872,0.5087,0.4894,0.5107,0.5152,0.4955
off_high_252_pctile_own,0.5209,0.4945,0.4923,0.5204,0.481,0.5019,0.4841,0.5357,0.4859,0.507,0.5196,0.4892
mdd_63_pctile_own,0.5231,0.4825,0.5065,0.5362,0.4895,0.5045,0.4769,0.5071,0.4979,0.4988,0.5021,0.4799
eff_21_pctile_own,0.5119,0.4972,0.4813,0.4999,0.4595,0.5269,0.4912,0.5058,0.4902,0.51,0.5198,0.5022
eff_63_pctile_own,0.5217,0.4822,0.5063,0.5204,0.4848,0.5096,0.4878,0.5121,0.4771,0.4994,0.5133,0.4677
up_share_63_pctile_own,0.5219,0.5104,0.513,0.5053,0.4889,0.5201,0.4851,0.5082,0.4838,0.4993,0.5148,0.4761
gain_pain_63_pctile_own,0.5211,0.4825,0.5064,0.5199,0.4848,0.5089,0.4882,0.5116,0.4767,0.4989,0.5141,0.4674
new_high63_share_63_pctile_own,0.5016,0.496,0.5132,0.5292,0.4834,0.4815,0.4865,0.519,0.4738,0.4868,0.4988,0.4597
mad_21_pctile_own,0.481,0.5018,0.4935,0.4876,0.5042,0.4683,0.5017,0.4745,0.5035,0.4827,0.5003,0.5171
mad_63_pctile_own,0.4788,0.5011,0.5037,0.4882,0.4976,0.4799,0.5063,0.4802,0.4901,0.4933,0.5121,0.514
vol_roc_21_252_pctile_own,0.4786,0.497,0.4904,0.4849,0.5055,0.4751,0.4968,0.4849,0.5115,0.4843,0.4994,0.5138
range_comp_10_252_pctile_own,0.4769,0.4885,0.4887,0.4813,0.5041,0.4786,0.4923,0.5106,0.5042,0.4851,0.4943,0.5028
volume_roc_10_63_pctile_own,0.5012,0.4972,0.48,0.51,0.4946,0.4831,0.5049,0.5059,0.4925,0.4834,0.4807,0.505
volume_roc_21_252_pctile_own,0.501,0.5006,0.4861,0.4796,0.4944,0.5008,0.4989,0.4946,0.4896,0.4766,0.4839,0.5055
up_volume_share_63_pctile_own,0.52,0.4996,0.5105,0.5082,0.4827,0.5114,0.487,0.5051,0.4794,0.5021,0.5132,0.4698
pullback_volume_63_pctile_own,0.4978,0.5093,0.5078,0.491,0.5041,0.5036,0.4952,0.511,0.5132,0.5026,0.5005,0.5207
accum_minus_dist_50_pctile_own,0.5146,0.4995,0.5,0.5033,0.4805,0.5083,0.4896,0.501,0.4934,0.4969,0.5038,0.4896
beta_l1_63_pctile_own,0.4919,0.4992,0.4984,0.4939,0.4936,0.4769,0.5198,0.4697,0.4799,0.5094,0.4716,0.4922
up_capture_63_pctile_own,0.4894,0.4942,0.5058,0.492,0.4895,0.4899,0.5103,0.4735,0.4713,0.5079,0.4791,0.4783
down_capture_63_pctile_own,0.4883,0.5083,0.5016,0.4882,0.5001,0.4624,0.5243,0.4762,0.5023,0.4952,0.4774,0.5092
defend_share_63_pctile_own,0.5146,0.5091,0.5086,0.5062,0.4996,0.5273,0.4869,0.5256,0.4898,0.497,0.5118,0.5012
rs_off_high_252_pctile_own,0.5096,0.4891,0.4841,0.5197,0.482,0.4983,0.4811,0.5428,0.4914,0.5046,0.5203,0.4781
close_loc_21_pctile_own,0.5253,0.5078,0.4975,0.499,0.4859,0.5278,0.4962,0.5122,0.4943,0.5113,0.5174,0.4893
gap_share_21_pctile_own,0.5052,0.4985,0.4887,0.4969,0.5044,0.4807,0.5228,0.5174,0.4894,0.4883,0.5012,0.4951
log_dollar_vol_63_pctile_own,0.5073,0.4811,0.4984,0.4871,0.5123,0.5119,0.4828,0.5184,0.4961,0.4921,0.4947,0.4985
shock_volx_63,0.4986,0.5096,0.5127,0.5045,0.5078,0.5096,0.491,0.4911,0.5036,0.4959,0.5037,0.5056
shock_age_63,0.5074,0.4941,0.5232,0.5006,0.5128,0.5055,0.5056,0.498,0.5104,0.5163,0.5109,0.5055
shock_xs_63,0.5136,0.475,0.5045,0.5132,0.4818,0.4994,0.49,0.5037,0.4925,0.5071,0.4958,0.4878
shock_gap_63,0.517,0.4827,0.5082,0.5065,0.4843,0.4895,0.5003,0.5093,0.4919,0.5027,0.4949,0.4874
shock_hold_63,0.5066,0.4936,0.4981,0.4961,0.4769,0.5214,0.4746,0.5017,0.4943,0.5164,0.5201,0.4932
shock_lowhold_63,0.5021,0.4943,0.4996,0.4976,0.476,0.5224,0.4716,0.4962,0.4955,0.5152,0.5224,0.495
shock_xs_since_63,0.5028,0.489,0.4931,0.4925,0.4702,0.5168,0.4731,0.5044,0.4885,0.5111,0.5212,0.4933
shock_signed_63,0.5126,0.476,0.5038,0.5136,0.4815,0.5016,0.4894,0.5038,0.4923,0.506,0.4954,0.4893
earn_due_21,0.5217,0.5101,0.5291,0.5162,0.522,0.5109,0.4958,0.502,0.5151,0.5234,0.5042,0.5118
since_spike,0.4999,0.4861,0.5045,0.4996,0.5017,0.5058,0.5078,0.5087,0.5082,0.5099,0.5025,0.494
vshock_1,0.5019,0.4957,0.4871,0.5114,0.5023,0.4871,0.5054,0.5103,0.4974,0.4986,0.4845,0.5038
vshock_5,0.4992,0.4972,0.4801,0.5107,0.5005,0.4888,0.504,0.5096,0.4952,0.4909,0.4769,0.5019
vrank_50,0.501,0.497,0.4886,0.5121,0.5027,0.4872,0.5044,0.5111,0.4979,0.4991,0.4866,0.5047
vshock_up_10,0.5065,0.4964,0.48,0.5063,0.491,0.5001,0.4926,0.5043,0.4947,0.491,0.4895,0.4994
vshock_dn_10,0.4924,0.502,0.4934,0.5052,0.5072,0.4864,0.5103,0.5037,0.4948,0.4857,0.4824,0.5031
max1_21,0.4829,0.5174,0.4946,0.47,0.4934,0.5033,0.4777,0.4517,0.5102,0.5018,0.5275,0.5113
max5_21,0.481,0.5198,0.496,0.4642,0.4904,0.5065,0.4764,0.4411,0.5169,0.5038,0.5283,0.5191
max_rel_21,0.4924,0.4985,0.484,0.4838,0.4869,0.485,0.4862,0.4976,0.492,0.5001,0.5259,0.4997
min1_21,0.5373,0.4811,0.4882,0.5301,0.4814,0.4923,0.5022,0.546,0.4813,0.5097,0.4834,0.4761
tail_ratio_126,0.4962,0.495,0.4729,0.5103,0.4986,0.4849,0.4594,0.5103,0.495,0.4927,0.4886,0.472
mom_12_1,0.5342,0.4532,0.492,0.4835,0.516,0.502,0.4612,0.5344,0.5121,0.5339,0.4969,0.5156
id_12_1,0.4967,0.53,0.5055,0.5152,0.4923,0.4874,0.4999,0.4967,0.4929,0.484,0.4892,0.4907
effx_spy_21,0.5219,0.4934,0.4783,0.4863,0.4566,0.5223,0.475,0.5055,0.4969,0.5172,0.5269,0.4992
effx_spy_63,0.5314,0.4671,0.5092,0.5044,0.4886,0.5139,0.4792,0.5191,0.4829,0.5143,0.5197,0.4643
effx_spy_252,0.5395,0.4516,0.4884,0.4789,0.5082,0.5181,0.4592,0.5278,0.5181,0.5374,0.5119,0.5145
effx_sec_63,0.5355,0.472,0.5163,0.5169,0.4965,0.5086,0.4915,0.5131,0.4799,0.5218,0.5216,0.4676
effx_sec_252,0.5404,0.4643,0.5065,0.5061,0.5056,0.5041,0.4732,0.5198,0.5048,0.5412,0.515,0.503
mar_trail_21,0.5213,0.4941,0.4793,0.489,0.4563,0.5205,0.4742,0.5118,0.4971,0.5152,0.5269,0.5038
mar_trail_63,0.5314,0.4658,0.5101,0.5054,0.4883,0.512,0.4794,0.5253,0.4808,0.5078,0.5178,0.464
lead_persist_63,0.5257,0.472,0.5143,0.5185,0.5005,0.5093,0.487,0.5427,0.4877,0.5038,0.5115,0.4757
lead_persist_252,0.5432,0.4673,0.5087,0.4992,0.5182,0.5158,0.4893,0.5325,0.5205,0.5386,0.5169,0.5203
rank_mom_21,0.5388,0.4964,0.4874,0.4887,0.4993,0.5338,0.4917,0.491,0.4944,0.5129,0.5247,0.4821
on_21,0.5079,0.4899,0.4803,0.4882,0.4548,0.5096,0.463,0.5035,0.5058,0.5168,0.492,0.5067
in_21,0.5163,0.4983,0.4894,0.4914,0.4709,0.523,0.494,0.5051,0.4911,0.5076,0.5393,0.497
on_63,0.5194,0.4819,0.5019,0.4709,0.4865,0.5084,0.4693,0.5148,0.5041,0.5217,0.4602,0.4805
in_63,0.5175,0.4776,0.506,0.5216,0.4929,0.5139,0.4932,0.5182,0.4726,0.5008,0.5405,0.487
on_pos_63,0.5015,0.4776,0.4981,0.4788,0.4998,0.5031,0.4672,0.5081,0.4857,0.5132,0.4637,0.494
rpos_21,0.5151,0.48,0.4837,0.4902,0.4624,0.5237,0.4919,0.5129,0.4885,0.5143,0.5154,0.5023
rpos_63,0.5219,0.4742,0.4915,0.5021,0.4725,0.5187,0.4796,0.5229,0.4866,0.5205,0.5214,0.485
rpos_252,0.5261,0.4628,0.4875,0.5055,0.4874,0.5116,0.4706,0.5428,0.5012,0.5229,0.5177,0.4904
bounce_21,0.4957,0.4936,0.4858,0.4681,0.4697,0.5271,0.4816,0.4713,0.4998,0.5071,0.5233,0.5157
streak,0.509,0.4899,0.4953,0.4963,0.494,0.5022,0.5007,0.4988,0.4983,0.5015,0.5037,0.5008
sign_persist_63,0.504,0.4999,0.5132,0.4945,0.5036,0.5081,0.5031,0.4913,0.4883,0.4994,0.4922,0.4738
log_price,0.502,0.4645,0.49,0.4878,0.5038,0.4814,0.5022,0.4914,0.509,0.4845,0.4938,0.4994
ind_roc_5,0.5033,0.4889,0.4912,0.4908,0.4794,0.5089,0.4954,0.4882,0.4976,0.5024,0.5081,0.503
ind_roc_21,0.5024,0.5059,0.4705,0.4792,0.4572,0.5233,0.4708,0.498,0.5041,0.5141,0.5208,0.5055
ind_roc_63,0.5095,0.4894,0.5034,0.4985,0.4853,0.5141,0.4702,0.5185,0.5017,0.4958,0.5105,0.4764
ind_breadth_63h,0.5115,0.4917,0.4848,0.5063,0.4775,0.5097,0.4629,0.5225,0.4903,0.5053,0.5039,0.4899
peer_gap_21,0.4789,0.5124,0.5016,0.4978,0.5211,0.4933,0.5025,0.4894,0.5078,0.4916,0.4845,0.5069
seas_xs_med,0.4968,0.5089,0.484,0.4953,0.4954,0.493,0.5124,0.5022,0.528,0.521,0.5008,0.4869
seas_pos,0.4975,0.5068,0.4839,0.497,0.4943,0.4924,0.5107,0.5064,0.5242,0.5145,0.5001,0.4886
seas_marpct_med,0.4964,0.5092,0.4763,0.4989,0.491,0.4833,0.5145,0.5077,0.5163,0.509,0.5007,0.4744
seas_sup_share,0.5133,0.5103,0.4942,0.5061,0.5092,0.5029,0.5165,0.5127,0.524,0.5164,0.5198,0.4981
own_sup_rate_252,0.5468,0.4689,0.5084,0.5024,0.518,0.5042,0.4914,0.536,0.5168,0.5358,0.5075,0.518
own_sup_rate_756,0.6685,0.4829,0.5147,0.5242,0.5408,0.5061,0.5202,0.4868,0.5219,0.5348,0.5362,0.5124
own_marpct_med_252,0.5354,0.465,0.4956,0.4917,0.5063,0.485,0.4722,0.538,0.4927,0.5278,0.4837,0.5103
own_stop_rate_252,0.4578,0.5372,0.5144,0.475,0.4973,0.5112,0.4982,0.4358,0.5223,0.4969,0.5141,0.5139
own_dd_med_252,0.5332,0.4633,0.4845,0.5203,0.4979,0.4805,0.5048,0.5591,0.4757,0.5009,0.4867,0.4825
ind_sup_rate_21,0.4959,0.5054,0.4875,0.506,0.4801,0.5043,0.4541,0.5185,0.5055,0.5038,0.5159,0.488
