date,firings,labelled,names,superior_21,superior_42,median_excess_21,stopped,base,lift
2015,436,436,29,0.2431,0.2523,0.0085,0.289,0.2012,1.2086
2016,766,766,41,0.453,0.4047,0.0348,0.1606,0.2009,2.2554
2017,238,238,23,0.2185,0.2437,-0.0364,0.395,0.2008,1.0882
2018,233,233,17,0.3648,0.3991,0.0164,0.2876,0.2008,1.8166
2019,457,457,38,0.2451,0.186,-0.0196,0.3042,0.2008,1.2206
2020,659,659,59,0.3187,0.2549,0.0109,0.3505,0.2008,1.5872
2021,740,740,52,0.3351,0.2824,0.0247,0.3162,0.2007,1.6696
2022,179,179,21,0.1676,0.1453,-0.0295,0.5642,0.2008,0.8348
2023,544,544,41,0.3235,0.2702,-0.0072,0.3364,0.2008,1.6109
2024,356,356,32,0.4101,0.3596,0.0179,0.3371,0.1984,2.0675
2025,1172,1172,74,0.3311,0.378,0.0113,0.3387,0.2002,1.6534
2026,230,194,21,0.1804,0.1461,-0.0564,0.5825,0.1977,0.9126
