,1999,2000,2001,2002,2003,2004,2005,2006,2007,2008,2009,2010,2011,2012,2013,2014,2015,2016,2017,2018,2019,2020,2021,2022,2023,2024,2025
1,-0.004331747893492666,-0.0020210913203470016,-0.011247942974677683,-0.0014016450265115221,-0.007068014448927129,0.007637846494758627,-0.004113309267520515,-0.0004476263216560694,0.00013243308882771032,-0.00044769087760188064,0.004198560865008805,5.587329556822063e-05,-0.005760665221445471,0.0011975778255990388,-0.004305749829368599,0.002156380589006357,-0.003311806077978985,0.001750363026542301,-0.0006961487710871461,0.0005306217470739671,-0.006608400755527821,-0.003976284685166198,-0.010015429158126365,-0.004676094975912148,-0.008936989444358945,-0.003710706450874124,0.004784704359624969
2,-0.017141694902404248,0.009433465294123256,-0.016332013194857997,-0.006307064609391455,-0.010994196444832682,0.01487704339855278,-0.00022430422195207633,-0.004570328829276549,0.00777445550283562,0.0003533499041414867,0.003777156616741273,-0.004684634967730084,0.004260031386934537,-0.0008953504633563147,-0.001580821449859271,0.007942733167775495,0.009863516478009426,0.008344921780908843,0.00013792181969729533,0.00682767782236815,-0.009266251394626002,0.014098945720566025,-0.020275609136522488,0.005213477200913363,-0.0081540682830481,-0.002185177929045601,0.002933426042936116
3,-0.02077928873846635,0.017089533641816645,0.011853333207908712,-0.018501563309222036,-0.023242020765819382,0.012993144490113018,0.005963902551075151,-0.005510771741374265,0.01174401138086667,0.0003207619568421638,0.00035316613894731397,-0.008193579554705899,0.008226610804047407,-0.011045413067883536,-0.001769377085559909,0.0015522523510820285,0.02263782823035787,0.015760245402766326,-0.0025218456793094646,0.007548351778782436,-0.012108935664863263,0.008661535819585398,-0.024140528683254114,-0.0012686351810962115,-0.009712447837197269,-0.004395809810954554,0.008124695829514694
4,-0.02686848209720838,0.012560009873538114,0.03397437141255266,-0.027456348590130575,-0.030534248206688597,0.007574028638700936,0.010946780188215932,-0.004964981231174281,0.007390010116664403,-0.00037882945751777086,-0.002013552134212282,-0.005039283201575762,0.01185269495902741,-0.007356407453301572,-0.004542036567166896,0.003202837869422881,0.04293084349570098,0.009457664609534566,-0.0008477450666743991,0.010295815291805344,-0.019753464259674614,0.011120629650464453,-0.018138494001554095,-0.004768890622611099,-0.010644569267481918,-0.001453269618906461,-0.0024853805790833183
5,-0.026862386950581407,0.01851088837074033,0.03220103062544544,-0.029830654965432246,-0.03327562157788644,0.009258948049651883,0.007824623859216784,-0.0025617694662585233,0.008623355682930933,-0.0023685776134372283,-0.0015830094371984682,-0.006336915326504489,0.0005626083172669549,-0.012519545435555557,0.0020340838219046198,0.0006746985733674382,0.04417994845415896,0.00987301834714871,-0.005336650265299281,0.0075936966948428886,-0.018750168273089285,0.0073625811335966684,-0.021146674892012052,-0.015082450306489803,-0.014400780050941253,0.001250458211367933,-0.007163329897549531
6,-0.024498271117859627,0.025967869042266,0.04388067987760147,-0.03976291757643169,-0.0321105043550145,-0.0024702871631935297,0.011821894114484532,-0.004786914720230073,0.0032344647465019083,-0.006987590834295565,0.004809943228765823,-0.0042361459096306175,0.0014384491349852535,-0.012712016910566781,0.003356483439594049,-0.0007757276624239529,0.05201205256274877,0.010611095279492888,-0.011036973983773235,0.014922228489791856,-0.021563313531099304,0.01704719595319304,-0.023366463173808083,-0.020005861117220913,-0.017957287046090342,-0.01077828525847524,-0.008035948107516622
7,-0.03146589125714294,0.028162638154238584,0.02890311582025684,-0.04181679900232682,-0.03511999892433659,0.00010771911193629968,0.00531594606448027,-0.002755909694541314,-0.0011271653043597452,-0.002327310428322349,0.0021126008259568785,-0.003973400582017672,0.0054703615618816315,-0.012492558996675784,0.0026140045659002187,-0.003211678409683505,0.05119722609426125,0.010913430105178978,-0.012632488104761475,0.009695867823901638,-0.025962502979132496,0.0004117454014194166,-0.024387208579152886,-0.02202614103593248,-0.010890470604820846,-0.014123747691250021,-0.013451854029494559
8,-0.03062512134959361,0.02202910739617492,0.047801842866436406,-0.031908046283670166,-0.04115821487666749,-0.002352158024288342,0.010708011488613556,-0.00249874300041919,-0.003257998269835971,-0.025626355650382404,-0.0007310100447046608,-0.004790482263985818,0.012503018982010117,-0.017318539846502112,-0.006567944344455401,-0.0016949695460650727,0.03198413360598562,0.007117559555747777,-0.014703421367884606,0.020593700212257593,-0.024228687936102333,-0.0008752643408906913,-0.02095845354228032,-0.02024599188117504,-0.01705832951355546,-0.01033393667333904,-0.010306119180726103
9,-0.024861645903178187,0.024369836584376525,0.07784651602472481,-0.024952044805770957,-0.04378935593094757,0.01161391843887749,0.016286582493840962,0.0012585327724194961,-0.00021808151043134494,-0.02198788230983939,-0.0026378540399135675,-0.0060170159262947776,0.00850061754132092,-0.00873206819511807,-0.01051147711467526,0.010025818898159233,0.03094068063190103,0.005290019242516486,-0.018498817254072764,0.025537819461745936,-0.014174141848289357,-0.018212046853126496,-0.009773034113680135,-0.030504594519867312,-0.02122954966438395,-0.010047301909779649,-0.019119902108577502
10,-0.02310036403992488,0.008077311750371186,0.08028052885957138,-0.020817114031145834,-0.04229780154387297,0.0006654065147340127,0.00939542375856206,0.0002167034649525057,-0.008432119270497251,-0.0184620092683091,-0.004678771084755562,-0.011110642292383455,0.008646548588395309,-0.013627053325273475,-0.012547234656230977,0.01656034135307838,0.04159334883632004,0.0028806143188706557,-0.017499846778764483,0.014033081073008935,-0.016029692417567354,-0.015274741401413494,-0.012498273685342842,-0.02728041954860916,-0.021152664642356434,-0.014936049765602033,-0.019676782270523385
11,-0.014347532636598048,-0.002255116194661011,0.06705091043630662,-0.00981677141656101,-0.040467999716201075,-0.008957804119909651,0.007562405246158477,0.0020306317374829685,-0.011632258307781806,-0.015580148712679875,-0.003286418620662812,-0.014255970929718642,-0.00025666677857438813,-0.016378097406158254,-0.011396646405888111,0.026502068043915417,0.03464162484195854,-0.0002581699268805471,-0.020062448409964073,0.019375939296184308,-0.012679350155494595,-0.009347361274969379,-0.014793150523990217,-0.02189354203724192,-0.01462411084368842,-0.018558916726482577,-0.023269894685673642
12,-0.006301052645316441,-0.0015958822440494957,0.0784296056187801,-0.023072379991794012,-0.040577661768142925,-0.002375655709766722,0.01340377394487069,1.1453021563578858e-05,-0.018268438025741962,-0.03434336580786035,-0.0009571761193860606,-0.012230350162410475,0.012337111316120586,-0.01614545646440524,-0.017195185841668126,0.02636651550254454,0.024794186711319277,0.0021786627783046963,-0.017714995875100614,0.01225300234182658,-0.010768132213120452,-0.009431165847522904,-0.022810852626462763,-0.021889337045351676,-0.010684810433018499,-0.018281165805016264,-0.00883534998730473
13,-0.011856960325493326,0.008319245385421725,0.06556851350030435,-0.0155627032218143,-0.03398073180168326,0.00221867107218654,0.006661702673821601,-0.001260355459199558,-0.025177340876541,-0.025152483188501162,-0.002663982885498184,-0.014089101895227607,0.008998597880004233,-0.013782133953124553,-0.01415039011028607,0.014416545652906176,0.014796393119032691,0.005570789615740868,-0.02118713083057655,0.012042337485889343,-0.011543570341489673,-0.008599941358568453,-0.016114707833072783,-0.03829042796789717,-0.013275368575710433,-0.017506190502006747,-0.005095563468911379
14,-0.02856785202795664,0.0004969066904896291,0.05575628313068526,-0.01217997645440383,-0.040375561261228654,0.005733812953607975,0.013832765679111292,0.0005744099257505297,-0.03188137318286188,-0.03471844862367712,-0.005237880337769507,-0.016100474907348117,0.010835768013685465,-0.014553608502753668,-0.020484027227255175,0.011498387416266409,0.019256517880783086,0.009267234208697461,-0.02278650484208622,0.011469549713343463,-0.013493787725095019,-0.0018164397427675727,-0.018508553348703716,-0.03558524191298407,-0.011991081176544238,-0.014773753875169215,-0.011497375756092887
15,-0.03492435021833962,-0.009558787429116755,0.05738678900217509,-0.0036919701890295586,-0.04566567154496004,0.008466604429284486,0.0076518623531276475,-0.00010191259082559245,-0.025290655930151895,-0.034996640520914,-0.0038006094163438586,-0.01757201893191518,0.010089206433914422,-0.022843356445437557,-0.01921996547438576,0.006384484521734901,0.015738928418571385,0.010855244643691808,-0.023469995419456935,0.01373880254204507,-0.009364728162481017,0.006287738209279858,-0.016122390967460487,-0.041078627828313063,-0.015468395042857352,-0.013874119501675386,-0.0007224786210143774
16,-0.03768773117463642,-0.005560985816007835,0.05893297798573416,-0.0017204862824630185,-0.04258129181204262,0.0008685855778438611,0.004051676374468904,-0.0037572196196296037,-0.020024374594021954,-0.03626660190053854,0.004307984634207562,-0.018489817697412536,0.01807223290239035,-0.019952584384701155,-0.017583077197198538,0.00039097056896308935,0.015574085757314338,0.0064495493040539476,-0.023773390288832408,0.004661772110647222,0.004970074518799272,0.0234532170818198,-0.025160544892987247,-0.04535122499949218,-0.01938482769080785,-0.015960944199345684,0.0044510961958565964
17,-0.035777178922835606,0.008513982098005135,0.06434269257667147,0.005367437178454226,-0.036815355982179665,0.0016778676608555365,0.00587832928349763,-0.0010429072312039267,-0.027370754737269798,-0.04260244985813055,0.0038603323456982697,-0.02130765356342701,0.015020190825929092,-0.019238193435375694,-0.015188065927844385,0.005340797439714162,0.014433745518114272,0.003885609137722401,-0.028091166411297386,0.00845840545898291,0.007824082394776388,0.02460197671751496,-0.024849024733937797,-0.03165021487219366,-0.02097783490426619,-0.019958578237755042,0.0006474334029622497
18,-0.03245570745856974,0.02255481983086316,0.07441783898416232,0.017048592652997296,-0.03378159963586114,-0.009907991219636036,0.004346123557216197,0.004869317526453809,-0.03263997216144199,-0.03811902155343583,0.001611413498076475,-0.022300935852814452,0.019393553369861705,-0.031685295006484426,-0.011465059813728029,0.0016823319170946593,0.0037782159528143566,0.007197820102943009,-0.02916337592562035,0.012362750596947691,-0.0017757693720902301,0.020445790611813397,-0.024234660808545416,-0.035415719865660944,-0.019842883779731646,-0.01899063689482161,-0.0059836241270671
19,-0.027568860363899383,0.026853140222174998,0.09097486113862807,0.0194205079219798,-0.039575510164060246,0.003874909133700255,0.006928261982287243,0.004637569031228361,-0.033231132161224974,-0.03651160437768319,0.009946435780244123,-0.020582142839200124,0.0308753585846695,-0.03503906178412208,-0.008617230122819008,-0.0008985534329184475,-0.008651826269772123,0.005919293255291169,-0.035020085744001284,0.010889032056463188,0.005680447976313507,0.00497327615469545,-0.021868526525466003,-0.03722898003732755,-0.012267347941270268,-0.014105489100421864,-0.008526994627733542
20,-0.031186425741249635,0.030680635864237304,0.08948840533649238,0.03073719467273417,-0.04506241313313286,0.011943197564404429,0.002751088017076908,0.0062570663909577995,-0.033850682492220896,-0.04451540285595612,0.017501353958951915,-0.021346515518551268,0.03310596749954797,-0.03114848666867831,-0.009838846655623845,0.005308132916981734,-0.004215916606710279,0.0042148912623851675,-0.04107934923598067,0.011079677760902573,0.009399971299363097,0.002893567607608283,-0.02417953045302057,-0.03515747657625934,-0.020303616092073762,-0.006981395911159205,-0.010696199944267626
21,-0.0401621023812726,0.05359274599865538,0.07626080967918702,0.020644349851749233,-0.04400400922365544,0.010148114633128147,0.0016262120015702042,0.004801669753597304,-0.036127574361040415,-0.040812458816756325,0.01607378708657725,-0.02058263453143816,0.02265818461596303,-0.03035781960270123,-0.015536914147387226,0.0002484830890254752,0.0008087750969709706,-0.0022317738843075086,-0.03758304578877947,0.013062279553891942,0.00749772669719917,0.011907661102630973,-0.023717327991985337,-0.03970304464475838,-0.021310157278746633,-0.009964432115904476,-0.01905449537359183
22,-0.033544370841845694,0.0502710733220586,0.06457185678475907,0.033105329970577246,-0.044643332650221135,0.00956636662652044,0.0017517566574627441,0.0018167462269405021,-0.026497323162111952,-0.04010652055249664,0.01895630916929858,-0.022950006778339027,0.016996133119840273,-0.023086406907300683,-0.014640371049689294,-0.00026814397804475476,0.007366258865260988,-0.000845919806989115,-0.039175832052098514,0.01099748824868696,-0.001435062860437708,0.02562918322089991,-0.020150874154733822,-0.037698794129715774,-0.02130354366781395,-0.014265361337987614,-0.02320887294317131
23,-0.023450497163179485,0.05292245827002229,0.07116558964839759,0.03832034875540513,-0.039584451686325184,0.01577412683334778,-0.004353025986516212,0.005996413190436867,-0.03301038718515159,-0.03904120044448667,0.014693893672395264,-0.01860968543444741,0.017679414030342233,-0.028631760925104777,-0.022711640162309643,-0.0014179311466041566,0.014268125802903375,-0.0014977841433014838,-0.04168542360817162,0.006064684503869211,-0.005547915885664945,0.032551467743780815,-0.030634124001151064,-0.044729269081069334,-0.03296229890955371,-0.012625393954440622,-0.022334982297667838
24,-0.028831804311640008,0.06024878233983144,0.07554727880822498,0.05090736099402493,-0.04850991652942349,0.004166998610514394,-0.005206515905506359,0.006558998191166676,-0.038558535084987966,-0.0332473437755908,0.014530118792556612,-0.016909782801462825,0.019886535759413126,-0.027683892887559902,-0.028770827640790086,-0.00484578543627423,0.02267433374621941,-0.008048181778693486,-0.04229659158940835,0.019450444337701267,0.006932156020754032,0.03180023488961736,-0.02489767711874702,-0.04943085131710967,-0.015617642350584382,-0.006338731915237927,-0.025224957088476052
25,-0.030531190924707352,0.057708669530466494,0.07545485013668696,0.08147640514406573,-0.0528624408928684,-0.004439775788220968,0.0005694449721771466,0.008676151229432882,-0.047112405092398446,-0.02611070546716243,0.011061383879854336,-0.014511216120582926,0.021921062332046937,-0.020329813085560033,-0.02512329593802498,-0.0069949629461963925,0.01949438283909677,-0.007660104781349375,-0.04782900816677538,0.020108794946068542,0.024745447029341783,-0.007112798020251998,-0.030553881758117463,-0.04820480106595448,-0.005509463550488092,-0.0007647846743872311,-0.02046088251101208
26,-0.0315192519866363,0.05814822489616067,0.0823130331361539,0.08028446555081548,-0.05289441092344982,0.007173018172518919,0.002377969851960815,0.004239720268793157,-0.04853741313820081,-0.02339942397301298,0.009017457516299565,-0.009810310575988024,0.02211019251885249,-0.024676646988259554,-0.032745714456751895,-0.009169082818621055,0.015825581342007178,-0.009782402906272303,-0.04460465332531538,0.017792220319527985,0.03165604263216992,-0.008519518717217234,-0.04713692355823729,-0.048822367489271046,-0.011707184717307806,-0.004019531782110786,-0.023058284579620336
27,-0.035771623869755076,0.05697291978767205,0.08518096088086025,0.09056390533862535,-0.05456228205265323,0.008785661199537165,0.003626412562251824,0.0039427813056567285,-0.051951474042858714,-0.03274702466235668,0.005620406373695763,-0.007790869695771585,0.025364824953739706,-0.031023631820251918,-0.03320868920009412,-0.006281557272628802,0.01758215351075343,-0.015237653648369265,-0.046422622385041135,0.017502823697326253,0.025946115682320636,-0.020883212833360698,-0.04873087309647206,-0.05047289423176149,-0.012455489454127333,-0.012816564999064028,-0.020009705409447576
28,-0.03743219606216397,0.07169939767555134,0.09109523827063182,0.08151480972220204,-0.052767177222979744,0.0036804793264269,0.0033026739680377393,0.0070796260439860426,-0.052788228564275674,-0.035204513738234855,0.007389482880922005,-0.004104443716273054,0.01954303534458557,-0.03489436293887627,-0.03401457196109292,-0.002435587140297235,0.014889558715153406,-0.005550838962711024,-0.046649067774671926,0.006646031440609823,0.03756034642637096,0.08227424284850615,-0.05027688842304823,-0.047997500173481145,-0.019522507245218756,-0.01101060806369758,-0.021082142676261295
29,-0.04486194283581746,0.07123163487425033,0.09326173262970139,0.07383262915146771,-0.04821239652744502,-0.003934641813914341,0.005382011709974099,0.007742255712401613,-0.0471731207395073,-0.042194083748567035,0.003866676001720748,-0.0005810460864915656,0.019661793314202702,-0.036458843242028305,-0.03867696064694648,-0.006653871402375167,0.009439706643298074,0.00967617408533128,-0.03456625256946266,0.004825101645070218,0.03822776422116925,0.09824961670921684,-0.04542936072407566,-0.019717188744761693,-0.030544573615959414,-0.02353430787017885,-0.030786176189115944
30,-0.04762030425667263,0.0774977252027873,0.09518313224506869,0.05797663416347554,-0.0455976285149452,-0.002379836069493435,0.005491894469437764,0.008965387498467203,-0.03382333288391759,-0.044016064300131164,0.0037447410085944544,-0.0013719372992789802,0.019537860179100974,-0.04414415985950404,-0.03680375061188679,-0.005441308994280192,0.0013151987776243157,0.01157063822497384,-0.032212056653919796,0.003610410324524471,0.03168033510081525,0.06723502277601301,-0.047862466994272546,0.0051720438642852695,-0.04145784567732247,-0.01911943926155457,-0.023012995315361717
31,-0.051527676136277734,0.09406966153758267,0.10318891110647388,0.06882691121119966,-0.04881499201696016,-0.004400001460868275,0.005071458520281569,0.010912914332950052,-0.016064779863004697,-0.050364866475452796,0.004344736922353043,-0.0030273896735925065,0.015545634418321574,-0.04226678043333898,-0.03962648238591426,-0.0015442676859726001,-0.001442242533428617,0.01932159985758064,-0.037648129107299866,0.005943297412695392,0.02667496735597763,0.05456046021092842,-0.04676025677106488,-0.0072385161190364755,-0.04177694622049,-0.02482700265113591,-0.024447689184697308
32,-0.05094384166704513,0.07790074499712096,0.11478281634402632,0.0727625816543116,-0.047115367790283136,0.009460503397833886,0.0027930928955051115,0.01352801312844698,-0.015430580435289332,-0.053618184419701675,0.0008617293914290336,-0.0034973048356429226,0.015564329380648223,-0.04014123309200224,-0.038138103034021875,-0.007102016788734344,0.005434163800906777,0.014785793529078939,-0.04215275148156472,0.009108568129601258,0.018745382843668557,0.0708088074072224,-0.046580722050285295,-0.002923136379762381,-0.020549124204867764,-0.02628374848400339,-0.011063390136403783
33,-0.04940520995867381,0.06728576412157339,0.11610986882636665,0.08505986050872116,-0.03883400073325449,0.014126911043486512,-0.0002770314376646654,0.0172837906688188,-0.020124445206253117,-0.047961083742514066,0.0007729013263977347,-0.0032869552760362852,0.017995766492730825,-0.048085529881677136,-0.03619038858425627,-0.004605873057157428,0.006321039547342089,0.013947033803469955,-0.03963971165140334,0.012572982954928147,0.014768208228349344,0.09305562797448808,-0.04811121674353647,-0.0139763055443195,-0.011441547865224333,-0.02602427625490289,-0.013628874378955547
34,-0.05762378276619129,0.07148585059359625,0.1100567633260916,0.08489774446347287,-0.034743451182633,0.020753821880388212,-0.003575338879316492,0.013426472045611204,-0.020352522245431492,-0.05248537909803308,0.0011622133741542306,-0.006927626056962843,0.016282590156947885,-0.0441963643576333,-0.03772764482868152,-0.008555523926669029,-0.0028160519034966525,0.015734403260430962,-0.04024228414634656,0.007608092532159105,0.016388031198527386,0.09515273539970592,-0.050558653060703285,-0.022017945109589987,-0.016940297145542016,-0.03421391130549423,-0.013122005407120607
35,-0.06131331101977944,0.07638028578489187,0.11501708670578892,0.09518346513063514,-0.029550392874476028,0.022860645049705974,-0.0011477482044914833,0.014322590356802722,-0.03009545774662825,-0.057031887330734166,0.0031546306438501315,-0.0078007333520008215,0.017898604162606357,-0.04996499010330224,-0.03919379956536184,-0.011345783418045374,0.0005414114701962625,0.014916341857083237,-0.030684275738395272,0.0062360431705423824,0.010468859204364245,0.09648682327782665,-0.06598866669872094,-0.027415733950494348,-0.014089045451442406,-0.037679264290183645,-0.012418450535847336
36,-0.06209627283081465,0.08750982452315204,0.12156363009026716,0.09493987871910048,-0.029827683827931772,0.01677099252156311,-0.0023494027546906437,0.01357811321843605,-0.03223555091059371,-0.06049432736155669,0.004591715118189343,-0.009838722528576427,0.014068726506284879,-0.04713845379921877,-0.03686718513401788,-0.015653499529263093,-0.0023394058031616094,0.016541886801205052,-0.03455931673714796,0.01569632058977155,0.005971534394160427,0.09017528918983064,-0.06204271549804219,-0.03108569931623839,-0.016193658420339818,-0.04218530896305306,-0.018709518198417485
37,-0.0652832262292693,0.0879526862403901,0.10639734115256916,0.1092946467625977,-0.02658195617053094,0.013546415269357182,-0.0028400988867353094,0.012475023346582237,-0.03962519505918205,-0.059763003943462234,0.005343389233675611,-0.014650560992989337,0.008694056986424226,-0.04504045079975061,-0.03918045803061565,-0.009588258376240888,-0.008565494237062543,0.01607331506337606,-0.04155810568636831,0.019283709633267643,0.0029644386011709045,0.08705091352609462,-0.0697549378833926,-0.03548202265492639,-0.024209673615126603,-0.03849558180475676,-0.00780123008037481
38,-0.06324947725032382,0.09840706460363657,0.10805241000702304,0.1349542573247393,-0.03131477809957428,0.005585790894768516,0.0014293706074852697,0.012875951196736457,-0.036439758970177594,-0.0680271863940588,0.006289575962107996,-0.015242884130814316,0.005487745899395158,-0.042310064467091735,-0.04431077752780066,-0.0082679140897568,-0.008745215480957413,0.01647196322525768,-0.03399601211160985,0.021539585186383325,0.009034551348376052,0.10303305077222302,-0.07902541986852607,-0.02820480051425367,-0.024012249264989016,-0.029648020058925306,0.003385253188539661
39,-0.07307941171044463,0.08729615166053017,0.112145281411139,0.14541918742004079,-0.03636698850179043,0.008253697285971695,0.0001741754392361461,0.013195132394668407,-0.03348928363066894,-0.06533886143815959,0.005135305587933958,-0.018109832187347186,0.005277471867549677,-0.038719528656812274,-0.049928356231710436,-0.00643586553527542,0.00014969438129619483,0.013653637018689935,-0.03544169119743601,0.022151234908456052,0.014410723576184115,0.13526978959267155,-0.07587851288096048,-0.030043588874005378,-0.02083779878122416,-0.02503982030452212,-0.008897802338332483
40,-0.07624383757686126,0.08830797386373024,0.12413231464795849,0.16235728138607897,-0.03965307405861318,0.005248006824447815,0.006211226097903699,0.014530585273035301,-0.04273388683015644,-0.05950786243127548,0.003556264656987995,-0.019510285476191713,0.008152354392968464,-0.03842569362273762,-0.05139910836199857,-0.006918532018406087,-2.4250582434603984e-05,0.009866952370110704,-0.033794514236420214,0.01996065465888286,0.01848201759182233,0.12179382470270284,-0.05951846470140476,-0.03175575017585475,-0.02607863242939923,-0.013634570748890518,-0.0021239967453228203
41,-0.0748512298889894,0.09825494754234354,0.12973391179257376,0.16006771387642438,-0.042649106566860495,0.008157475218466104,0.004663560575804304,0.014485798798612892,-0.044058960236779354,-0.04683796577670052,0.0031404097996239333,-0.017745854927545546,0.00664396554836677,-0.0324911282892435,-0.05479060189964091,-0.012105853397009647,-0.006216082007418411,0.004772142164727766,-0.032788497355524804,0.01962680934387806,0.009566571737627205,0.10579334164047327,-0.06986769421517958,-0.0314902712741173,-0.017313393424414736,-0.025503401727398956,-0.004186503148525866
42,-0.06468921968266184,0.10822801582799269,0.11585115773432486,0.165235649450036,-0.045211694065407926,0.002983624826246478,0.004790565378225642,0.014352101188778388,-0.045683450665469416,-0.038898216921328665,0.006555590681212697,-0.017948885357084277,0.01690965651005416,-0.034558791170411274,-0.05321449286014701,-0.019693769296938335,0.003383532723152838,0.010933826491630771,-0.024313840253939234,0.01283597799464431,0.009611354140326211,0.07838295911843729,-0.062487274917121804,-0.02624509576649925,-0.012051990823110481,-0.01590432061221214,-0.008199304094559712
43,-0.07558847386709067,0.11676859215507296,0.12140630305884192,0.16859485816347441,-0.04531035085601809,0.011936873145649951,0.005827076365019446,0.01787196882733677,-0.04932946796835713,-0.03165134609660214,0.002588458962137219,-0.018517933175148826,0.016756601944332594,-0.03422446295890291,-0.051788903905358286,-0.018897456673010127,-0.0004938913790585309,0.01960694891363568,-0.026714645111769908,0.01190756951727967,0.009558185455719403,0.08680144451841976,-0.06700928651291682,-0.018508864016653748,-0.019907920344697683,-0.011624102552462712,-0.0008804691115902319
44,-0.08156494891405364,0.11421151086717751,0.11532136835973383,0.174536935845367,-0.046779864679385774,0.018265055760688487,0.003831950469546319,0.020254777067244323,-0.044191039870078996,-0.03675801996751504,0.0013562084743328207,-0.01376899347073024,0.019899548791229238,-0.0262638480505899,-0.05713559823447856,-0.021972072243343743,-0.005357666883271106,0.015764394561528672,-0.023217851365373465,0.011570637027229047,0.013136960720572688,0.10572647141256009,-0.0790263809661681,-0.01943569622782715,-0.00497881858095528,-0.0043421519258248775,9.62372259207811e-05
45,-0.08568961924633889,0.12560418995659606,0.10569051413905095,0.1580029628473949,-0.03818581778426222,0.02138887856561622,0.00262862665284902,0.01544018632016142,-0.04789968333168715,-0.0348431856315925,-0.0019298212624653255,-0.013085363529833027,0.02379290895232522,-0.02135444835586331,-0.05766323261677009,-0.018499528750722694,-0.001182104798731598,0.019514406661599093,-0.017953039702248152,0.008069580352674022,0.008977868798391686,0.10661848709593524,-0.07769595219401138,-0.016098856163486497,0.001292758442305919,-0.009943328270588414,0.0033413685907603963
46,-0.0952474918649977,0.10579637283575005,0.12130549655978795,0.13511101051411356,-0.03298234219195184,0.02165003993942083,0.0031583090626179366,0.014185418575720865,-0.05031949697686411,-0.03140336180216419,-0.0014069121889760394,-0.010934663344978057,0.025145464562206454,-0.019025484309105556,-0.04974532823164857,-0.02339735105214802,-0.018015540658924967,0.024741182349512503,-0.01885586998041411,0.008170573701834494,0.012668536330807001,0.1187547087081875,-0.08041243394698916,-0.01999605551920669,-0.005630721615605738,-0.01247998933192851,-0.007249443770589004
47,-0.09467426685231983,0.10661431483841088,0.1459324442012777,0.13069746730359788,-0.027856593857807477,0.023643047689625885,0.0070724696751496285,0.01722174525077036,-0.05186928061986351,-0.03295423298771272,-0.0015916002273909102,-0.009703263157976538,0.029769698153438773,-0.018126022326097613,-0.04592309154045826,-0.02167510091001834,-0.030302214190454313,0.028635644861991327,-0.023818702059066887,0.0033788804134715633,0.011089190298216645,0.10395008964529495,-0.07804415631179473,-0.020011197626826682,0.002095912001727207,-0.01670383462647196,-0.005797675139174729
48,-0.09564549795378352,0.10072407069437972,0.153036629493297,0.12454000026093448,-0.02581672325890616,0.017655392446284113,0.00148894137264044,0.016784993312043195,-0.043983728893840834,-0.02385943637336585,-0.0015952288643328316,-0.00771847702673234,0.02286748850679654,-0.014779597355075058,-0.05495705205927304,-0.024951562814537587,-0.037977054594973914,0.03375631932053258,-0.025783441768234328,0.009850030622559736,0.01757349495569005,0.10090417635880455,-0.07248682004951368,-0.013364931227301757,0.0057565846751677086,-0.010740159646195124,-0.012157144040094492
49,-0.09484795515230449,0.0910906604875028,0.14741567107668896,0.10561707972899592,-0.01804153712568446,0.014861743238099523,0.003390934738928486,0.015954019216445348,-0.04065758614558457,-0.011878171144339644,-0.004619303038658873,-0.005902358136071761,0.024438092792539168,-0.00873280988266334,-0.06026891630893505,-0.017242706801079533,-0.028072904749873118,0.0328062853825839,-0.022659475117030703,0.00399086283370953,0.0183568693679812,0.11504476473602865,-0.07684158879152947,-0.008867189342019244,0.005891483954029164,0.008776993597677807,-0.010764818022477973
50,-0.09714851647467182,0.08249174959773531,0.14571368323662703,0.12026198773679053,-0.010737301791495235,0.013815843025694496,0.0017825289281441226,0.015536186887934234,-0.03508102866316509,-0.013713130449391375,-0.006237652529267446,-0.0021126922574077334,0.02266335356073146,-0.0056246199493454885,-0.05416663002488242,-0.019319491132639754,-0.0247737680249418,0.025443504026974262,-0.018799758226580643,0.0011271288248684286,0.01923984757260011,0.11523800097749737,-0.08352701001665896,-0.013005152473370973,0.00020405752665952903,0.011005242427692519,-0.004015982919392536
51,-0.10443688952101593,0.0931161543765453,0.15568866966339856,0.1208979242015269,-0.015411708725187045,0.010214638864067815,-0.0003101643494293205,0.014872795698158248,-0.03870371150856389,-0.00887871209929536,-0.0036176584575846604,-0.002558998712781424,0.017981286739777946,-0.0019975283257811505,-0.05453888801987383,-0.019660634785537923,-0.02934105183335467,0.023764227510568947,-0.01852723442966775,0.0002237758908389953,0.01933003984375148,0.10879110977812956,-0.06793492283862468,-0.008645926102720525,-0.006819847881563756,0.00864777265740857,-0.009177774811097161
52,-0.09566602575944894,0.09344387750842476,0.15818396662549317,0.11753280217977857,-0.014464510307157674,0.01407089044708787,-0.0030073138767907626,0.014671253772537307,-0.04741787804870534,-0.014498354933974889,-0.004094414115,-0.00043369663175973905,0.01732511371980716,-0.00022685668527155922,-0.05663956753773025,-0.018004001201546993,-0.03834393042276174,0.023068703169307092,-0.017239709157575334,-0.002585874594081994,0.03334017089267527,0.09937160613655904,-0.07140167353165117,-0.007008205021223901,0.012211789555460761,0.002110393944587452,-0.0012364878217449027
53,-0.09758775140940357,0.10060169797751417,0.1400424963270388,0.11143656386567047,-0.006890071828167699,0.011900134882425695,-0.0005135327800707135,0.015280927448808379,-0.05199511769301435,-0.01389913912362184,-0.002605175048221775,-9.545376176922638e-05,0.01949824664437738,-0.008206270165416307,-0.056339535611305,-0.0171876359777845,-0.037412228789108326,0.025624692951757844,-0.017454024301070903,-0.00040851384109830136,0.027369609741749068,0.10130624218450013,-0.0721893042464884,-0.014885558452151448,0.022035923110258926,0.0016046319468394632,0.0015584687155689725
54,-0.10962873665096651,0.09750938990949742,0.13404580312295122,0.11255238137694978,-0.00825188534194421,0.009456696325180758,0.001842502598092599,0.016302720928831338,-0.05601740887381279,-0.01773207364735252,-0.0035492322980911206,0.0011919060434670836,0.019971423584826287,-0.0048903692880958305,-0.060893577556983214,-0.012814335858635784,-0.03939027481271862,0.03022947912026197,-0.020773181895581194,0.007848347914486409,0.02839049292940765,0.09421323720453856,-0.06622442932178563,-0.015310960498115866,0.01660496541791745,-0.00047797970959861935,-0.0005592733735330091
55,-0.11440247292087291,0.09682540851370858,0.13788813057035698,0.11795074737346867,-0.005530345318989771,0.006407746808968273,0.003659980271385921,0.012425522229241759,-0.051488126407390755,-0.011607103073388081,-0.0009516839535625987,0.004560661256862941,0.013183198145949815,-0.008211839747521044,-0.05951304756941478,-0.011859777761416335,-0.04203670937275461,0.030153032746184527,-0.018455725065148476,0.006638780840783731,0.03235201018183753,0.08241071016626611,-0.05073721670395881,-0.02366394516493453,0.008954719625690055,0.011567207573078164,0.009186436741236426
56,-0.12095799805899787,0.10357496894801876,0.14411879190067167,0.1068842080799528,-0.0058216643515375255,-0.0005379066936649357,-0.0013971452943694063,0.01011259634164019,-0.046607571439058804,-0.011001907441467673,-0.0012784120661316623,0.004532403548846542,0.019429222093092058,-0.01572915338766656,-0.06773179660202133,-0.0167702956680148,-0.037262964975125934,0.03083425072733914,-0.019153994655988105,0.005433130421991672,0.0354169704403553,0.07161291687561855,-0.04709683577569901,-0.026203523363855563,0.012875433063179731,0.014697065410055776,4.6314920318923924e-06
57,-0.12905864760156793,0.11718906782318794,0.13327659099020073,0.10319271176955347,-0.006586753772228171,-0.0014554937816889657,0.00013818533050713455,0.011725867204966045,-0.05265779456233122,-0.00599840923800099,-0.003336800447963917,0.006625348887651539,0.01821418606090175,-0.02019472949964285,-0.06526703704729597,-0.015138954029683793,-0.03955272066520488,0.0310171867477933,-0.018382402040354573,0.011473399222603042,0.03447009956354541,0.058904192717713855,-0.061755414277066656,-0.028149733578631153,0.007578972380823723,0.002215955300503003,-0.013088028445133237
58,-0.1252352419515399,0.13006547502703625,0.11562656480503297,0.099546476532961,-0.0026980700862414553,-0.000381684736455723,0.00016721278155196195,0.01245179837947652,-0.056836552424473274,-0.013113563571924614,-0.005300367847718923,0.009926962845460796,0.025618843902860844,-0.02289169873605812,-0.06276998196739603,-0.01610093539051316,-0.03244013182941774,0.026156692167582207,-0.013666537874161278,0.011893742066436008,0.028937750253985595,0.04105094740449111,-0.06944376083133463,-0.025259057056689405,0.01002825369639515,0.005744988318267641,-0.019893241418815655
59,-0.12522315163814024,0.12579566954434873,0.12363821257194063,0.09888630524481812,-0.0032310571586908754,0.0018080971787286515,0.0008573719530466928,0.013165664626961782,-0.05761268243556095,-0.01593937920636168,-0.0041149848601995664,0.00984457493537616,0.022282214021185798,-0.015601429836998304,-0.06124680034668062,-0.013319810526989384,-0.019427455922711112,0.027632353644652552,-0.012016442990715692,0.017884457861680803,0.03483003980405175,0.06133073283796131,-0.06916534352867276,-0.03276858952433137,0.010799742315240612,0.009770570799932043,-0.023850460420144715
60,-0.13225071289804236,0.120242727313574,0.1218990865827565,0.09833928050287777,-0.004298829326502718,0.005258421444570116,0.0026646980587581304,0.013658702822299862,-0.05777239179166216,-0.015766055441616245,-0.004387088896984581,0.011570731410164514,0.017902341930758237,-0.019827372963742596,-0.0578347453703244,-0.014459111119484724,-0.02022261150002258,0.029249331245452703,-0.007028854558384867,0.008419257241901734,0.034419928075295925,0.061098481395342574,-0.08250589832576427,-0.03727101491945484,0.014580135318498222,0.012491685488097648,-0.021743390267035534
61,-0.13495419617363902,0.12159526593877179,0.1292106165114264,0.09676463914837141,-0.003113100595841245,0.0029781117016582925,0.0035924857987048586,0.01223331982874254,-0.06090338248457128,-0.01651956903830254,-0.004282348891095911,0.011344974973058308,0.014933325536800712,-0.01801770707071193,-0.060555839644262144,-0.013459485805827676,-0.031058657021557634,0.027489982597796114,-0.011028253340619854,0.00572225367201229,0.032476055329271114,0.07095716076064584,-0.08497675354249667,-0.032720837200531205,0.015052575324525863,0.027099794269832334,-0.017591462110300937
62,-0.1371988226640768,0.11732564775822696,0.13352956588665377,0.09972620015654843,-0.0025415971622393396,0.008049314997586654,0.0057320986997877466,0.011910144529091893,-0.0648388329448335,-0.020337067820682453,-0.0036232855156153043,0.012007019607682023,0.01813588156767887,-0.013110516218496904,-0.05432803664738162,-0.013177186607331803,-0.03332327390792034,0.024180965442169855,-0.010837295847508921,0.0066035895072795725,0.02938066370082204,0.0721148353660741,-0.09025258096996425,-0.022701175700399867,0.01915431683253721,0.03333315282999472,-0.014477093274439357
63,-0.1309092704548347,0.12587224503389383,0.135266380192838,0.09475328193473276,-0.0024328292823020403,0.010918962126996279,0.004813828826283562,0.012168374936704973,-0.06976508837272233,-0.022150255916114414,-0.0047011895757063105,0.012626613999474845,0.02073675516333462,-0.012906179992201006,-0.05511029123880373,-0.011027619593789395,-0.03656715053894699,0.025285739750535274,-0.010990264405045469,0.000389261784429884,0.03252178000496575,0.07192189945698124,-0.08001865560202415,-0.021734595740675267,0.012853765105739878,0.03354943048091963,-0.01234521872297778
64,-0.1386219083625223,0.15556891514521975,0.13196301566450397,0.09777101301923574,-0.00441920339468016,0.012277294957504514,0.0005809871881168327,0.010387075274789881,-0.06419461367344581,-0.020109413068378656,-0.004289202822236993,0.0135837109965109,0.031948526961636636,-0.00832780195029359,-0.05434363238631523,-0.005632729674429515,-0.03088708449877864,0.0302885731852518,-0.002186609957005925,0.01415114224102143,0.03689870455664379,0.07630760836936523,-0.08239730322678163,-0.004847719735870948,0.01797373050717832,0.033637656276137795,-0.011590596970643907
65,-0.1354806122729051,0.1547561117941425,0.14399443316498783,0.10813790608190343,-0.004293369276848313,0.009824814989134456,0.0015514466363550916,0.011538449829078257,-0.06721582792216507,-0.003299240120421598,-0.0030574191959195085,0.013808599429988355,0.0330847550754918,0.00032324774336545126,-0.03956303757029189,-0.010536564670612591,-0.0186501858729069,0.03412215886891268,-0.0071522074499915655,0.023663989069577784,0.0327262527827612,0.07269976119473842,-0.07582838190112118,0.011336136505538885,0.009237457812548477,0.05002109430076751,-0.01717595194056576
66,-0.11777575226027004,0.193180773757486,0.1637337724349497,0.10804020575294127,-0.009995557188467452,-0.0023541079340566595,0.004542955246446656,0.015095510842835225,-0.07883314631078842,0.006910836399563358,-0.004960250227526886,0.01323773237999415,0.034891965958737226,-0.00025895247256013665,-0.041679571848199815,-0.009773188357721674,-0.026474719346479825,0.02890724009464174,-0.008681888372200297,0.02250114016111371,0.02944356884737731,0.07706277578288656,-0.0888877355234704,0.00950316108740168,0.012264181974584787,0.06092510701570397,-0.022227640908418778
67,-0.1134266208070287,0.20444638014693362,0.172592058143757,0.12296709480398937,-0.014524134689491874,-0.0022151977624741415,0.0014652246102970778,0.011900146260551026,-0.07969929682913801,0.01929445633873339,-0.002084901935979988,0.014950197696097955,0.03636098923867048,-0.00617206321816588,-0.03701639974576598,-0.013746319074110058,-0.03791477416788569,0.0262838089240498,-0.013608914763811653,0.026688723619875843,0.030255476377818002,0.09675951384398229,-0.0880358941342253,0.005788699142501352,0.011627532495243065,0.0714657874955218,-0.018762905348688297
68,-0.10331788688767307,0.2015752002554423,0.16682482589867753,0.12904798047957278,-0.017610881603652206,-0.011472785281671394,0.005967622374601023,0.011543166305507446,-0.07222799457543383,0.01952922353690356,0.0036437581892005966,0.018143568518526942,0.039975816159473654,-0.010632741079987906,-0.02956444661446933,-0.018547433505349487,-0.04481870595178805,0.027656427497663838,-0.014324435100775745,0.022970451786896717,0.02895747783898006,0.07415504286556907,-0.09648080051828745,0.011853510090140462,0.014619556474071427,0.07204141468659508,-0.019888918609896722
69,-0.11647637459057747,0.20252519392910195,0.17214748991988227,0.1262513047932432,-0.015367156919985692,-0.011219785781713787,0.005489948294022939,0.009139057340336487,-0.07881171707335899,0.025201866442321252,0.002754661953220161,0.018644911230769612,0.0435193434244725,-0.009312814585585971,-0.02337141146782451,-0.02034116680067799,-0.043671879905271216,0.02726553120700581,-0.021490781161024652,0.025670973796022123,0.02643589713297101,0.06343868417956,-0.09084873132381832,0.01578478621935564,0.009227834001190205,0.03614445051209869,-0.010907680425599753
70,-0.13583230774310528,0.19206694422289705,0.1681071982087976,0.13764254212978577,-0.01717077600572392,-0.016069929016735873,0.008735230709270514,0.007022870746089094,-0.08273008421122341,0.02539899856398331,0.003994774817633884,0.013746772723290723,0.05051689649216806,-0.007168909126969325,-0.04144159317714824,-0.020982548456691896,-0.05451664209951179,0.025806139043710985,-0.018893440853173904,0.025031533987174504,0.019690665150895903,0.07136232137581322,-0.08723802330372377,0.02270010795977284,0.004693332350474533,0.04042942954494744,-0.008008996079043262
71,-0.12361461087497838,0.18774303934001213,0.16101134232294,0.1524284768792632,-0.019106955287316985,-0.016088192445588345,0.0070826882483034925,0.0066674341730108555,-0.07686845555795085,0.02057931489326137,0.007137399334618877,0.01715465301606356,0.05286722402281474,-0.007270620391271687,-0.033586397241701094,-0.01753205332569574,-0.06271452727031213,0.02433501840199437,-0.016814044867692557,0.027210396186729602,0.015885628807844387,0.07791083302342838,-0.08400931933609046,0.0238118321670997,-0.004946065942267541,0.030863326731124685,-0.011062621411232931
72,-0.11901154985153395,0.1891202166888637,0.15541523052323503,0.15543840845310375,-0.016062862218375384,-0.012742258638280934,0.008345067252777838,0.005608982589842881,-0.07570080823049707,0.017227610640953905,0.00624290041591169,0.02075038200079704,0.047481518695335456,-0.007415538297917856,-0.0288136985642099,-0.01829102924943049,-0.061747538691007575,0.02369661536788792,-0.0163031322249233,0.029018893856686878,0.010896210606301748,0.07208042808899062,-0.09277151658953209,0.023063877446258374,-0.010212877163633616,0.026727737585086953,-0.0103723380634958
73,-0.12624848668066246,0.19861555477179738,0.14611457920019144,0.16557244057096154,-0.019505357433111215,-0.021048244351324463,0.004630319464760779,0.005805343853562572,-0.07773903803345905,0.013516692473986458,0.008079289062289163,0.020546432857097674,0.04335605699050005,-0.009428354355136004,-0.032249910646668045,-0.019080204781331322,-0.060440819340034646,0.024259466570258015,-0.016984224889425414,0.021639598679714434,0.015329419713843606,0.07750226416147599,-0.09617731054499612,0.024697889551650754,-0.01565065195454396,0.033778220923422086,-0.008253635778665558
74,-0.14067625741253353,0.19787910332028136,0.1426568691014234,0.15570388263333568,-0.017755943893974724,-0.021202506697469814,0.00595926484810505,0.004894096707845019,-0.07377408461030355,0.010365458304051334,0.009370301867984043,0.022008752044304858,0.048801461728307904,-0.01185519156512116,-0.026705421853440492,-0.025010352156482063,-0.06292705238182328,0.02162168048508617,-0.02234205088105623,0.022001196040247084,0.01311791892475056,0.0778055690215298,-0.09689502661867522,0.0314331342790406,-0.02006893385125763,0.03540924830551617,-0.008060493860148288
75,-0.14445620736607112,0.19086792020655885,0.1260713327308849,0.14740440673862176,-0.023204733991942672,-0.02356143429647206,0.00775534832056568,0.00794841931891721,-0.057229146754145366,0.0143097952654756,0.010153180272446827,0.018663259056887815,0.05329274186061861,-0.01471773734834192,-0.022762107952365884,-0.025984920902402675,-0.07613089876925716,0.019423748555410514,-0.024164451844881585,0.019647218254238874,0.014640212276469278,0.07243306996464027,-0.09644626660369404,0.02546761806592679,-0.02659118431599916,0.02688921313223047,-0.01345942361648289
76,-0.15557946092480235,0.18477338690224876,0.12665142381801497,0.13411471072224468,-0.021389955835878105,-0.03348140628168528,0.006634328161221337,0.009749250919913743,-0.046328042648698164,0.013153454969812461,0.011295589149538987,0.015465180926553801,0.05666696247528935,-0.011415858678416435,-0.021994150551958302,-0.027401893047615755,-0.07248592559949674,0.020524638921724847,-0.02569007659681055,0.01811902356923034,0.00932170544214972,0.06712982044700966,-0.085195488996054,0.031918040755079646,-0.027565455432895347,0.03806022783687202,-0.015898518733927225
77,-0.16495335687300283,0.18986187610781458,0.11524659143071103,0.13640471250998099,-0.01712697492018256,-0.030144364282353342,0.00812799751144655,0.010230618352334409,-0.048896098825229495,0.0020770044582765212,0.01386589193408927,0.01942254816261557,0.057208230857462405,-0.010725056725458981,-0.016585066433565943,-0.027370755137900327,-0.059216793526657985,0.01922447563518781,-0.02108742451009815,0.017804825422041093,0.0009794304115193775,0.05823043443880782,-0.07752445436057198,0.04083466323954532,-0.018035548142967595,0.03467788580207842,-0.010185683119412148
78,-0.16971009162092598,0.18307988640069928,0.09919699593949605,0.12912038494938805,-0.012669733723597032,-0.03618932337382741,0.009965465853245314,0.007826130064773063,-0.03533485800492564,0.004515414952200647,0.015820080259407288,0.017936656595259448,0.05881959946716031,-0.006772585439501766,-0.025459821835409846,-0.03000264329706326,-0.06049666019810762,0.0190138937959361,-0.02056577016012706,0.016696714434281557,-0.005325469208074751,0.05736089351226581,-0.07385661813484168,0.03580509685434374,-0.016139863913639196,0.038092628185330435,-0.013802016586535903
79,-0.1598566061987018,0.17414310096449004,0.10688108250948813,0.13571882111601363,-0.010212253137077631,-0.04010032231532845,0.01822910869122274,0.011004305970294004,-0.007455722426393696,0.006793203378320012,0.014738141524517578,0.0207279086522294,0.059430590230305835,-0.002918500428259585,-0.02306187319001307,-0.030355879792182017,-0.06979437920772036,0.020993989977195815,-0.0177004349540949,0.02193892958765109,-0.007754944731130142,0.058001114048100044,-0.08237348532360789,0.03590614859687302,-0.0197599797082757,0.03941064406698347,-0.012432429713651882
80,-0.1722211264810749,0.17947633913146777,0.11551006367833172,0.1265380265599536,-0.01818775669988193,-0.03445728653719882,0.01737502429594584,0.012114245801405188,-0.014423227857747523,0.010583515149886313,0.013574259627938456,0.016250972676113307,0.057379233968607224,-0.002977697700079829,-0.01765983578316055,-0.027551589788619157,-0.06058728771315591,0.018810494805002964,-0.021005517946027896,0.024851869260760884,-0.013194476723348503,0.04731129595616057,-0.08317480604415994,0.03631557768419302,-0.023831736754862387,0.036569794807284506,-0.013236537329498699
81,-0.1621560073288456,0.18054994384123457,0.11339123031190179,0.1240207262959947,-0.009469573623361538,-0.031057565623213712,0.013279208225003059,0.010185797754264758,-0.013508369929558173,0.008151732811417789,0.012273305148292835,0.01617436998150401,0.060739313736281275,-0.00434307092569286,-0.02281317883866807,-0.025447819067720867,-0.05508933582481512,0.014279122061477745,-0.02463380220121114,0.03002173735565461,-0.019573028395245995,0.041842397423693,-0.089750191791228,0.04826337924272028,-0.023225244435177594,0.03732428305169555,-0.02280146361248314
82,-0.1608806007344481,0.18387427923212107,0.11046730735131849,0.13476079150952858,-0.013976713742481328,-0.033235362063780416,0.009397126402425293,0.010039661438844272,-0.004250787398740408,0.00670555860677835,0.014291540610622322,0.013469983686087428,0.05904939883562155,-0.010613548675199813,-0.021720303647705497,-0.027227020770484223,-0.056708786675888856,0.015007075302482908,-0.022948502765508527,0.031227114433492575,-0.021753935405871783,0.05058708032883108,-0.08961632787878138,0.04493638106222142,-0.019737604136666143,0.03674466614356997,-0.029124611778949983
83,-0.14799805308463676,0.18924225799140904,0.10200714106554054,0.14104317405040323,-0.013788604164543417,-0.03490697085562988,0.008743016777968737,0.0066692686351643715,0.003372941881899516,0.002301064131137842,0.018183908789064285,0.010775892910830809,0.05622958177324122,-0.0064421947011721326,-0.015869155479153796,-0.028492939608867673,-0.05210989547109357,0.016456342929539014,-0.024952825962555547,0.02785113926613536,-0.024360809910279113,0.03252500878345255,-0.09151335105855485,0.04848095496374105,-0.028576988130818215,0.028078453163902006,-0.025508541654593597
84,-0.15598551489674806,0.19940456339556412,0.1003434517369659,0.13194490473780385,-0.013838057697021067,-0.035333842895908574,,,0.0032849703998849566,-0.003253620829895776,,0.009740071124432204,,,-0.02434425372196325,-0.026751215428969854,,,-0.026419907991732106,0.026156744586365077,-0.026980231724109904,,-0.0846736064961281,,-0.03277362236398196,0.02785415335689745,-0.014589580821839587
85,,,0.09865724181446334,0.12626786299301607,,,,,0.013090999631739653,,,,,,-0.024938164462316004,,,,,,-0.027592114554363167,,,,,,
