basket,tier,window,excess_mean,excess_median,t_excess,beat,years,worst_vs_spy,alpha_ann,t_alpha,beta,sharpe,avg_n
Sept losers,All,Oct 15-Dec 15,0.029517763257957005,0.009606576921112775,1.2942673798883757,6,8,-0.049743097198445385,0.09613881304224843,1.0027290350578513,1.1432573451432457,1.8707530515881516,1187.75
Sept losers,Large,Oct 15-Dec 15,0.006032133925939084,0.002572328693849102,0.5676074336128246,5,8,-0.03630808668374885,0.013687155844006708,0.21235559794646483,0.971483326460088,1.6623322971731376,288.875
Sept losers,Mid,Oct 15-Dec 15,0.020507118350543585,0.007751166530307829,0.9588872845012397,5,8,-0.05899043690601036,0.047130517999403106,0.4844447563994214,1.1468433309002353,1.6489556565667587,450.625
Sept losers,Small,Oct 15-Dec 15,0.05313675425029779,0.034518821770932684,1.6081447985632555,5,8,-0.05434743502512496,0.19406801232280402,1.5104918941900776,1.248261155833363,2.044845252266233,432.625
Sept losers,Large+Mid,Oct 15-Dec 15,0.014944519942133444,0.0070021769322274885,0.8915622953502165,5,8,-0.048884683920277006,0.0340359060364441,0.4174894261271524,1.0801861763893972,1.6726964288538355,739.5
Sept down >10%,All,Oct 15-Dec 15,0.058365353007887394,0.026034844802209745,1.4399754790299442,5,8,-0.06404671059111755,0.1765359985502556,1.1796955191087926,1.390190296024518,1.9607160309463776,332.25
Sept down >10%,Large,Oct 15-Dec 15,0.014645893594642231,-0.0015229443274062393,0.7048892548517458,4,8,-0.08458082711544734,-0.01687707891397514,-0.12659094911399835,1.2913878028068102,1.3287981933286401,54.75
Sept down >10%,Mid,Oct 15-Dec 15,0.04102804952429932,0.025998629203496826,1.2454910871404103,5,8,-0.06969138345977799,0.09695962833303304,0.6732749199033062,1.3606494539398757,1.7198819907507377,123.625
Sept down >10%,Small,Oct 15-Dec 15,0.07881853826428067,0.028684412891269995,1.6456670610747357,5,8,-0.06696269448224079,0.2676848386992819,1.5678405383740988,1.445966415313162,2.1086426168106756,151.375
Sept down >10%,Large+Mid,Oct 15-Dec 15,0.03444594636366491,0.024557030677256564,1.1719618861925307,5,8,-0.07504001855938747,0.06989336062263186,0.5173605537739503,1.336358879869362,1.6630708456733918,178.375
Double losers (1Y & Sept down),All,Oct 15-Dec 15,0.039555588366260316,0.030832198514473497,1.1646516589769635,6,8,-0.10778337629431933,0.13081386820691293,1.046413707822692,1.2010354585472551,1.7878231094334456,561.75
Double losers (1Y & Sept down),Large,Oct 15-Dec 15,0.014117709357345062,0.010982602170937106,0.6105498956585478,4,8,-0.10159830771115286,0.04611315518012781,0.47165843967164905,1.0139023196062116,1.5270685553725258,108.75
Double losers (1Y & Sept down),Mid,Oct 15-Dec 15,0.025835467592286346,0.018638039342650736,0.8653390032615004,6,8,-0.11146911247159241,0.05964190773060517,0.4802522494907892,1.1988664641035331,1.547139994454857,203.625
Double losers (1Y & Sept down),Small,Oct 15-Dec 15,0.05596601507388761,0.05198238569029301,1.3579925446887557,6,8,-0.10993238259973392,0.19418928285281706,1.2887417786319668,1.287510358834941,1.8807203750734072,246.25
Double losers (1Y & Sept down),Large+Mid,Oct 15-Dec 15,0.0227620479041966,0.015413373299218769,0.8308264091087022,6,8,-0.10698238303502872,0.06033134717793443,0.5452915742340627,1.1325297566776193,1.583156954150554,312.375
"Double losers, Sept down >10%",All,Oct 15-Dec 15,0.07373229472829139,0.06261019543412971,1.4189601651392618,5,8,-0.12703402947808795,0.24470096968638355,1.4280313766159678,1.4097647459462554,2.000130226851987,216.875
"Double losers, Sept down >10%",Mid,Oct 15-Dec 15,0.06062973683189701,0.0592567453675209,1.335029304186425,5,8,-0.11493040904400431,0.19505866700597735,1.1660893629099094,1.3596855447892415,1.877344074422132,75.125
"Double losers, Sept down >10%",Small,Oct 15-Dec 15,0.09302885711437094,0.05386449588064934,1.6734434567983352,5,8,-0.0716716508585804,0.33709196613509257,1.6525889953909563,1.4612851347137659,2.1182245258597554,108.25
"Double losers, Sept down >10%",Large+Mid,Oct 15-Dec 15,0.052160547908846625,0.05534222154082069,1.1933952148286173,5,8,-0.14225868359845184,0.15675940801900903,0.9872331712532166,1.3359467122879891,1.7791929307919014,107.5
"A: 1Y worst 20-40%, Sept down",All,Oct 15-Dec 15,0.029658583505158653,0.013148425444506784,1.4260524461613227,6,8,-0.04113877362799756,0.11551462954874374,1.1945708774191057,1.0880755404708697,1.877954831243966,263.5
"A: 1Y worst 20-40%, Sept down",Large,Oct 15-Dec 15,0.026164924046098936,0.01664726068134703,1.5577307571893007,5,8,-0.02699962296456926,0.1254853082498789,1.3409522002814949,0.9958785611704085,1.9618119886495533,66.625
"A: 1Y worst 20-40%, Sept down",Mid,Oct 15-Dec 15,0.025397974106474472,0.013479386307850894,1.112273703952665,6,8,-0.05100152288577364,0.09279886961068223,0.8909463536979583,1.086356747076935,1.7215678256581732,102.875
"A: 1Y worst 20-40%, Sept down",Small,Oct 15-Dec 15,0.03722422995383025,0.018103059091307272,1.1521704863726605,4,8,-0.06654912869132268,0.12859846653867316,1.0218144694032938,1.1600595994458174,1.7994908898525197,90.875
"A: 1Y worst 20-40%, Sept down",Large+Mid,Oct 15-Dec 15,0.025994573299056925,0.024275319040444054,1.2912471748072554,5,8,-0.03534971541239207,0.10668049077102629,1.133613211678879,1.0501110239124505,1.8500104585674746,169.5
"B: 1Y worst 40%, Sept down >10%",All,Oct 15-Dec 15,0.07754641673559276,0.06584026354096029,1.5553588060663772,5,8,-0.07310487402853649,0.25250107399700755,1.4994182019620121,1.475139277110203,2.025309638713535,192.75
"B: 1Y worst 40%, Sept down >10%",Small,Oct 15-Dec 15,0.09133898746560434,0.05175554809785654,1.6514177528013887,5,8,-0.08180826734734326,0.3128022441847639,1.6164398058935618,1.5161185220298559,2.074492577523048,98.375
"1Y worst 20%, Sept down",All,Oct 15-Dec 15,0.06583276423034663,0.03097020518460125,1.389523742864134,5,8,-0.07286261278876804,0.20459227534740115,1.2548027355005935,1.4559607206506195,1.8257548938340213,287.0
"1Y worst 20%, Sept down",Large,Oct 15-Dec 15,0.027589937018233812,-0.007417629502462608,0.8106741839617956,4,8,-0.051702678104364796,0.04715839927566128,0.30667411583822557,1.3295019816205529,1.3147053196595866,46.25
"1Y worst 20%, Sept down",Mid,Oct 15-Dec 15,0.049414784644064125,0.023142203720129872,1.1509034113203556,5,8,-0.0846155849298531,0.11752031062134771,0.6954964110431612,1.4764328124001789,1.562993460185241,93.375
"1Y worst 20%, Sept down",Small,Oct 15-Dec 15,0.07851262511847475,0.0443226800074068,1.5063495761528198,6,8,-0.09043472005503372,0.2593757064905262,1.458200697824136,1.4912424607120829,1.931192708430848,146.375
"1Y worst 20%, Sept down",Large+Mid,Oct 15-Dec 15,0.04426635702494479,0.015137900216411815,1.1155014407381423,5,8,-0.06809027606349938,0.10491758804963734,0.662314299546342,1.4283816706853572,1.5343864454739218,139.625
"1Y worst 20-60%, Sept down",All,Oct 15-Dec 15,0.025350360906171224,0.0175765639722526,1.4549390125417223,6,8,-0.04056622548430089,0.09894977928138687,1.1457771328073265,1.0589899848156419,1.8933656201349711,503.0
"1Y worst 20-60%, Sept down",Large,Oct 15-Dec 15,0.019805176154131895,0.02834312167616576,1.844221901442769,5,8,-0.022608569708553183,0.09502934520086158,1.2774320542221216,0.9670504707393477,1.984896639227785,130.5
"1Y worst 20-60%, Sept down",Mid,Oct 15-Dec 15,0.02228816587220353,0.008471277018373247,1.1415068797011683,6,8,-0.055098505425591915,0.07962903436058508,0.8567153173110806,1.0708089751973362,1.7535692503820697,198.75
"1Y worst 20-60%, Sept down",Small,Oct 15-Dec 15,0.031444929009085895,0.02177208335479086,1.1953913301410144,5,8,-0.06270839846445864,0.11291095547849529,1.0036168544930597,1.1164633391156247,1.7982336482996295,167.375
"1Y worst 20-60%, Sept down",Large+Mid,Oct 15-Dec 15,0.022268652289213264,0.014627824807598389,1.4056826911346993,6,8,-0.03638022033112187,0.09056213799007737,1.1056611516302521,1.0304800923921087,1.8863775095706088,329.25
Double winners (ref),All,Oct 15-Dec 15,-0.01709023096588655,-0.011592151828786479,-1.0542614800799857,2,8,-0.092244857173156,-0.10163482879059749,-1.0650619173467497,0.9163304176386426,0.8564264708102337,504.0
Double winners (ref),Large,Oct 15-Dec 15,-0.021252477550416773,-0.018529214598218158,-1.9747051527813937,1,8,-0.08521113406814551,-0.10501709667886172,-1.2112689131768715,0.8438662471529943,0.7942500393383012,165.5
Double winners (ref),Mid,Oct 15-Dec 15,-0.021595818289992658,-0.016695525966131552,-1.1301194619901356,2,8,-0.08988998058978381,-0.13970143097704,-1.2764957613673782,0.95799448186412,0.6644436993822262,191.375
Double winners (ref),Small,Oct 15-Dec 15,-0.0012113662606656472,-0.00034347799908540644,-0.050541410178522296,4,8,-0.10179964073073855,-0.021217296279342383,-0.16876398480365312,0.9563904846146043,1.1600831891137426,136.5
Double winners (ref),Large+Mid,Oct 15-Dec 15,-0.02282803995129544,-0.016087482686282795,-1.5927208369930537,2,8,-0.08823375173256698,-0.1321247806259445,-1.3891168381877705,0.9081352713377431,0.6903823029043469,356.875
Sept losers,All,Oct 15-Dec 31,0.03266780545335668,0.018209543161857522,1.4327405791467718,5,8,-0.03785686983068848,0.09133424558120039,1.1173420604335678,1.1149765974937018,1.553654826001645,1187.75
Sept losers,Large,Oct 15-Dec 31,0.0042012846499312195,-0.003312499805157798,0.40269319704125045,4,8,-0.027494074278659353,-0.0009793732274694337,-0.017839702706055404,0.9616662020770038,1.2385757025200703,288.875
Sept losers,Mid,Oct 15-Dec 31,0.018202635881005652,0.0010114742192728343,0.8627634201323459,4,8,-0.04547749598919926,0.026293434026733835,0.31943664206679384,1.1253478548044824,1.257963780829316,450.625
Sept losers,Small,Oct 15-Dec 31,0.06597435354704939,0.056009513434336466,1.8817855124738705,5,8,-0.03904265216829872,0.21433886584344122,1.9097068725600375,1.2004655072549903,1.8578723901062524,432.625
Sept losers,Large+Mid,Oct 15-Dec 31,0.012675455979671069,-0.007917700427989116,0.7731566814464659,3,8,-0.03746527433384905,0.014849527267878311,0.21493049641972192,1.0631533747032613,1.2619453955984483,739.5
Sept down >10%,All,Oct 15-Dec 31,0.0726195930147833,0.03520690183071706,1.573091088482616,5,8,-0.06046764312853492,0.20381244585966443,1.5715567397528283,1.3562087394811833,1.7648889496690112,332.25
Sept down >10%,Large,Oct 15-Dec 31,0.011272623268304013,0.004980828522681835,0.5731144098270728,5,8,-0.08300950153786868,-0.026823959867260737,-0.24205146965473398,1.2802874155271435,1.0036473114837567,54.75
Sept down >10%,Mid,Oct 15-Dec 31,0.039904528151034915,0.040327133053470576,1.2052779951834536,5,8,-0.06818796439996799,0.0727817089683147,0.616859539346502,1.3421231904455848,1.3533431243734244,123.625
Sept down >10%,Small,Oct 15-Dec 31,0.10306273173690608,0.03633501493266433,1.7569023571915332,5,8,-0.056820444279169324,0.31664349503152084,2.039039836611476,1.3960345083202792,1.9712999706453695,151.375
Sept down >10%,Large+Mid,Oct 15-Dec 31,0.03307333214264553,0.034951471440725745,1.1298585989432495,5,8,-0.07255889604878663,0.05011724184147179,0.4534798280285514,1.319565442560379,1.302144612625859,178.375
Double losers (1Y & Sept down),All,Oct 15-Dec 31,0.04672580923711106,0.04932486113261636,1.326105720313264,5,8,-0.10371607978449082,0.14094058843372528,1.2880054560209835,1.1483425784883856,1.5652435011926165,561.75
Double losers (1Y & Sept down),Large,Oct 15-Dec 31,0.010176345208449289,0.013082610593843691,0.46372911482741475,4,8,-0.10055536744090288,0.020279006367033364,0.23967267627595926,0.9842130072735236,1.1438644209593638,108.75
Double losers (1Y & Sept down),Mid,Oct 15-Dec 31,0.02110159514366551,0.01489087495263175,0.7242094394453089,5,8,-0.10461756703913094,0.03050398616342325,0.28989534340208795,1.1550869119822256,1.1610808932636105,203.625
Double losers (1Y & Sept down),Small,Oct 15-Dec 31,0.07489021506415325,0.08353783563063588,1.6372823861431307,5,8,-0.10625135739183567,0.24416841904603745,1.7822340243371424,1.21332328860833,1.7887866328009105,246.25
Double losers (1Y & Sept down),Large+Mid,Oct 15-Dec 31,0.01828747415290767,0.012167347470609324,0.692088903381925,5,8,-0.10277111267629957,0.031048446860094652,0.32847126316413505,1.0939364043664226,1.188443954033892,312.375
"Double losers, Sept down >10%",All,Oct 15-Dec 31,0.0955275568748649,0.07175303430904756,1.4922907408671542,5,8,-0.12258233383770989,0.28814727538462365,1.8399732649831984,1.3536064745633236,1.8485194015263577,216.875
"Double losers, Sept down >10%",Mid,Oct 15-Dec 31,0.061030536659682486,0.060438867604363344,1.3317205910272742,5,8,-0.11573577705140081,0.16287847321832977,1.1712483879055484,1.322918941370128,1.5317996718143818,75.125
"Double losers, Sept down >10%",Small,Oct 15-Dec 31,0.1329948572493812,0.05802518185304317,1.6726905926103084,5,8,-0.06749386066736329,0.4283688073345981,2.159733081266534,1.3869618212664279,2.0447527275397164,108.25
"Double losers, Sept down >10%",Large+Mid,Oct 15-Dec 31,0.052912543974609066,0.05705630605110246,1.1952677246161316,5,8,-0.145472575154019,0.13250044886857051,0.9980863325639104,1.3068033330238282,1.454067622703123,107.5
"A: 1Y worst 20-40%, Sept down",All,Oct 15-Dec 31,0.030977999480813326,0.01305762793326315,1.4948718348092132,5,8,-0.031402674234673134,0.10098674389906896,1.2334256992825516,1.0490281724323607,1.53853038219218,263.5
"A: 1Y worst 20-40%, Sept down",Large,Oct 15-Dec 31,0.023109267284818324,0.013834868845215564,1.3613867762127503,5,8,-0.03534068989727246,0.08583745374331102,1.0727205838166674,0.9679650560845027,1.5073166607564557,66.625
"A: 1Y worst 20-40%, Sept down",Mid,Oct 15-Dec 31,0.02318285946758586,0.007270966345086061,1.0435974410650601,4,8,-0.03969806158035061,0.06491616654436944,0.7448907547603688,1.0535988326416605,1.3385016258768319,102.875
"A: 1Y worst 20-40%, Sept down",Small,Oct 15-Dec 31,0.04510432837589183,0.00032893739723338644,1.2965120244906074,4,8,-0.055417091264462925,0.1441568768297605,1.3220346710197675,1.1055616438508344,1.584760565931224,90.875
"A: 1Y worst 20-40%, Sept down",Large+Mid,Oct 15-Dec 31,0.023363449302453168,0.020361950160238507,1.2033382063252298,5,8,-0.030457698103013353,0.0736684106168093,0.9287846896282639,1.0189296276606166,1.429367500426944,169.5
"B: 1Y worst 40%, Sept down >10%",All,Oct 15-Dec 31,0.09402279109247373,0.07291936362003637,1.6711791434060157,5,8,-0.07022433725244925,0.2785327343616231,1.8485592740394028,1.4112073850989961,1.8343447607703516,192.75
"B: 1Y worst 40%, Sept down >10%",Small,Oct 15-Dec 31,0.11898419597626331,0.053500481317688475,1.6919279985124396,5,8,-0.08060939166022352,0.36767787406325125,2.019361586708635,1.4356845925285528,1.9340716853475748,98.375
"1Y worst 20%, Sept down",All,Oct 15-Dec 31,0.0756998483404523,0.03781398633269084,1.5413308541183925,4,8,-0.06661815813742566,0.21692588390987103,1.5027788135652054,1.3723656208462887,1.6250846339500131,287.0
"1Y worst 20%, Sept down",Large,Oct 15-Dec 31,0.018031678795062844,-0.016872417878534107,0.6445809267786792,3,8,-0.05928443022133223,0.010843056150147908,0.08036974948026093,1.2538257447783614,0.9605467081992595,46.25
"1Y worst 20%, Sept down",Mid,Oct 15-Dec 31,0.04312863710260752,0.009085796424280979,1.03198094203298,4,8,-0.07286075090580768,0.07881968873867148,0.546588768083249,1.399748212729061,1.2051666578103153,93.375
"1Y worst 20%, Sept down",Small,Oct 15-Dec 31,0.10014562888655433,0.0808854741976538,1.7328636914216455,5,8,-0.09126334846914197,0.3090264376820267,1.8981210146486094,1.3952080344917797,1.8268693186475455,146.375
"1Y worst 20%, Sept down",Large+Mid,Oct 15-Dec 31,0.03672656129088764,0.0023110669585542087,0.9868850288494757,4,8,-0.059186016721791024,0.06392052407474805,0.4666115646585688,1.3524211418570524,1.166100339129215,139.625
"1Y worst 20-60%, Sept down",All,Oct 15-Dec 31,0.025008341007094245,0.014706854488397592,1.447266226071363,5,8,-0.028217357087227057,0.0778216415076581,1.0575906220271944,1.029772062903395,1.5034668489326979,503.0
"1Y worst 20-60%, Sept down",Large,Oct 15-Dec 31,0.019263127684754938,0.026024297427070187,1.7019664601118256,5,8,-0.028675277255588605,0.07082547220132131,1.1132873228156859,0.9480161627446948,1.555530235866588,130.5
"1Y worst 20-60%, Sept down",Mid,Oct 15-Dec 31,0.019247407954740114,-6.369704744491056e-05,1.0020942879721932,4,8,-0.04236860552987509,0.04899209282804583,0.6226464866657225,1.046736269330527,1.3328551547068002,198.75
"1Y worst 20-60%, Sept down",Small,Oct 15-Dec 31,0.03460868010248652,0.0033003056866649505,1.26037227490194,5,8,-0.04889302906123372,0.1079990564565863,1.1041916413359014,1.0739281982594806,1.5022052280613036,167.375
"1Y worst 20-60%, Sept down",Large+Mid,Oct 15-Dec 31,0.020133991390499845,0.014085362930157497,1.2976894472273492,5,8,-0.02319064082408273,0.06116868313141603,0.8818980698285375,1.0080077498130948,1.450297208404014,329.25
Double winners (ref),All,Oct 15-Dec 31,-0.01572514992313516,-0.013944038945037207,-1.010550313316996,1,8,-0.07627092533747104,-0.08660360534954044,-1.0506873598563895,0.9424022975811935,0.6598863215083085,504.0
Double winners (ref),Large,Oct 15-Dec 31,-0.02252776732103008,-0.027744116732861757,-2.317501751021251,1,8,-0.07212688299645176,-0.10083816885469472,-1.3863623128455151,0.8704334366625956,0.5421311677743363,165.5
Double winners (ref),Mid,Oct 15-Dec 31,-0.019820657158243937,-0.023208140881878392,-0.9954192428848085,2,8,-0.07759834077566385,-0.11605018307405049,-1.200853901793168,0.9802235185822652,0.5118941976696291,191.375
Double winners (ref),Small,Oct 15-Dec 31,0.002279474241791188,0.0013223366224470179,0.09713042245542702,5,8,-0.07937800729471989,-0.011215754386627787,-0.10641984211393565,0.981962725317484,0.9657149336691235,136.5
Double winners (ref),Large+Mid,Oct 15-Dec 31,-0.022184467013131787,-0.021437499506170743,-1.6080192560542137,1,8,-0.07566154156178395,-0.11445019601555709,-1.3843065863510657,0.9328416257266559,0.5072804273901771,356.875
Sept losers,All,Full Q4,0.028960955238186162,0.020152912295780312,1.0681688147857678,5,8,-0.04450666088514921,0.05741936548434052,0.7695977908913912,1.0787711211643372,1.3171862354116708,1187.75
Sept losers,Large,Full Q4,0.0019834331220684592,-0.002813442425378343,0.20434676448639422,4,8,-0.02760927016227166,-0.01028107033820951,-0.21201392892619436,0.9524940585833246,1.0925909812576102,288.875
Sept losers,Mid,Full Q4,0.015206564108002307,0.0009170965177448531,0.6058903183050313,4,8,-0.049339895435665415,0.006312793460251357,0.08457379313928726,1.0887268189421693,1.0804808613889918,450.625
Sept losers,Small,Full Q4,0.058098623976214056,0.04522869366314752,1.430054563914198,5,8,-0.058434693243577085,0.1438825928828208,1.3894340938048868,1.1465717226105112,1.5212474695932074,432.625
Sept losers,Large+Mid,Full Q4,0.009998268671169389,-0.005935104385806245,0.5334403995357916,3,8,-0.03965816805351152,-0.0008347238884737436,-0.013422876775275759,1.0369279651869534,1.0937657669617449,739.5
Sept down >10%,All,Full Q4,0.06749339182552701,0.04450568530893462,1.2864594584302345,5,8,-0.07522133703686928,0.13956720131218608,1.1927820712955297,1.297772189299126,1.4748035644253972,332.25
Sept down >10%,Large,Full Q4,0.014699487863566313,0.012625254031693678,0.6847489764710997,5,8,-0.08518203139159475,-0.01105821286032778,-0.10547996082225981,1.233737376897168,0.983295000708981,54.75
Sept down >10%,Mid,Full Q4,0.041947736566552166,0.03392572644595815,1.0448947483518825,5,8,-0.08375164419335268,0.056542022447854084,0.5278780743803386,1.2878164257671727,1.2127245679830325,123.625
Sept down >10%,Small,Full Q4,0.08614317429229537,0.028954763496503166,1.3087567137238652,5,8,-0.07365246447416474,0.19140507359698408,1.3530506122714647,1.3317488598370069,1.5184440744197076,151.375
Sept down >10%,Large+Mid,Full Q4,0.03500344599882983,0.03263201453663922,1.0048861971807925,5,8,-0.07639310347115535,0.039938686725276035,0.3959957550984059,1.2681334580686483,1.1814849423329854,178.375
Double losers (1Y & Sept down),All,Full Q4,0.036463250932056004,0.032496839283500445,0.946523948667956,5,8,-0.11814303940678583,0.0769207033571997,0.7832004727160535,1.10295048950449,1.2501115314542854,561.75
Double losers (1Y & Sept down),Large,Full Q4,0.006189485225855287,0.004872307405020981,0.26628577829408007,4,8,-0.10875832294107912,0.004301353723342425,0.05824146147307606,0.9608104255883748,1.0044319968865325,108.75
Double losers (1Y & Sept down),Mid,Full Q4,0.012714411187270347,0.01360778926959938,0.40108972155578093,5,8,-0.1123998283483717,-0.008069893408619999,-0.08624483340274813,1.1133599376788135,0.9272621670155095,203.625
Double losers (1Y & Sept down),Small,Full Q4,0.05903140053211191,0.04399064832007449,1.1741756092066158,5,8,-0.13799251469434903,0.14116856934483218,1.136742739102656,1.1577464066333087,1.380282013476714,246.25
Double losers (1Y & Sept down),Large+Mid,Full Q4,0.011538902084326272,0.008839543362904156,0.40435023527748937,5,8,-0.11074459861778407,-0.00014592084154153406,-0.001746924457638789,1.0582731308410191,0.978960909698105,312.375
"Double losers, Sept down >10%",All,Full Q4,0.08014619936432574,0.03577280235655467,1.152441531263885,5,8,-0.1396473314003044,0.17412463617268784,1.2578832535131586,1.2917617167342919,1.4439969536480817,216.875
"Double losers, Sept down >10%",Mid,Full Q4,0.061412742677535145,0.025575972576350803,1.1446508798761783,5,8,-0.11555399120340537,0.12550042788727675,1.0318626695680335,1.2649131461181817,1.3404226948430027,75.125
"Double losers, Sept down >10%",Small,Full Q4,0.10545565108754366,0.04595991280682954,1.2292196150236765,5,8,-0.09915832377418932,0.2445996983191226,1.3716733141625743,1.328210530273979,1.4976766830718216,108.25
"Double losers, Sept down >10%",Large+Mid,Full Q4,0.049446174827276396,0.022095853383148234,0.9942904627305211,5,8,-0.1523674982954153,0.09160302054837056,0.7960346315087543,1.2471806614564298,1.2517690790103333,107.5
"A: 1Y worst 20-40%, Sept down",All,Full Q4,0.029999227071987197,0.017440077602097648,1.1749593039400794,5,8,-0.033414088907224526,0.07739282997868027,1.0405252743868696,1.0137608898305257,1.3554287407926797,263.5
"A: 1Y worst 20-40%, Sept down",Large,Full Q4,0.023387398417785324,-0.002316007239089757,1.1011603690513883,3,8,-0.03737676298594261,0.07111253342228563,0.9998491848099154,0.9510619053379907,1.3629868833493637,66.625
"A: 1Y worst 20-40%, Sept down",Mid,Full Q4,0.02056562472898471,0.001994182351832241,0.7708228142910204,4,8,-0.04130808311003653,0.04224132186692735,0.5343143371283313,1.019649579511725,1.1609961940837878,102.875
"A: 1Y worst 20-40%, Sept down",Small,Full Q4,0.042239219766724984,0.003879784217384996,1.0818236110976058,5,8,-0.07289336463428886,0.10508259235163168,1.0622031237653455,1.0567726642570034,1.3609014348242714,90.875
"A: 1Y worst 20-40%, Sept down",Large+Mid,Full Q4,0.022198298890440643,0.009826091348195842,0.9538591066226386,5,8,-0.03147268407833925,0.05521666706251124,0.7782947632751169,0.9912324022900163,1.266586697380206,169.5
"B: 1Y worst 40%, Sept down >10%",All,Full Q4,0.07741619841006304,0.026267925815974147,1.2501607820459706,4,8,-0.08688935855731028,0.161791939468901,1.21675530098077,1.3392902104494122,1.4194213930097574,192.75
"B: 1Y worst 40%, Sept down >10%",Small,Full Q4,0.09047135628034246,0.033737690202058634,1.1869240866933963,4,8,-0.10935740249110426,0.1921047320990186,1.1766669782750159,1.3662495719044228,1.3908433451799431,98.375
"1Y worst 20%, Sept down",All,Full Q4,0.055739346746762744,0.015026411588807187,1.0417757502664418,4,8,-0.08015702113537637,0.10232665762260461,0.7979654405108438,1.3086129589839814,1.2144850812266776,287.0
"1Y worst 20%, Sept down",Large,Full Q4,0.0033834755574582154,-0.009034408344734846,0.12135660875416188,3,8,-0.10196972539884952,-0.04280861731702084,-0.36647370288939396,1.19686740719796,0.7233505245694825,46.25
"1Y worst 20%, Sept down",Mid,Full Q4,0.02557662729485226,-0.006733199760002528,0.5657817641778946,4,8,-0.07861121136370874,-0.004119478825452365,-0.03230577540258012,1.3358930516180707,0.8800358173876566,93.375
"1Y worst 20%, Sept down",Small,Full Q4,0.07511259683673899,0.019443096978317143,1.1856749595218639,4,8,-0.11864844946339892,0.16025039777710107,1.1017792723236437,1.3286085197323985,1.3410104077254195,146.375
"1Y worst 20%, Sept down",Large+Mid,Full Q4,0.02012405599175833,-0.01039785445317265,0.5128561835819058,4,8,-0.07238828082982618,-0.010643937838583039,-0.08845776710743657,1.290862626821321,0.8618275696317312,139.625
"1Y worst 20-60%, Sept down",All,Full Q4,0.0239336161686321,0.017020432751020165,1.1207149206252442,5,8,-0.033332477296772245,0.0584737651631799,0.8697943604245973,0.9975910087252441,1.3261737744634052,503.0
"1Y worst 20-60%, Sept down",Large,Full Q4,0.015558417219638424,0.014158831432909191,1.191829631421668,5,8,-0.031481894668338284,0.04418534504231156,0.7811466142652832,0.9368796972172221,1.3258259443136786,130.5
"1Y worst 20-60%, Sept down",Mid,Full Q4,0.017308592648898932,-0.0027031066366802192,0.7584229136627808,4,8,-0.044738445920950776,0.03228902407283745,0.4504568895446504,1.0114616443473092,1.1703829720452998,198.75
"1Y worst 20-60%, Sept down",Small,Full Q4,0.033187593644317295,0.010086170607431444,1.0783169063127716,4,8,-0.06745020469266372,0.08263304929243052,0.9205851682764105,1.0284899318906326,1.3178245075992496,167.375
"1Y worst 20-60%, Sept down",Large+Mid,Full Q4,0.017959724648041325,0.008482481833088362,0.9590294223599208,5,8,-0.028524852640856024,0.04126754665422992,0.6600246763088818,0.9820292489313974,1.2655461285418323,329.25
Double winners (ref),All,Full Q4,-0.007333454390784103,-0.017646476490880803,-0.3544929749039058,1,8,-0.07713351472664498,-0.043565666150209396,-0.5572286352531644,0.9254313407455617,0.8019393723958174,504.0
Double winners (ref),Large,Full Q4,-0.01695782773319683,-0.025423533638880058,-1.2881962153143423,2,8,-0.06900664556307912,-0.06387617946308846,-0.9652908972080843,0.8622828912282869,0.68249502829069,165.5
Double winners (ref),Mid,Full Q4,-0.010906916450870219,-0.026916584557890255,-0.41814536428989335,1,8,-0.08114535411687207,-0.06996893723950924,-0.7853818790036613,0.9682708905183577,0.6637366954599172,191.375
Double winners (ref),Small,Full Q4,0.017320113282912122,0.0022133600194217395,0.5532238301255946,4,8,-0.0803893635332511,0.04326743490052256,0.40970051457836193,0.9522182746342952,1.1119462744788247,136.5
Double winners (ref),Large+Mid,Full Q4,-0.015414089148771654,-0.026829835402125357,-0.839007427883139,1,8,-0.07684846613322827,-0.07363053156112821,-0.9720246264035709,0.9229031953453208,0.651167574589231,356.875
