quarter,group,ann_ret,ann_vol,sharpe,sortino,beta_spy,alpha_spy_ann,q_mean,q_median,q_t,q_worst,q_best,hit_vs_spy,pct_pos,avg_mdd,avg_n,years
Q1,NEG_1Y,0.08923238186520806,0.2511917049037651,0.27787984896772544,0.387328427415652,1.068840644707409,0.045449259654167615,0.0208477982051606,0.020716585759632755,0.9647215094815125,-0.36264854316641015,0.2118771981899723,0.6666666666666666,0.6296296296296297,-0.1138095048029524,451.51851851851853,27
Q1,POS_1Y,0.07884312248105815,0.22452538473962824,0.26461085326877837,0.3580443478888713,0.9941895499582337,0.03676080807703507,0.018667780371634142,0.039727016792134195,0.9406516314179876,-0.3013008156542365,0.14851995709746935,0.6666666666666666,0.6296296296296297,-0.09359073872785088,807.5185185185185,27
Q1,NEG_1M,0.1383794965101336,0.24569224954049243,0.4841350424687508,0.675364198932562,1.0788634459324908,0.09436802053376554,0.03160474618016579,0.03557074224645196,1.6534573476140733,-0.2806940697637049,0.20550187115777163,0.8148148148148148,0.7407407407407407,-0.10550777964241834,550.2962962962963,27
Q1,POS_1M,0.0743146628118684,0.23254799046608435,0.23600889372238384,0.31928749216503494,1.0331963434288762,0.031343639955752386,0.017096789796817502,0.03534441625544926,0.8686625959033027,-0.3235180059334942,0.15922951940978725,0.6296296296296297,0.6666666666666666,-0.09768268621348421,708.7407407407408,27
Q1,NEG1Y_NEG1M,0.11648071806158916,0.2680852953088888,0.3605058746817859,0.512498623444018,1.0886385281981426,0.07418371500875634,0.026380245690527958,0.018978591259236954,1.1678962827269446,-0.30422276565846107,0.2398423090961288,0.6538461538461539,0.6153846153846154,-0.11943007576777642,271.96153846153845,26
Q1,NEG1Y_POS1M,0.05772525454077895,0.24549655292513942,0.15598583866003107,0.2136412601234559,1.0395779141906138,0.01460883762970546,0.014137260303921517,0.026705863960361897,0.6393778825804649,-0.40322199976915163,0.2044434345313746,0.6666666666666666,0.6296296296296297,-0.1101933799223781,189.33333333333334,27
Q1,POS1Y_NEG1M,0.11465909700987283,0.22503023200436448,0.42317793176972557,0.5770260129235277,0.9866379689870215,0.07274883350362046,0.02787611316469239,0.04856463568966696,1.3415761960872659,-0.27491306340135646,0.17948102385396725,0.6666666666666666,0.6666666666666666,-0.09492084319285701,288.1111111111111,27
Q1,POS1Y_POS1M,0.05696150555841092,0.2282898649511402,0.16439729692704033,0.22124170755990766,0.9961437382565016,0.014834668046920452,0.013329619906705583,0.03355158586804441,0.6609349919693029,-0.31204063082115885,0.14189444021269604,0.5555555555555556,0.6666666666666666,-0.09554511727368059,519.4074074074074,27
Q1,Q1_1Y,0.12982409358844638,0.295126350982379,0.3740527552906761,0.5311807828989445,1.2090305895185411,0.08284696392980928,0.02913012599631262,0.01839557357211885,1.2189171604009306,-0.3641813892025535,0.2708758397072297,0.6296296296296297,0.6666666666666666,-0.13141724349371778,252.11111111111111,27
Q1,Q2_1Y,0.10156578789109524,0.23211168048723754,0.3538577587912771,0.4926550227829364,1.0212998000601585,0.05886580906864036,0.023023334960501005,0.02723864290307554,1.2634297549436477,-0.31161169555331747,0.1702212816277915,0.7407407407407407,0.6296296296296297,-0.09593653768587905,251.7037037037037,27
Q1,Q3_1Y,0.08953559320175414,0.21493481843143203,0.326165508542369,0.4444853541323301,0.9610194068047774,0.04820900835032285,0.020896579630282273,0.04203208637873734,1.160872883347678,-0.30783514808765455,0.1471355515178261,0.7037037037037037,0.6666666666666666,-0.09076721545333856,251.4814814814815,27
Q1,Q4_1Y,0.08601885412310718,0.21761840404814056,0.3059832442469921,0.414240529390415,0.9700575159614455,0.04448635016672526,0.020077446492893954,0.03838877606956914,1.0852178367307639,-0.29330444731255145,0.1438178444655025,0.6296296296296297,0.6666666666666666,-0.09090598174079181,251.7037037037037,27
Q1,Q5_1Y,0.11446118292427604,0.2652586905778611,0.3582537253450613,0.486402796925225,1.0923158533666664,0.07014321499806987,0.02589931428297327,0.03431002465057276,1.183701076718083,-0.27474098884062426,0.21762629735947736,0.6296296296296297,0.6666666666666666,-0.11419207920263823,252.03703703703704,27
Q1,NEG_1Y_SMALL,0.11577803847993114,0.25941656510065847,0.37139790821739715,0.5212665337277061,1.0394895398162707,0.07266363504001072,0.026646338941537614,0.015407383778662131,1.2359011343995974,-0.33257507212444926,0.23719461936857544,0.6296296296296297,0.6296296296296297,-0.11759926861643945,169.62962962962962,27
Q1,POS_1Y_SMALL,0.07666245928502748,0.2427041190991618,0.23580642410539446,0.31997471031151353,0.9905386421721388,0.03466332507395607,0.018444226482269885,0.03375007766925764,0.8398274276814885,-0.33762020839136875,0.19502110968533493,0.5925925925925926,0.6296296296296297,-0.10025440095166806,250.40740740740742,27
Q1,NEG_1Y_MID,0.0813067448243621,0.2592755511417575,0.23864755356716086,0.3328074290719775,1.0793773106151134,0.037283561249238914,0.01907146948223098,0.03440967509630344,0.8487582350617523,-0.3854804977208136,0.19688081013736447,0.6666666666666666,0.6296296296296297,-0.11892804000915949,147.40740740740742,27
Q1,POS_1Y_MID,0.08861407847959799,0.22696203738332127,0.3048210636131592,0.4101922072123291,0.983626330095399,0.04677243042976992,0.021163042133255355,0.050058560905993144,1.0539656301149585,-0.3293729512638601,0.14902924233909043,0.6666666666666666,0.7037037037037037,-0.09493684561624506,271.9259259259259,27
Q1,NEG_1Y_LARGE,0.06675617402994538,0.2604835558175217,0.18013336656031545,0.25261011008198314,1.1030075264293309,0.0241626857998001,0.01568079124126441,0.023387788598728476,0.6721064878307138,-0.3820561153591393,0.18291107081609304,0.6538461538461539,0.5384615384615384,-0.1140194870740796,139.34615384615384,26
Q1,POS_1Y_LARGE,0.08119969071418671,0.21614745847815864,0.28576982724885447,0.39040010187966845,0.9794928945190411,0.039452216494249466,0.01866706383518353,0.03505045144355279,1.0269456850989176,-0.24279877640816305,0.16536188459552137,0.6666666666666666,0.6666666666666666,-0.08993854799769904,285.18518518518516,27
Q1,ALL,0.10352829344631477,0.23420480389275597,0.3590747209447463,0.4916273887281321,1.0528969980380873,0.06010842215367841,0.023820018831490805,0.036169302097810885,1.2445273013120812,-0.3103673483695434,0.16833446571449673,0.7407407407407407,0.6666666666666666,-0.09834597028675672,1259.037037037037,27
Q1,SPY,0.04221469637144801,0.20543574864384964,0.11090293523519976,0.15285370344024737,1.0000000000000002,-3.415236843329339e-18,0.008111583926243745,0.013292925308640458,0.5435910529144815,-0.19447714729463406,0.13526014598024738,0.0,0.6296296296296297,-0.08867895099815985,1.0,27
Q2,NEG_1Y,0.14598003963051165,0.24397976968529475,0.5221865004388327,0.765477933466542,1.1772887241590066,0.020865821303897268,0.03637654052680866,0.032923425337867185,1.5146571855933568,-0.19342537069231236,0.3124953321839896,0.46153846153846156,0.6923076923076923,-0.09621302270072185,465.7307692307692,26
Q2,POS_1Y,0.1298553382129384,0.18912547143225028,0.5883831503474986,0.8289419314433266,0.9600363744870043,0.024401071899296998,0.031143162618407185,0.035324153805294745,2.076116481588569,-0.1489350344916237,0.23251238547340947,0.6923076923076923,0.6923076923076923,-0.0741820059780547,781.6153846153846,26
Q2,NEG_1M,0.17426421017362317,0.24216272894777383,0.6429028667187031,0.9385800327340719,1.202322034206031,0.04688463694984241,0.042888736607110775,0.026923899848073196,1.8708689617818504,-0.16933898599855146,0.34020327607352274,0.5384615384615384,0.6153846153846154,-0.09460654187697976,540.0,26
Q2,POS_1M,0.13340451007075227,0.1932746371675522,0.5941152664047264,0.8441258594392874,0.966294729667949,0.027383902528934176,0.03273890528443202,0.03647973046970332,1.891324177287379,-0.16429712104934346,0.2419130690360214,0.5384615384615384,0.7307692307692307,-0.07693889209969232,707.3461538461538,26
Q2,NEG1Y_NEG1M,0.14588202370344489,0.25653874137998084,0.4933709324763852,0.7235885996938416,1.21779013828691,0.027883960531491336,0.037107237095920495,0.025514909276992848,1.349684267186133,-0.18305371402741555,0.3589432701317201,0.4,0.64,-0.10331848033156338,279.56,25
Q2,NEG1Y_POS1M,0.1205389964210799,0.2232638801685183,0.45529000873061426,0.6571277738919026,1.0423390626143583,0.00615294850851395,0.03007738560794215,0.029745292995498662,1.357932969310476,-0.20044300729104525,0.26379214111130067,0.56,0.68,-0.09122311313972938,204.32,25
Q2,POS1Y_NEG1M,0.14454262120456776,0.21510287892640786,0.5856059403416382,0.8286114090012441,1.0285905573130434,0.03288463858275611,0.033978285571300594,0.04183218822918877,2.100062346282172,-0.15240690662713008,0.2514987366525647,0.6153846153846154,0.6538461538461539,-0.08290290845981273,270.88461538461536,26
Q2,POS1Y_POS1M,0.11486691806957654,0.17565243889885437,0.5481837949562876,0.7645432894764439,0.8587967087067878,0.018574195803921036,0.0274299384364433,0.03657403328347664,2.045976916273635,-0.14719419464966732,0.17443648774893838,0.5769230769230769,0.6923076923076923,-0.07007816228874186,510.7307692307692,26
Q2,Q1_1Y,0.25473309225519947,0.3107880418904569,0.7598619087724163,1.158898523595078,1.4108044709275447,0.10848718820608698,0.06893425322410071,0.03532567247053897,1.77030514046888,-0.2594080494521782,0.6291778089776321,0.5769230769230769,0.6923076923076923,-0.11072059689347125,249.84615384615384,26
Q2,Q2_1Y,0.15127243186453035,0.22345496313925217,0.5938348044709234,0.8766925542640169,1.086246140735931,0.03439698666942435,0.036654567273800884,0.037855657604030424,1.8480576427277586,-0.13563063066257974,0.2877824827409883,0.5769230769230769,0.6538461538461539,-0.08111979240176731,249.26923076923077,26
Q2,Q3_1Y,0.11862198296155434,0.20315842725767375,0.4924476271613797,0.7134880867371384,1.0096296362188422,0.008679842766287473,0.027785217791712297,0.03249288556279206,1.7604866376801844,-0.1318524152806575,0.2220496521668529,0.5769230769230769,0.6538461538461539,-0.0751841771588581,249.30769230769232,26
Q2,Q4_1Y,0.12398104129633901,0.19389255497996882,0.5436203766903439,0.7749949830698476,0.9778673709169053,0.016913183531628826,0.029164751089763744,0.029617554247504674,2.0347199484562704,-0.1321207641857558,0.21854059338907672,0.5,0.7307692307692307,-0.07496328703634278,249.26923076923077,26
Q2,Q5_1Y,0.1574277392594325,0.24227642305162186,0.5731083528056399,0.8034955958485096,1.1290424569667024,0.03667950039972746,0.036305012384661633,0.04237339605374302,2.076989650366741,-0.17389100865965113,0.23019916178737732,0.5384615384615384,0.6538461538461539,-0.09435784866073303,249.65384615384616,26
Q2,NEG_1Y_SMALL,0.19773695816410197,0.2547342423665736,0.7020955409552199,1.036398764473104,1.1511485133748849,0.07338202215086033,0.04969033267849731,0.04323003730496722,1.9158793310757567,-0.1546405927748904,0.33397730417675286,0.52,0.68,-0.0960105565677333,176.4,25
Q2,POS_1Y_SMALL,0.14585250595781754,0.20086937453523665,0.6336227647028178,0.8974862256183785,0.9433520707174678,0.04190806272307111,0.034483294139004465,0.0331430822834905,2.3905163336648303,-0.13701508002670026,0.1939217928195085,0.5384615384615384,0.6923076923076923,-0.07698748745523815,246.30769230769232,26
Q2,NEG_1Y_MID,0.1493491668758121,0.25839071968985433,0.5048942336724728,0.7451050769613409,1.1769653654253198,0.022628946345429477,0.037212039115625435,0.02998224217424128,1.4177184098837092,-0.19256844500806813,0.3261327144751416,0.52,0.64,-0.10376482635959854,159.88,25
Q2,POS_1Y_MID,0.12786158280579574,0.1977086657236554,0.5527551606557879,0.7783682535614994,0.9849403209014274,0.020153668178658997,0.03054354779866479,0.034390197173775006,1.90880479228345,-0.15535291418624098,0.26716227305247764,0.6153846153846154,0.6923076923076923,-0.07714172437717332,261.5769230769231,26
Q2,NEG_1Y_LARGE,0.1035816452124942,0.24768814008011367,0.3355810587427405,0.4892131671683289,1.2245246247753527,-0.04547347787830811,0.025572849922739806,0.024484157660485284,1.003647656194187,-0.23366097628681082,0.29369173119081093,0.391304347826087,0.6956521739130435,-0.09986220136256095,159.6086956521739,23
Q2,POS_1Y_LARGE,0.11273690101473283,0.1878743044332833,0.5011851076606121,0.7114653166885719,0.957145897928783,0.007544204394192776,0.02716145972540461,0.03012379718078151,1.7119254230089518,-0.1522879205662947,0.22735711547553983,0.6153846153846154,0.6923076923076923,-0.07379874372942548,273.7307692307692,26
Q2,ALL,0.16201951825369698,0.2219191447972913,0.6463724473345783,0.9394636010492017,1.1277246935014271,0.041390528582923046,0.03978006396500971,0.036031478513327775,1.9595167709925614,-0.16659867065617195,0.2960897931737956,0.5,0.6153846153846154,-0.08550165792225944,1247.3461538461538,26
Q2,SPY,0.10907071953514214,0.17979750777417763,0.5033085448999955,0.7209078333679938,1.0,0.0,0.026888187155188932,0.030030919224506403,1.6358992144940518,-0.16110267509384868,0.20161799683277137,0.0,0.7307692307692307,-0.07110739140652987,1.0,26
Q3,NEG_1Y,-0.019368946088566506,0.22821567292772765,-0.17336673758315574,-0.24117012903195373,1.119585095191958,-0.047814458651879575,-0.003515366954143134,0.03302258349569187,-0.14743193871823343,-0.2602664826304266,0.2532321678943388,0.37037037037037035,0.5555555555555556,-0.10955269931537368,452.8888888888889,27
Q3,POS_1Y,0.04891635814924568,0.18867142103354617,0.1522238895517779,0.20936626831235983,0.9751219964344616,0.02153529472866204,0.011425655158314963,0.00997262937542831,0.7008372428792633,-0.1917244897155097,0.134576384438853,0.5925925925925926,0.5925925925925926,-0.08579053930549368,783.925925925926,27
Q3,NEG_1M,0.053108023472566865,0.20993678838263669,0.1567708219881998,0.22067171875220817,1.0664741574322727,0.02505384885405833,0.013362441985295261,0.024122758221017726,0.6520273375388229,-0.20723134536986698,0.2823065268296343,0.4444444444444444,0.5555555555555556,-0.09507447924451867,583.5925925925926,27
Q3,POS_1M,0.018021122302578605,0.1932307712158032,-0.011255651861216973,-0.015377738832623817,0.9846797965496787,-0.009430365968548357,0.004335400102055991,0.011071943842523746,0.23709455303957502,-0.17849043294639966,0.18202824439207443,0.4074074074074074,0.5925925925925926,-0.09268083339680111,653.2222222222222,27
Q3,NEG1Y_NEG1M,-0.00256431896002087,0.2296548856336583,-0.09910688156918217,-0.13892682445312915,1.1143362244078545,-0.03097115620725329,0.000933393916376689,0.031890047970314805,0.037965841673688897,-0.26293039393071893,0.2950152960202763,0.4444444444444444,0.5925925925925926,-0.11026382320429776,266.55555555555554,27
Q3,NEG1Y_POS1M,-0.06270815398130236,0.22458954430949196,-0.3691365723567065,-0.5060176375828336,1.066478891105328,-0.09076236347898951,-0.01424485390924709,0.013919215390629569,-0.6135862834348244,-0.28964200520947303,0.2063746030192588,0.3333333333333333,0.5185185185185185,-0.11384091422527925,186.33333333333334,27
Q3,POS1Y_NEG1M,0.06292399238429389,0.1914463287501603,0.22318491073180186,0.3105629409666323,0.9746136585285783,0.03554667455585652,0.015167772767181521,0.010779840038078747,0.8857762204025774,-0.20063768853088715,0.1903797630173243,0.6296296296296297,0.5185185185185185,-0.08656549077491348,317.037037037037,27
Q3,POS1Y_POS1M,0.02679908189988133,0.18948356939282557,0.03484746106895513,0.04730022314695528,0.9495963907129511,-0.0003939009010727843,0.006401437462526137,0.015585415344626652,0.3673435944135122,-0.21942105714865223,0.11279834449172088,0.48148148148148145,0.5925925925925926,-0.08830014855696777,466.8888888888889,27
Q3,Q1_1Y,0.000729455430507361,0.27457370695174727,-0.07089755744592029,-0.10060312764882691,1.2730052379860037,-0.028846504568027117,0.0026136410327258406,0.02651011132613501,0.08822586380289645,-0.32335771283736725,0.41460062189936076,0.4444444444444444,0.5555555555555556,-0.12437148865314679,247.66666666666666,27
Q3,Q2_1Y,0.04645747971263633,0.20011474640974705,0.13123180371028892,0.18516401677647798,1.0080966484524718,0.018833448777342974,0.010990198148702477,0.024617793023009815,0.6040966572533435,-0.1887486231870802,0.2626763751235339,0.4444444444444444,0.6296296296296297,-0.08791215501869193,247.25925925925927,27
Q3,Q3_1Y,0.07230864835417412,0.1840011464777949,0.2832188209664491,0.3991857026240002,0.9403334297201789,0.04518391793720385,0.017544183030091993,0.03580469870541192,1.0781528091253583,-0.17779426228282058,0.19339411951991914,0.5925925925925926,0.6666666666666666,-0.08041722376965114,247.03703703703704,27
Q3,Q4_1Y,0.061135886616762135,0.18533162199050143,0.2209003816229602,0.3074705052231773,0.9542537986038019,0.03390858658269177,0.014522193744456131,0.030780581095777526,0.911798236006988,-0.19406685691186187,0.14617651246663432,0.5555555555555556,0.6296296296296297,-0.08221821129896717,247.25925925925927,27
Q3,Q5_1Y,0.05586381156178485,0.2278972919378901,0.1565080070334815,0.21420840917175468,1.1061435323553996,0.02751734062336684,0.012591853044086169,0.013969887874037967,0.6495476225706629,-0.23490972998035164,0.16029693697308667,0.5185185185185185,0.5555555555555556,-0.10568929697818628,247.59259259259258,27
Q3,NEG_1Y_SMALL,0.024297509552202248,0.2405381756482064,0.017051135225797064,0.02418341256214046,1.0919096763005383,-0.003944081897919828,0.007560969269822341,0.030619843760023358,0.2975523513983265,-0.26071016133321767,0.27396706964542505,0.3333333333333333,0.5925925925925926,-0.11599948133550865,166.85185185185185,27
Q3,POS_1Y_SMALL,0.09101341866790418,0.20078031449221762,0.35271066416419494,0.5007024312186859,0.9384223985888765,0.06390276932400336,0.02177391988913164,0.01129911386321547,1.2916030331061332,-0.1962531681847942,0.17587549840908112,0.5925925925925926,0.6666666666666666,-0.08894410529309814,245.77777777777777,27
Q3,NEG_1Y_MID,-0.04728633539070854,0.23507216941768946,-0.28707097122611813,-0.39670619461287715,1.1273522291422948,-0.07578907861808745,-0.010253613163218366,0.02224329794978841,-0.41805097044539863,-0.291934372877345,0.25386516266707204,0.4444444444444444,0.5555555555555556,-0.11554826830072837,150.07407407407408,27
Q3,POS_1Y_MID,0.03926753636610609,0.19448338140364105,0.09806223871779546,0.13518300992166915,0.9901879000555033,0.011775462671398515,0.008644225158146964,0.0012376866652801244,0.5345488126625504,-0.199984860891112,0.13652692708939296,0.5555555555555556,0.5185185185185185,-0.08967763851055961,261.81481481481484,27
Q3,NEG_1Y_LARGE,-0.04761726520619759,0.22398614220094223,-0.3027567917019577,-0.4139730371626554,1.1265476029786692,-0.07611407969719015,-0.011044234912213912,0.021843687143583868,-0.48623044126611836,-0.265022573153873,0.23412128478185257,0.37037037037037035,0.5185185185185185,-0.10625381052751093,135.96296296296296,27
Q3,POS_1Y_LARGE,0.026355776436798716,0.18691211528769444,0.03295514490892981,0.044481107454472354,0.9952250489094747,-0.0011734125408117287,0.006019974710344635,0.02055297362735664,0.3605885532745817,-0.18436990762396022,0.13465880238509764,0.5925925925925926,0.5925925925925926,-0.08652665828518939,276.3333333333333,27
Q3,ALL,0.048475271068755786,0.20366521966186685,0.13885144711231456,0.19370354263298234,1.0563866035041412,0.020495424692015488,0.011652135737297743,0.014347333284768338,0.6233935552293712,-0.1974573218435025,0.23112385541700342,0.48148148148148145,0.5555555555555556,-0.09173443313630249,1236.8148148148148,27
Q3,SPY,0.02756437230566169,0.1748163415703832,0.042148872623769894,0.056528179421493324,0.9999999999999999,8.538092108323347e-19,0.006201514948797677,0.019104505290079787,0.4067479570751594,-0.16979981992709037,0.15381170160304225,0.0,0.6296296296296297,-0.07778218676328946,1.0,27
Q4,NEG_1Y,0.3085005442211532,0.2623297803115413,1.1014344122923947,1.662958470774967,1.074746084621791,0.09689463252251354,0.0791765206205841,0.0819796736617846,3.2515907883198114,-0.25694512271664205,0.35706661060247114,0.6296296296296297,0.8518518518518519,-0.09281477749838357,439.74074074074076,27
Q4,POS_1Y,0.26279040254240266,0.2192218985180797,1.1095100780063052,1.6196411951099536,0.9443727162614277,0.0744806699145023,0.0665994941238577,0.06735046780623444,3.600959738847446,-0.21566323333989845,0.24136056887812352,0.7037037037037037,0.8518518518518519,-0.07662656763491259,802.2222222222222,27
Q4,NEG_1M,0.29938089488384056,0.24592614560166945,1.1378188251693693,1.701846138782849,1.0575841491288551,0.09084161809286707,0.07676074430722479,0.09209724482193615,3.4304431235423056,-0.2502506469431277,0.32068692790033926,0.6666666666666666,0.8518518518518519,-0.08356755874597734,678.0370370370371,27
Q4,POS_1M,0.23123701036449815,0.21939448006625514,0.964816952020198,1.3790987955557212,0.9149793375168461,0.048179526898674475,0.05821519398648022,0.06052143876426719,3.1288584927951417,-0.23065645830498815,0.2693686104648685,0.5185185185185185,0.8888888888888888,-0.07869624500821823,563.925925925926,27
Q4,NEG1Y_NEG1M,0.3193060836548153,0.2666351432661392,1.1241750924735023,1.708479381707558,1.0875084344832415,0.10541969096933806,0.08234508196891356,0.08158556572107534,3.254318917550701,-0.2585525462638675,0.36784840902175553,0.6666666666666666,0.8518518518518519,-0.09440076160303042,312.037037037037,27
Q4,NEG1Y_POS1M,0.2222507294397588,0.2505812740179598,0.808876215579915,1.16669331049285,0.9663726595752001,0.03000986712310848,0.05497807566314355,0.05648084270611786,2.649254513250593,-0.2490092600071152,0.3092223801168956,0.4444444444444444,0.8148148148148148,-0.09475987419783047,127.70370370370371,27
Q4,POS1Y_NEG1M,0.26872469351035105,0.22819785811899765,1.0918735116413887,1.6107617679485196,0.9777807735398747,0.07444533614580216,0.06851209528223362,0.0760632290773835,3.3930903772403544,-0.2187034295243192,0.23772945772956566,0.6296296296296297,0.8518518518518519,-0.07945755441572037,366.0,27
Q4,POS1Y_POS1M,0.22882656772356175,0.21407741049958723,0.9775205633246739,1.4029909217833483,0.8783742248894751,0.05230998497539627,0.057517312393226896,0.05982057727533108,3.211827158873712,-0.21155149259867434,0.24659502780656672,0.5185185185185185,0.8888888888888888,-0.07661161479966624,436.22222222222223,27
Q4,Q1_1Y,0.34652417526179613,0.31433503180883726,1.0401725718045978,1.5801203617424115,1.2324689135906328,0.10673505932894867,0.08914808456419558,0.0762036976738878,2.943239120611755,-0.30973540888943507,0.48665150417645364,0.5925925925925926,0.8888888888888888,-0.10462924396170602,248.85185185185185,27
Q4,Q2_1Y,0.2964348336761292,0.2416864489440814,1.1455889979304188,1.723116865101758,1.028436035562073,0.0931039800605782,0.07585053845754827,0.0932371880079641,3.4924873017102516,-0.25323848558740836,0.3197707039659632,0.6666666666666666,0.8888888888888888,-0.07876265006879858,248.22222222222223,27
Q4,Q3_1Y,0.2556488090354081,0.21501890131186754,1.0979839947933914,1.6279617837498737,0.9361470982223303,0.06880889707116233,0.06459309132024225,0.07346390630484456,3.654423062669563,-0.22433943730987693,0.2409370813586671,0.5555555555555556,0.8888888888888888,-0.07193566544382961,248.07407407407408,27
Q4,Q4_1Y,0.254783617609669,0.21025672708817944,1.1187376691833577,1.6401893265242609,0.9140772012449597,0.07188733522655405,0.06484007532237805,0.061867504832963105,3.5833203796787707,-0.22433818203721345,0.20950926723472674,0.6666666666666666,0.8888888888888888,-0.07454471232506234,248.22222222222223,27
Q4,Q5_1Y,0.28725392469092975,0.25724338334680813,1.0406192936481355,1.5145673920679872,1.0385244062380903,0.08212039854527363,0.07407093037579668,0.06579501600049698,2.955899506804864,-0.21585923179149613,0.41331368070755103,0.5925925925925926,0.8888888888888888,-0.09735036144539962,248.59259259259258,27
Q4,NEG_1Y_SMALL,0.3644485448222267,0.2777117895253018,1.2418883929804752,1.893242896487061,1.0598151156152729,0.15551062070456342,0.09437348738505949,0.11722416184824747,3.5915292157647416,-0.24315336472477878,0.38370413511903534,0.6666666666666666,0.8518518518518519,-0.0994947437835174,162.22222222222223,27
Q4,POS_1Y_SMALL,0.308997170369443,0.2337959365081785,1.2379841920066919,1.8517387918304096,0.9327377470406094,0.12276646914081984,0.07829592017040045,0.08437830485886,4.126344715689492,-0.19620736902447344,0.2899630120101446,0.6666666666666666,0.8888888888888888,-0.0789369659018211,252.07407407407408,27
Q4,NEG_1Y_MID,0.30376888865737073,0.26602617510350923,1.068343713658513,1.6094508441814337,1.0638262946782961,0.09411421427918873,0.07791306487146345,0.07661423240144738,3.1482536940320376,-0.26957546550774936,0.3676583146401582,0.6666666666666666,0.8888888888888888,-0.09650943409462125,145.88888888888889,27
Q4,POS_1Y_MID,0.2610626216323738,0.22315881700615864,1.0821939641703298,1.577977563399479,0.9424180710715763,0.07310216098336927,0.066650081347436,0.06074312788731051,3.283835630649101,-0.21222777272577042,0.33683518584495253,0.5925925925925926,0.8148148148148148,-0.07996050405370926,267.77777777777777,27
Q4,NEG_1Y_LARGE,0.2425435856158142,0.26041102740694355,0.8562697633017015,1.2809877598160104,1.098546309260903,0.02668485524653921,0.06080828766812773,0.053832602438839805,2.6634951248300194,-0.2568662854221855,0.3193988180119707,0.6296296296296297,0.8518518518518519,-0.09367190690237705,131.62962962962962,27
Q4,POS_1Y_LARGE,0.22317024737992242,0.21628686359640886,0.9413828800205751,1.356646254211252,0.9612636013679784,0.031842313342836714,0.056645228485519804,0.07041024260924189,2.9492412781969266,-0.2475818179995658,0.26303666328841047,0.5925925925925926,0.8518518518518519,-0.07658402935260632,282.3703703703704,27
Q4,ALL,0.2889213410680998,0.23691078405388202,1.136967425636141,1.6817531639940908,1.0277594127877276,0.08571139194027298,0.07370944765638528,0.08185200232362178,3.5388179399283732,-0.24556385254265067,0.306153244085966,0.6296296296296297,0.8888888888888888,-0.08165009835953567,1241.962962962963,27
Q4,SPY,0.19824967035820903,0.2096002635483683,0.8525188399873187,1.26530088234865,1.0000000000000002,-2.7321894746634712e-17,0.04904249334291722,0.07020466283613414,3.05122992928857,-0.21568661224304564,0.14357650829390312,0.0,0.8148148148148148,-0.0692959691071018,1.0,27
