key,strategy,tier,kind,mean,median,t,hit,worst,best,years,spread_sharpe,long_sharpe,long_alpha,long_beta,avg_long_n,avg_short_n,y2018,y2019,y2020,y2021,y2022,y2023,y2024,y2025
sep_ls_dec31,"Long Sept losers / short Sept winners, Oct 15 → Dec 31",All,long/short,0.040900001186693236,0.04305122841434472,3.922851112825726,0.875,-0.0035456083795503135,0.0957023299888391,8,2.0220811569074164,1.553654826001645,0.12116646234020237,1.1149427327460997,1187.75,693.0,-0.0035456083795503135,0.018050170147368982,0.057249252333737344,0.03954508251124067,0.04804891046673654,0.0957023299888391,0.046557374317448774,0.025592498107724793
sep_ls_dec31,"Long Sept losers / short Sept winners, Oct 15 → Dec 31",Mega,long/short,-0.007192258327683395,-0.006637628546251495,-0.24975151222261818,0.2857142857142857,-0.11218595969415601,0.12282637862065704,7,-0.2944067253255388,0.43479441568133886,-0.10636251873402013,1.0384014687589873,15.0,12.571428571428571,-0.01992818430366372,-0.006637628546251495,0.12282637862065704,-0.004211329698765809,,0.04236580819493452,-0.11218595969415601,-0.07257489286653829
sep_ls_dec31,"Long Sept losers / short Sept winners, Oct 15 → Dec 31",Large,long/short,0.025094682305325716,0.02064300207410863,2.7310488656348197,0.875,-0.011300355504825887,0.0627006540044317,8,1.3256129292561174,1.2385757025200703,0.0247517904462426,0.9616323373294017,288.875,199.5,0.009388063769921073,-0.011300355504825887,0.02340910965160714,0.04382025595143069,0.053181683970111804,0.0627006540044317,0.0016811521033190946,0.01787689449661012
sep_ls_dec31,"Long Sept losers / short Sept winners, Oct 15 → Dec 31",Mid,long/short,0.03218683618237822,0.0309125536649969,3.1438123848325663,0.875,-0.0017649047841197252,0.07256206637165996,8,1.5648575687785817,1.257963780829316,0.05640308191933314,1.1253139900568805,450.625,262.375,0.010739303525132415,-0.0017649047841197252,0.026836367719447418,0.03498873961054638,0.07106594064608518,0.07256206637165996,0.0008939897558302157,0.042173186614443914
sep_ls_dec31,"Long Sept losers / short Sept winners, Oct 15 → Dec 31",Small,long/short,0.05482503704675849,0.050238210228632674,2.926802997366529,0.875,-0.022627351777657956,0.14726210757193026,8,2.316863441747869,1.8578723901062524,0.24645791094295927,1.2004316425073882,432.625,219.875,-0.022627351777657956,0.07962055320614292,0.059834236669306096,0.04064218378795925,0.014317351525932276,0.14726210757193026,0.09566013600408785,0.023891079386367253
sep_ls_q4,"Long Sept losers / short Sept winners, full Q4",All,long/short,0.033748115702745454,0.04062406239224825,3.668328482950634,0.875,-0.007953974068054315,0.06954150321568542,8,1.3659098241249408,1.3171862354116708,0.08614397792159263,1.0786461635297582,1187.75,693.0,0.002130414612408038,0.026341802336660836,0.05131831743547077,0.034442796390841135,0.046805328393655365,0.06954150321568542,0.04735873730529638,-0.007953974068054315
sep_ls_q4,"Long Sept losers / short Sept winners, full Q4",Mega,long/short,-0.0028783337693299993,-0.017606069079510567,-0.09980410580669058,0.42857142857142855,-0.10151862527274069,0.12576626696670878,7,-0.14567491515557637,0.6157320912379229,-0.06549644024512961,1.0312372424657723,15.0,12.571428571428571,-0.025902316114802204,0.01316253108164167,0.12576626696670878,-0.017606069079510567,,0.05467931724695263,-0.10151862527274069,-0.06872944121355962
sep_ls_q4,"Long Sept losers / short Sept winners, full Q4",Large,long/short,0.02112580032841624,0.013555256968486029,3.1886782494831976,1.0,0.00032111242343302315,0.048122340739950475,8,0.9473128921655811,1.0925909812576102,0.015083805635349782,0.9523691009487452,288.875,199.5,0.018964951576747824,0.006625328585893486,0.008145562360224234,0.041534579078867484,0.048122340739950475,0.03832831012681415,0.00032111242343302315,0.006964217735399236
sep_ls_q4,"Long Sept losers / short Sept winners, full Q4",Mid,long/short,0.025131047623418015,0.012623066728792598,2.754726730231972,1.0,0.0035781432857446838,0.07724500353216279,8,1.0279277249372623,1.0804808613889918,0.035302287897148024,1.08860186130759,450.625,262.375,0.016105351801343315,0.009140781656241881,0.0035781432857446838,0.035823186259709816,0.07724500353216279,0.04475997444773805,0.0067737629254851495,0.007622177078918435
sep_ls_q4,"Long Sept losers / short Sept winners, full Q4",Small,long/short,0.04072163478659943,0.041624574540309434,2.130838728413998,0.75,-0.0363080331262593,0.11763330031622665,8,1.3616670192128566,1.5212474695932074,0.17441111292041714,1.1464467649759318,432.625,219.875,-0.013973345231355072,0.07433127632683045,0.061032415227627146,0.02221673385299172,0.008355788140328446,0.11763330031622665,0.0924849427864054,-0.0363080331262593
sep_ls_dec15,"Long Sept losers / short Sept winners, Oct 15 → Dec 15",All,long/short,0.03807016445374688,0.039760604343440475,3.115388527529286,0.75,-0.008891120615645898,0.09698221958508779,8,2.25628628981908,1.8707530515881516,0.12699992753346306,1.1433281930064454,1187.75,693.0,-0.008891120615645898,-0.0011540729195465005,0.0643636900219553,0.04321274145030196,0.051432093909998366,0.09698221958508779,0.022307296961245004,0.03630846723657899
sep_ls_dec15,"Long Sept losers / short Sept winners, Oct 15 → Dec 15",Mega,long/short,-0.012659202715026614,-0.015131653030745928,-0.4722558811732509,0.42857142857142855,-0.11583361768694256,0.08559669313480556,7,-0.552504402506676,0.5137490158432826,-0.14386233809925322,1.0570494685077239,15.0,12.571428571428571,-0.015131653030745928,-0.019211134817879616,0.08559669313480556,0.022272394715445065,,0.04161706798299969,-0.11583361768694256,-0.0879241693028685
sep_ls_dec15,"Long Sept losers / short Sept winners, Oct 15 → Dec 15",Large,long/short,0.025414608936850006,0.025289092202820718,2.678033827576688,0.75,-0.010604641379935886,0.06036483780899382,8,1.5852378183715667,1.6623322971731376,0.039908689554283845,0.9715541743232876,288.875,199.5,0.007665290413454984,-0.010604641379935886,0.030419516417560244,0.04795202260267861,0.05234089825776134,0.06036483780899382,-0.0049797206137942585,0.02015866798808119
sep_ls_dec15,"Long Sept losers / short Sept winners, Oct 15 → Dec 15",Mid,long/short,0.03392669248961494,0.03956819105390258,2.7853988751073095,0.75,-0.009347032714724257,0.07767302008056087,8,1.9285936337983371,1.6489556565667587,0.07808848922556733,1.1469141787634356,450.625,262.375,0.00744902090589139,-0.007059951043264512,0.04727843304655721,0.03233520447032545,0.07767302008056087,0.07628366753409366,-0.009347032714724257,0.04680117763747971
sep_ls_dec15,"Long Sept losers / short Sept winners, Oct 15 → Dec 15",Small,long/short,0.044260724120601044,0.04674926491373771,2.4436970266284614,0.875,-0.03471031036299865,0.14746926899420987,8,2.3651634653716807,2.044845252266233,0.22776525806214226,1.248332003696563,432.625,219.875,-0.03471031036299865,0.023668706290064012,0.05716274229506513,0.04831215685207069,0.01556731500733699,0.14746926899420987,0.05142954091365559,0.04518637297540473
nn_pp,"Long double losers / short double winners, Oct 15 → Dec 15",All,long/short,0.056645819332146866,0.05435259952446064,2.6068368571883567,0.75,-0.02667700568651965,0.14831775780465928,8,1.6244269876319317,1.7878231094334456,0.1632355576125596,1.2011063064104541,561.75,504.0,-0.02667700568651965,0.07188276653046155,0.14831775780465928,-0.01553851912116333,0.06446095744160796,0.12809206852910027,0.038384287551715524,0.04424424160731333
nn_pp,"Long double losers / short double winners, Oct 15 → Dec 15",Mega,long/short,-0.05788246849120593,-0.05788246849120593,,0.0,-0.05788246849120593,-0.05788246849120593,1,-2.371980403057006,-0.29720923556828227,-0.11714108684034943,0.696607483672876,4.0,25.0,,,,,,,,-0.05788246849120593
nn_pp,"Long double losers / short double winners, Oct 15 → Dec 15",Large,long/short,0.035370186907761836,0.028524495046670484,2.2359364793763525,0.625,-0.016387173643007347,0.10664502165124867,8,1.0300468786673629,1.5270685553725258,0.07348041713764623,1.0139731674694112,108.75,165.5,-0.0027427199144636205,0.08295771661127493,0.10664502165124867,-0.016387173643007347,0.03752865767134206,0.0606165141408781,-0.005176853677177018,0.01952033242199891
nn_pp,"Long double losers / short double winners, Oct 15 → Dec 15",Mid,long/short,0.047431285882279,0.05012293236841675,2.726390574669022,0.75,-0.0215791318818086,0.10156242960132311,8,1.4335582108783513,1.547139994454857,0.0920050130441277,1.1989373119667324,203.625,191.375,-0.008187992952713996,0.04783916272556321,0.10156242960132311,-0.0215791318818086,0.09537972072314904,0.09897665982712978,0.013052737004319193,0.05240670201127029
nn_pp,"Long double losers / short double winners, Oct 15 → Dec 15",Small,long/short,0.05717738133455326,0.055507635051655624,2.2441593899766876,0.75,-0.05914838074979012,0.1686768311063669,8,1.5324716459478331,1.8807203750734072,0.2289466414620132,1.2875812066981418,246.25,136.5,-0.05914838074979012,0.0758779859707659,0.1299489109518448,-0.008132741868995375,0.04690529998364901,0.1686768311063669,0.03918117516292274,0.06410997011966224
oct_rev,"Long 1Y winners / short 1Y losers, Oct 1–15",All,long/short,0.01306491192633856,0.014772526910026229,2.9613256804443675,0.875,-0.01150664428157,0.028235915992971483,8,3.0208408156365154,1.09991780056879,0.09987827241041124,0.9432979041885772,1130.0,750.75,-0.01150664428157,0.01207315146482757,0.0046681138002737654,0.01020853900841212,0.028235915992971483,0.019630915959321427,0.01747190235522489,0.023737401111247225
oct_rev,"Long 1Y winners / short 1Y losers, Oct 1–15",Mega,long/short,-0.02437048976673617,0.006909092131833994,-0.64172790284247,0.6666666666666666,-0.09995027187787331,0.019929710445830806,3,-3.168381758810458,1.013624092524014,0.15059409875464483,0.7707688994163522,20.333333333333332,8.0,,0.006909092131833994,,,0.019929710445830806,,,-0.09995027187787331
oct_rev,"Long 1Y winners / short 1Y losers, Oct 1–15",Large,long/short,0.007927108326969315,0.011965773709524508,1.582602363132318,0.875,-0.023770197012726646,0.02288695793260742,8,1.7879582618701448,0.8362459727720278,0.03939281047367285,0.9356858884487388,345.625,142.75,-0.023770197012726646,0.0010382795799268596,0.01520946601923101,0.010589609895271801,0.02288695793260742,0.010415732609421635,0.013705080068245223,0.013341937523777214
oct_rev,"Long 1Y winners / short 1Y losers, Oct 1–15",Mid,long/short,0.012138503754803187,0.013691972858795975,2.484357474649077,0.875,-0.014019934847605553,0.028385018744092494,8,2.6226536383913452,1.0556698593800016,0.09713751167827682,0.9690024779527009,438.375,274.625,-0.014019934847605553,0.010349577452454128,0.018825750883870507,0.005523428413554354,0.026692990285955842,0.004316830840965902,0.017034368265137823,0.028385018744092494
oct_rev,"Long 1Y winners / short 1Y losers, Oct 1–15",Small,long/short,0.020437867330562312,0.01937946463948592,4.041398572610703,0.875,-0.005230564579965957,0.04026339857153882,8,4.323430121788534,1.4533339867138502,0.20162238504468158,0.9236147812270107,322.875,329.625,-0.005230564579965957,0.019434848822903916,0.013814382401757364,0.017121592853513112,0.03841377784302824,0.020361422275655072,0.019324080456067927,0.04026339857153882
long_a,"Long basket A (1Y worst 20–40%, Sept down), Oct 15 → Dec 15",All,long only,0.029658583505158653,0.013148425444506784,1.4260524461613227,0.75,-0.04113877362799756,0.15193930598659655,8,1.1632586219106054,1.877954831243966,0.1448852948883453,1.0881463883340707,263.5,,-0.006836821020687278,0.004735061463907009,0.15193930598659655,-0.04113877362799756,0.01173835313750149,0.07154177954251373,0.03073126480792321,0.014558497751512078
long_a,"Long basket A (1Y worst 20–40%, Sept down), Oct 15 → Dec 15",Mega,long only,-0.04995781288925777,-0.03148863574425065,-1.7813205473129856,0.0,-0.12891242185561125,-0.007941558212918531,4,-1.954270546710362,0.40197296042623143,-0.37643900370464645,1.267478407107609,5.0,,,,,-0.007941558212918531,-0.012032228097147435,-0.05094504339135386,-0.12891242185561125,
long_a,"Long basket A (1Y worst 20–40%, Sept down), Oct 15 → Dec 15",Large,long only,0.026164924046098936,0.01664726068134703,1.5577307571893007,0.625,-0.02699962296456926,0.11678957568296355,8,1.1376235469173375,1.9618119886495533,0.15236575221315063,0.9959494090336083,66.625,,0.05189681664471624,0.05730817738444616,0.11678957568296355,-0.01886683851564608,0.01543563990213448,0.017858881460559584,-0.02699962296456926,-0.004103237225813183
long_a,"Long basket A (1Y worst 20–40%, Sept down), Oct 15 → Dec 15",Mid,long only,0.025397974106474472,0.013479386307850894,1.112273703952665,0.75,-0.05100152288577364,0.16057466251974595,8,0.9315261530606666,1.7215678256581732,0.12212311069556839,1.0864275949401347,102.875,,0.010190602834026063,0.016768169781675724,0.16057466251974595,-0.05100152288577364,0.029795113429153197,0.06248678999665591,-0.028110713345475435,0.0024806905217880093
long_a,"Long basket A (1Y worst 20–40%, Sept down), Oct 15 → Dec 15",Small,long only,0.03722422995383025,0.018103059091307272,1.1521704863726605,0.5,-0.06654912869132268,0.15686514646853666,8,1.147636434979823,1.7994908898525197,0.15991340644968205,1.160130447309017,90.875,,-0.06177297837667706,-0.027471482375504896,0.15686514646853666,-0.06654912869132268,-0.0073990020254854905,0.1348134937057046,0.1257026707172908,0.043605120208100034
long_b,"Long basket B (1Y worst 40%, Sept below −10%), Oct 15 → Dec 15",All,long only,0.07754641673559276,0.06584026354096029,1.5553588060663772,0.625,-0.07310487402853649,0.3325349327491547,8,1.6962460978214549,2.025309638713535,0.2923262509517924,1.4752101249734044,192.75,,-0.07310487402853649,0.11975263061940988,0.3325349327491547,-0.07278326129765378,0.01192789646251069,0.14810931582995468,0.17136712266071452,-0.01743242911081211
long_b,"Long basket B (1Y worst 40%, Sept below −10%), Oct 15 → Dec 15",Mega,long only,-0.06278630695815046,-0.06278630695815046,,0.0,-0.06278630695815046,-0.06278630695815046,1,-0.8414776665315219,0.4678339587459122,-0.6229252794919936,1.7402515831825074,5.0,,,,,,-0.06278630695815046,,,
long_b,"Long basket B (1Y worst 40%, Sept below −10%), Oct 15 → Dec 15",Large,long only,0.027328061955838034,0.010670074335139335,0.8319443688266017,0.7142857142857143,-0.07679857263325596,0.2045184126748425,7,0.6750500342663022,1.2176314221367461,0.08361332925341612,1.379694674280178,29.428571428571427,,-0.01157023695442183,,0.2045184126748425,-0.07679857263325596,0.013702584148303165,0.04879933903522282,0.010670074335139335,0.0019748330850362095
long_b,"Long basket B (1Y worst 40%, Sept below −10%), Oct 15 → Dec 15",Mid,long only,0.06540868988724648,0.057969163722242034,1.4273148795861783,0.625,-0.08122231842170802,0.29109432975761806,8,1.5144286817495025,1.9106475875554085,0.24251170426834956,1.4226125621456314,67.625,,-0.07782612138390721,0.17474689724168724,0.29109432975761806,-0.08122231842170802,0.019078095037426523,0.09686023240705754,0.11773551847414576,-0.01719711401434809
long_b,"Long basket B (1Y worst 40%, Sept below −10%), Oct 15 → Dec 15",Small,long only,0.09133898746560434,0.05175554809785654,1.6514177528013887,0.625,-0.08180826734734326,0.35670661703096496,8,1.7633269113340675,2.074492577523048,0.3537342620844369,1.5161893698930586,98.375,,-0.08180826734734326,0.09595471524923727,0.35670661703096496,-0.051733414113119824,0.007556380946475816,0.2014392815889936,0.22595894399690208,-0.023362357627275898
long_sep,"Long Sept losers, Oct 15 → Dec 15",All,long only,0.029517763257957005,0.009606576921112775,1.2942673798883757,0.75,-0.049743097198445385,0.1531270897641337,8,1.2406075848345715,1.8707530515881516,0.12699992753346306,1.1433281930064454,1187.75,,-0.02103742564956146,0.0071579361592231106,0.1531270897641337,-0.049743097198445385,0.005355911688949,0.08867865971691513,0.04054781389943951,0.01205521768300244
long_sep,"Long Sept losers, Oct 15 → Dec 15",Mega,long only,-0.021587349916086934,-0.011942284401139758,-2.485254731557557,0.25,-0.061997245240403176,0.006235241152465099,8,-1.4637271112309411,0.7148123980184112,-0.13642615397411614,1.063536112786739,15.625,,0.00021072318141790447,-0.009847445163289503,0.006235241152465099,-0.014037123638990012,-0.009226580761891867,-0.033059765187049006,-0.061997245240403176,-0.05097660367095491
long_sep,"Long Sept losers, Oct 15 → Dec 15",Large,long only,0.006032133925939084,0.002572328693849102,0.5676074336128246,0.625,-0.03630808668374885,0.048546607052596835,8,0.42248249003530036,1.6623322971731376,0.039908689554283845,0.9715541743232876,288.875,,0.004638169890617827,-0.017826475571613765,0.048546607052596835,-0.03630808668374885,0.02188623602383455,0.04309372573214554,-0.016279592533399834,0.0005064874970803768
long_sep,"Long Sept losers, Oct 15 → Dec 15",Mid,long only,0.020507118350543585,0.007751166530307829,0.9588872845012397,0.625,-0.05899043690601036,0.13676604762292977,8,0.8703274323881599,1.6489556565667587,0.07808848922556733,1.1469141787634356,450.625,,-0.017886306585793932,-0.006471249472444374,0.13676604762292977,-0.05899043690601036,0.002109771182676079,0.07690701448692105,0.018229544598130865,0.01339256187793958
long_sep,"Long Sept losers, Oct 15 → Dec 15",Small,long only,0.05313675425029779,0.034518821770932684,1.6081447985632555,0.625,-0.05434743502512496,0.22163322617806358,8,1.5947977485032556,2.044845252266233,0.22776525806214226,1.248332003696563,432.625,,-0.038446363257161886,0.04887762198982659,0.22163322617806358,-0.05434743502512496,-0.0018012039075656627,0.13850949786130418,0.09050866861100171,0.020160021552038776
long_nn,"Long double losers, Oct 15 → Dec 15",All,long only,0.039555588366260316,0.030832198514473497,1.1646516589769635,0.75,-0.10778337629431933,0.2105930305998054,8,1.174771338686305,1.7878231094334456,0.1632355576125596,1.2011063064104541,561.75,,-0.03433059707842023,0.060924780468053275,0.2105930305998054,-0.10778337629431933,0.009510721272080858,0.11586575093393559,0.051330666847718254,0.01033373018122874
long_nn,"Long double losers, Oct 15 → Dec 15",Mega,long only,-0.008998466224402535,-0.008998466224402535,,0.5,-0.025618808477870902,0.007621876029065833,2,-0.4007136488881282,1.0439209428018987,-0.08829114118000511,1.1484604229497943,9.0,,,,,,0.007621876029065833,,,-0.025618808477870902
long_nn,"Long double losers, Oct 15 → Dec 15",Large,long only,0.014117709357345062,0.010982602170937106,0.6105498956585478,0.5,-0.10159830771115286,0.12698319262928082,8,0.5300288570925997,1.5270685553725258,0.07348041713764623,1.0139731674694112,108.75,,-0.0043141599485955195,0.05232497337104758,0.12698319262928082,-0.10159830771115286,0.02627936429046973,0.035981562679325174,-0.018039401966475355,-0.004675548485139069
long_nn,"Long double losers, Oct 15 → Dec 15",Mid,long only,0.025835467592286346,0.018638039342650736,0.8653390032615004,0.75,-0.11146911247159241,0.1758797853542502,8,0.8164663959018371,1.547139994454857,0.0920050130441277,1.1989373119667324,203.625,,-0.03168911094756033,0.03794922878814644,0.1758797853542502,-0.11146911247159241,0.008621333279799304,0.09228357235544249,0.02865474540550217,0.006453298974302912
long_nn,"Long double losers, Oct 15 → Dec 15",Small,long only,0.05596601507388761,0.05198238569029301,1.3579925446887557,0.75,-0.10993238259973392,0.2548425180490257,8,1.3827770369217227,1.8807203750734072,0.2289466414620132,1.2875812066981418,246.25,,-0.049033665625138,0.08174739669392306,0.2548425180490257,-0.10993238259973392,0.00045881593275698407,0.1621204643850389,0.08530759906856522,0.02221737468666296
long_np,"Long 1Y losers with Sept up, Oct 15 → Dec 15",All,long only,0.004219000721413638,0.008045813607491903,0.16299156682575855,0.625,-0.11869336806514819,0.1351176218994865,8,0.16427397529504428,1.1149457092291126,-0.018393658365177937,1.1836230352416963,189.0,,-0.03107462316503229,0.026534376807000548,0.1351176218994865,-0.11869336806514819,-0.03869895664942269,0.012730537598973468,0.044475327729441405,0.0033610896160103376
long_np,"Long 1Y losers with Sept up, Oct 15 → Dec 15",Mega,long only,-0.009256641167040724,-0.009256641167040724,,0.0,-0.009256641167040724,-0.009256641167040724,1,-0.49272649197502677,2.49926849550329,-0.06467450249921271,1.0487598567898588,3.0,,,-0.009256641167040724,,,,,,
long_np,"Long 1Y losers with Sept up, Oct 15 → Dec 15",Large,long only,0.0038690609436376716,0.009461399849161944,0.36777572098279804,0.7142857142857143,-0.048379673163442494,0.03578298786489831,7,0.21128866495418486,1.3349952838708574,0.03237704002251834,0.97615432637704,38.57142857142857,,-0.011351793317619818,0.03578298786489831,0.010695403926635594,,-0.048379673163442494,0.028139230795498626,0.009461399849161944,0.00273587065033154
long_np,"Long 1Y losers with Sept up, Oct 15 → Dec 15",Mid,long only,0.004497376585844731,0.006921684402191652,0.15620156437037036,0.625,-0.13062685540818797,0.12010395511095973,8,0.15728132230223968,1.1107799819610542,-0.02219518311756834,1.1926274304025577,71.0,,-0.03285198993951233,0.010841504417240744,0.12010395511095973,-0.13062685540818797,-0.06744677345242334,0.050618982187009554,0.0823383253845289,0.003001864387142561
long_np,"Long 1Y losers with Sept up, Oct 15 → Dec 15",Small,long only,0.008281949872050262,0.0049108745878502225,0.2504230079121583,0.625,-0.1361976865890122,0.19752881625703567,8,0.24161719948866786,0.9784150181818535,-0.01197626846415087,1.2877745967811562,83.375,,-0.04493320905269316,0.036881688346356745,0.19752881625703567,-0.1361976865890122,0.007555451201660679,-0.018230045291846908,0.02138428613086152,0.002266297974039766
long_jan,"Long 1Y losers, Dec 15 → Jan 31",All,long only,0.0015443480326665232,-0.009358688442007157,0.08993579641065556,0.375,-0.06585034281181246,0.08320438481413728,8,0.07801548160497972,0.5674163842857447,0.007015131939051668,1.028251250960183,757.75,,0.04627644175210022,-0.045770432292782104,0.025985812736291303,-0.01269903589705823,0.08320438481413728,-0.06585034281181246,-0.012773703052587737,-0.006018340986956083
long_jan,"Long 1Y losers, Dec 15 → Jan 31",Mega,long only,0.010070584856156159,0.010509840651245494,0.8541321313946014,0.6666666666666666,-0.023316073940955917,0.0571576008629775,6,0.5852132074730034,1.2923216247234341,0.1082361930657905,0.8686334526258495,8.0,,0.002452099061935442,,0.0571576008629775,,0.020131351038622736,0.018567582240555547,-0.014569050126198357,-0.023316073940955917
long_jan,"Long 1Y losers, Dec 15 → Jan 31",Large,long only,-0.008337856045132055,-0.009122112400520577,-0.8282110104530385,0.25,-0.047463764850417145,0.039082233894693896,8,-0.638588819349473,0.20568868191733175,-0.06251999881122405,0.9356558053538707,150.125,,0.023222312053238214,-0.005576210032694817,-0.00584086844887588,-0.03255320350895463,0.039082233894693896,-0.047463764850417145,-0.012403356352165273,-0.025169991115880808
long_jan,"Long 1Y losers, Dec 15 → Jan 31",Mid,long only,-0.005509949883872753,-0.013802016019787477,-0.3399503816900415,0.25,-0.06286568847346652,0.07762554762592533,8,-0.3723125155214992,0.29189960636571205,-0.05168295425876741,1.0469848269837523,279.375,,0.04137445014716268,-0.04958282091224031,-0.0032571315820937308,-0.019769923836694514,0.07762554762592533,-0.06286568847346652,-0.01724043641488926,-0.010363595624685695
long_jan,"Long 1Y losers, Dec 15 → Jan 31",Small,long only,0.013943537841852358,0.007144064771885172,0.6142616274207379,0.625,-0.07944883936598757,0.11815560763687172,8,0.6941090117499327,0.9482294365120277,0.10278407219428737,1.0537853239594481,322.0,,0.061296712180937574,-0.05223371175867597,0.058837791475579104,0.006459335785214182,0.11815560763687172,-0.07944883936598757,-0.009347386977676342,0.007828793758556163
