year,trough_date,trough_day,trough_val,trough_month_day,end_val,rebound_from_trough,raw_end
1999,2000-01-25,80,-0.1722211264810749,01-25,-0.15598551489674806,0.019613464541935688,-0.14163543756497732
2000,2000-10-20,15,-0.009558787429116755,10-20,0.19940456339556412,0.2109800644121782,0.20119148701709944
2001,2001-10-02,2,-0.016332013194857997,10-02,0.09865724181446334,0.11689844190497167,0.10517651362376235
2002,2002-10-09,7,-0.04181679900232682,10-09,0.12626786299301607,0.17542017207182403,0.1261061621493229
2003,2003-11-06,27,-0.05456228205265323,11-06,-0.013838057697021067,0.04307446549102045,0.004985193199367632
2004,2005-01-24,79,-0.04010032231532845,01-24,-0.035333842895908574,0.004965601645910311,-0.027848496924907207
2005,2005-11-03,24,-0.005206515905506359,11-03,0.008743016777968737,0.01402254126762048,0.015111395620254875
2006,2006-10-04,3,-0.005510771741374265,10-04,0.0066692686351643715,0.012247533739371042,0.016946387366177262
2007,2008-01-09,70,-0.08273008421122341,01-09,0.013090999631739653,0.10446334518729405,-0.0015237789940725222
2008,2008-11-21,38,-0.0680271863940588,11-21,-0.003253620829895776,0.06950156122424267,-0.04789240680126494
2009,2009-12-10,50,-0.006237652529267446,12-10,0.018183908789064285,0.024574850697944184,0.02147683555415747
2010,2010-11-01,22,-0.022950006778339027,11-01,0.009740071124432204,0.03345793780211914,0.025269812206486275
2011,2011-10-03,1,-0.005760665221445471,10-03,0.05622958177324122,0.062349421136605576,0.06977893151037695
2012,2012-11-20,35,-0.04996499010330224,11-20,-0.0064421947011721326,0.045811780564657845,-0.001865311949819981
2013,2013-12-18,56,-0.06773179660202133,12-18,-0.024938164462316004,0.045902704805043104,-0.01575819206723028
2014,2015-01-23,79,-0.030355879792182017,01-23,-0.026751215428969854,0.003717512732856587,-0.02491347621315887
2015,2016-01-19,75,-0.07613089876925716,01-19,-0.05210989547109357,0.026000440177254225,-0.05088881020645797
2016,2016-11-08,27,-0.015237653648369265,11-08,0.016456342929539014,0.032184411493116905,0.022876990424806287
2017,2017-11-03,25,-0.04782900816677538,11-03,-0.026419907991732106,0.022484512087292297,-0.011128042405471161
2018,2018-12-13,52,-0.002585874594081994,12-13,0.026156744586365077,0.028817136682067312,0.019502565803268368
2019,2020-01-31,85,-0.027592114554363167,01-31,-0.027592114554363167,0.0,-0.017323818318646267
2020,2020-11-06,27,-0.020883212833360698,11-06,0.03252500878345255,0.0545473454411558,0.04717820762312841
2021,2022-01-14,74,-0.09689502661867522,01-14,-0.0846736064961281,0.013532668386033508,-0.07631181254853736
2022,2022-11-08,27,-0.05047289423176149,11-08,0.04848095496374105,0.10421382243263233,0.06389032006389561
2023,2023-11-13,31,-0.04177694622049,11-13,-0.03277362236398196,0.009395853941309706,-0.021476758843909205
2024,2024-11-19,36,-0.04218530896305306,11-19,0.02785415335689745,0.07312423057963802,0.033936184107490774
2025,2025-11-10,29,-0.030786176189115944,11-10,-0.014589580821839587,0.016711065163714345,-0.00739777659773333
