,sector,ret_12m,ret_6m,off52wH,decline,pre_high_date,days_since_3ylow,px/pre_high,retrace,R2_250,slope_250,maxDD_250,wkHL_26,RV250,corr60,dollarvol20M,fails
BIIB,Healthcare,44.0,30.0,-2.0,-58.0,2023-10-16,372.0,0.8344778469082301,71.0,0.8316825407229625,35.0,-14.0,69.0,0.3347558360308092,0.08279032313865566,241.6409346649292,
WST,Healthcare,38.0,47.0,0.0,-54.0,2024-02-07,374.0,0.9190342514242581,85.0,0.6092816325182411,40.0,-25.0,73.0,0.3349622348906653,0.07260330059095245,237.951753440448,
TTC,Industrials,32.0,6.0,-2.0,-35.0,2024-07-17,374.0,1.0337197162079457,110.0,0.5805821709537289,31.0,-14.0,54.0,0.2601192826945758,0.225654130050149,85.355365929245,
VTRS,Healthcare,80.0,33.0,-4.0,-45.0,2024-11-22,372.0,1.4174793019854781,193.0,0.8530008109529899,61.0,-19.0,69.0,0.3203503390526374,0.09378050739202119,156.39206110904598,px/preH 0.6-1.15
NDSN,Industrials,46.0,28.0,0.0,-39.0,2024-05-10,374.0,1.2390311123543203,161.0,0.8504428726435247,35.0,-14.0,50.0,0.22034798033506944,0.25230413117552136,114.29836514767456,px/preH 0.6-1.15
IFF,Basic Materials,38.0,17.0,-5.0,-43.0,2024-10-15,246.0,0.8199975760113184,58.0,0.7834459298716819,32.0,-19.0,54.0,0.35557543990193136,0.16022877213092493,148.241731473402,stoch>0.5
SLAB,Technology,67.0,6.0,0.0,-46.0,2025-02-20,374.0,1.4039067885075067,188.0,0.7483345964937971,67.0,-16.0,69.0,0.5475625723032234,0.4488713859591206,61.503005808884424,px/preH 0.6-1.15
CZR,Consumer Cyclical,10.0,11.0,-2.0,-63.0,2023-12-19,160.0,0.6031326222652769,37.0,0.7447184407645764,43.0,-28.0,62.0,0.46005398117840895,0.40334652093923495,143.08723601454983,slope60>3%
GGB,Basic Materials,65.0,40.0,0.0,-41.0,2023-11-17,374.0,1.3701861305359095,189.0,0.7294480022532643,42.0,-28.0,50.0,0.36269869401976795,0.36975310672138567,63.807385065182785,px/preH 0.6-1.15
DXCM,Healthcare,31.0,37.0,-6.0,-61.0,2024-04-09,225.0,0.618725549406048,37.0,0.4952785446331631,30.0,-23.0,54.0,0.3962982267618993,0.11929689419623762,368.1313373759899,R2>=0.55
BRKR,Healthcare,84.0,74.0,-1.0,-69.0,2024-03-21,273.0,0.6845789641993413,54.0,0.4478617039150504,46.0,-40.0,54.0,0.5639426525297615,-0.03493734198296245,143.46545603158035,R2>=0.55
S,Technology,43.0,88.0,0.0,-60.0,2024-02-14,122.0,0.8476666768391927,75.0,0.3371769940697783,35.0,-34.0,65.0,0.5322883968612875,0.20194400447388355,201.94702339106638,R2>=0.55
QLYS,Technology,52.0,120.0,0.0,-63.0,2023-12-19,122.0,0.9649812679817333,94.0,0.08022880774943153,24.0,-50.0,62.0,0.567338377848898,0.15901036639222088,130.94374159653015,R2>=0.55
