,sector,dist,ret_12m,ret_6m,off52wH,maxDD250,maxDD_days_ago,within5_120,wkHL26,wkup26,slope60,RV250,beta60,corr60,UVDV60,stoch20,dollarvol20M
AAPL,Technology,1.736,30.0,29.0,-2.0,-14.0,178.0,66.0,65.0,69.0,19.0,0.247,0.138,0.057,1.098,0.649,13889.433
CPAY,Technology,1.818,40.0,35.0,-6.0,-20.0,137.0,72.0,65.0,58.0,37.0,0.369,0.159,0.076,1.111,0.518,196.013
RGA,Financial Services,2.31,32.0,21.0,-2.0,-13.0,85.0,94.0,62.0,65.0,27.0,0.226,0.202,0.111,1.016,0.656,88.877
AMGN,Healthcare,2.457,39.0,19.0,-9.0,-17.0,106.0,70.0,54.0,62.0,45.0,0.291,0.551,0.178,1.167,0.547,1346.56
VTRS,Healthcare,2.552,80.0,33.0,-4.0,-19.0,130.0,53.0,69.0,58.0,12.0,0.32,0.237,0.094,0.955,0.645,156.392
MET,Financial Services,2.625,23.0,38.0,-3.0,-17.0,131.0,95.0,62.0,65.0,13.0,0.238,0.301,0.167,1.313,0.738,307.083
JXN,Financial Services,2.688,36.0,28.0,-4.0,-16.0,131.0,62.0,65.0,54.0,45.0,0.324,1.012,0.354,1.412,0.604,122.951
EXEL,Healthcare,2.709,42.0,34.0,-0.0,-14.0,240.0,83.0,54.0,69.0,31.0,0.368,0.511,0.169,1.26,0.653,125.591
AME,Industrials,2.799,36.0,16.0,-2.0,-14.0,130.0,66.0,58.0,58.0,7.0,0.237,0.991,0.499,1.274,0.885,356.041
JCI,Industrials,2.884,46.0,18.0,0.0,-13.0,130.0,62.0,58.0,65.0,9.0,0.305,0.995,0.4,1.172,0.969,487.293
PM,Consumer Defensive,2.916,25.0,20.0,-5.0,-19.0,115.0,61.0,54.0,58.0,4.0,0.279,-0.538,-0.233,1.2,0.701,858.557
NDSN,Industrials,2.941,46.0,28.0,0.0,-14.0,130.0,81.0,50.0,62.0,54.0,0.22,0.546,0.252,1.451,0.926,114.298
TTC,Industrials,3.29,32.0,6.0,-2.0,-14.0,83.0,67.0,54.0,54.0,7.0,0.26,0.531,0.226,1.391,0.861,85.355
ABBV,Healthcare,3.389,16.0,31.0,-0.0,-16.0,111.0,87.0,54.0,69.0,25.0,0.254,-0.403,-0.208,1.231,0.84,1151.894
MFG,Financial Services,3.436,71.0,35.0,-4.0,-25.0,136.0,78.0,62.0,65.0,34.0,0.331,1.456,0.469,0.794,0.553,37.61
CLH,Industrials,3.441,42.0,8.0,-1.0,-18.0,220.0,68.0,58.0,58.0,13.0,0.279,-0.68,-0.333,1.341,0.734,124.728
TEVA,Healthcare,3.482,98.0,33.0,-1.0,-22.0,130.0,62.0,54.0,62.0,105.0,0.39,-0.239,-0.077,1.284,0.79,200.276
ACA,Industrials,3.567,59.0,38.0,0.0,-21.0,136.0,89.0,73.0,69.0,4.0,0.318,0.041,0.175,1.036,0.875,106.752
DXCM,Healthcare,3.618,31.0,37.0,-6.0,-23.0,225.0,57.0,54.0,50.0,72.0,0.396,0.433,0.119,1.451,0.569,368.131
TRGP,Energy,3.771,80.0,18.0,-5.0,-13.0,242.0,70.0,58.0,62.0,23.0,0.291,-0.711,-0.254,1.058,0.654,336.551
WAT,Healthcare,3.831,37.0,45.0,-1.0,-31.0,142.0,80.0,62.0,54.0,69.0,0.354,0.99,0.391,1.504,0.854,314.355
WTS,Industrials,3.843,30.0,26.0,-7.0,-15.0,130.0,56.0,46.0,46.0,9.0,0.272,0.975,0.479,1.339,0.674,69.581
ET,Energy,3.864,32.0,13.0,-5.0,-9.0,3.0,74.0,65.0,65.0,22.0,0.169,-0.26,-0.175,1.045,0.502,189.029
FFIV,Technology,3.896,40.0,49.0,0.0,-35.0,218.0,70.0,65.0,69.0,38.0,0.367,1.238,0.378,1.126,0.954,245.219
EXPD,Industrials,3.924,59.0,34.0,0.0,-16.0,154.0,93.0,69.0,62.0,42.0,0.313,0.77,0.342,1.881,0.9,214.321
GGB,Basic Materials,3.972,65.0,40.0,0.0,-28.0,136.0,55.0,50.0,62.0,22.0,0.363,1.264,0.37,1.614,0.635,63.807
SN,Consumer Cyclical,4.104,81.0,68.0,-5.0,-26.0,130.0,63.0,62.0,62.0,61.0,0.433,0.651,0.181,1.02,0.876,351.321
APH,Technology,4.268,42.0,38.0,-1.0,-28.0,130.0,40.0,58.0,62.0,29.0,0.457,1.577,0.447,0.966,0.934,990.542
VCTR,Financial Services,4.42,85.0,85.0,-4.0,-18.0,126.0,76.0,69.0,69.0,59.0,0.315,1.066,0.35,1.364,0.951,83.347
ARW,Technology,4.497,96.0,63.0,-1.0,-19.0,217.0,51.0,62.0,65.0,38.0,0.377,1.424,0.386,1.166,0.778,133.702
