ticker,Sector,tier_close,P_close,sigs_close,tier_now,P_now,sigs_now,rank_now,rank_close,day_ret,basis_now,dP,dsig,status
AMKR,Technology,1,0.5319,39,1,0.5319,37,1,2,-0.026971317534575157,composite 1.00 (+signatures),0.0,-2,holding
GLW,Technology,1,0.5292,35,1,0.5315,45,2,4,-0.02201574950481411,composite 1.00 (+signatures),0.0022999999999999687,10,holding
MRVL,Technology,1,0.5329,50,1,0.5292,50,3,1,-0.017542954917220466,composite 0.99 (+signatures),-0.0037000000000000366,0,holding
LITE,Technology,1,0.5292,44,1,0.5292,44,4,5,-0.030496790834667276,composite 0.99 (+signatures),0.0,0,holding
TTMI,Technology,1,0.5292,50,1,0.5292,58,5,3,-0.05206844482351558,composite 0.99 (+signatures),0.0,8,holding
MRNA,Healthcare,1,0.5292,122,1,0.5292,77,6,6,0.02760582314961546,composite 0.99 (+signatures),0.0,-45,holding
DELL,Technology,1,0.5292,64,1,0.5292,73,7,8,0.010452961672473782,composite 0.99 (+signatures),0.0,9,holding
ENTG,Technology,1,0.5292,30,1,0.5292,26,8,7,-0.018065788247797476,composite 0.99 (+signatures),0.0,-4,holding
HPE,Technology,1,0.528,97,1,0.5292,91,9,9,0.035804461052256764,composite 0.99 (+signatures),0.0011999999999999789,-6,holding
SMTC,Technology,1,0.528,74,1,0.528,64,10,10,-0.026673400548867576,composite 0.98 (+signatures),0.0,-10,holding
MTSI,Technology,1,0.512,41,1,0.512,29,11,12,-0.030855239712272997,signatures x29 (+composite),0.0,-12,holding
SANM,Technology,1,0.512,33,1,0.512,45,12,14,-0.05233047938835855,signatures x45 (+composite),0.0,12,holding
SITM,Technology,1,0.512,65,1,0.512,49,13,15,-0.05357490343138849,signatures x49 (+composite),0.0,-16,holding
LSCC,Technology,1,0.512,30,1,0.512,27,14,17,-0.022979075703428276,signatures x27 (+composite),0.0,-3,holding
NVT,Industrials,1,0.512,54,1,0.512,28,15,18,-0.04525319536859762,signatures x28 (+composite),0.0,-26,holding
AMD,Technology,1,0.512,73,1,0.512,63,16,19,-0.010994354656729155,signatures x63 (+composite),0.0,-10,holding
SMCI,Technology,1,0.512,56,1,0.512,56,17,21,0.01610678273551902,signatures x56 (+composite),0.0,0,holding
MKSI,Technology,1,0.512,66,1,0.5015,50,18,11,-0.036832344619917246,composite 0.98 (+signatures),-0.010500000000000065,-16,weakening
NXT,Technology,1,0.4736,9,1,0.4736,9,19,23,-0.03326135540456321,signatures x9 (+composite),0.0,0,holding
COHR,Technology,1,0.512,25,1,0.4667,32,20,13,-0.043341348452023865,composite 0.97 (+signatures),-0.04530000000000001,7,weakening
VIAV,Technology,1,0.4619,25,1,0.466,16,21,26,-0.0394681706537412,composite 0.97 (+signatures),0.004100000000000048,-9,holding
FLEX,Technology,1,0.466,41,1,0.46,57,22,25,-0.025292467987247158,signatures x57 (+composite),-0.006000000000000005,16,holding
AMAT,Technology,1,0.466,47,1,0.46,47,23,24,-0.016171029647520707,signatures x47 (+composite),-0.006000000000000005,0,holding
KLAC,Technology,1,0.46,38,1,0.46,37,24,28,-0.009394363026717367,signatures x37 (+composite),0.0,-1,holding
AEIS,Industrials,1,0.46,19,1,0.46,25,25,29,-0.03814772999990823,signatures x25 (+composite),0.0,6,holding
VICR,Technology,2,0.4491,65,1,0.46,91,26,42,-0.06545489584878761,signatures x91 (+composite),0.01090000000000002,26,UP A TIER
ONTO,Technology,1,0.46,10,1,0.46,11,27,32,-0.03423541017791565,signatures x11 (+composite),0.0,1,holding
BE,Industrials,1,0.46,54,1,0.46,54,28,31,-0.02723305398953524,signatures x54 (+composite),0.0,0,holding
ON,Technology,1,0.46,77,1,0.46,75,29,30,-0.04582312957401269,signatures x75 (+composite),0.0,-2,holding
LRCX,Technology,1,0.46,31,1,0.46,21,30,34,-0.01922792879713453,signatures x21 (+composite),0.0,-10,holding
VRT,Industrials,1,0.46,46,1,0.46,50,31,36,-0.03484234845024792,signatures x50 (+composite),0.0,4,holding
SYNA,Technology,1,0.46,38,1,0.46,39,32,33,0.0002504363625164263,signatures x39 (+composite),0.0,1,holding
INTC,Technology,1,0.46,47,1,0.46,35,33,35,0.005466647677951464,signatures x35 (+composite),0.0,-12,holding
DOCN,Technology,2,0.4071,35,1,0.46,58,34,60,-0.0162964246725813,signatures x58 (+composite),0.0529,23,UP A TIER
CIEN,Technology,1,0.46,29,1,0.46,29,35,37,-0.006649344596049822,signatures x29 (+composite),0.0,0,holding
JBL,Technology,1,0.46,37,1,0.46,46,36,38,-0.03148554543249016,signatures x46 (+composite),0.0,9,holding
HL,Basic Materials,3,0.3703,50,1,0.46,23,37,91,-0.03830413286746437,signatures x23 (+composite),0.0897,-27,UP A TIER
DDOG,Technology,2,0.4144,37,1,0.46,21,38,54,-0.010746083738201628,signatures x21 (+composite),0.04560000000000003,-16,UP A TIER
MU,Technology,1,0.46,31,1,0.4545,29,39,27,0.03434993207419579,composite 0.96 (+signatures),-0.005500000000000005,-2,holding
P,Technology,1,0.512,82,1,0.4545,75,40,16,0.026290831903599265,composite 0.95 (+signatures),-0.057499999999999996,-7,weakening
STX,Technology,2,0.4492,68,2,0.4495,77,41,41,-0.006088439193111306,signatures x77 (+composite),0.00030000000000002247,9,holding
TWLO,Technology,2,0.4495,90,2,0.4495,83,42,40,-0.022431469857620567,signatures x83 (+composite),0.0,-7,holding
OKTA,Technology,2,0.4495,82,2,0.4491,66,43,39,-0.002560925427735561,signatures x66 (+composite),-0.00040000000000001146,-16,holding
CRWD,Technology,2,0.4458,59,2,0.4458,59,44,43,-0.04045040296862967,signatures x59 (+composite),0.0,0,holding
KEYS,Technology,2,0.4395,3,2,0.4395,1,45,47,-0.0212354463837775,composite 0.95 (+signatures),0.0,-2,holding
WDC,Technology,2,0.4395,39,2,0.4354,36,46,46,-0.01566758054575712,composite 0.94 (+signatures),-0.0040999999999999925,-3,holding
WHR,Consumer Cyclical,2,0.4332,16,2,0.4332,14,47,48,-0.05124378427336307,signatures x14 (+composite),0.0,-2,holding
CGNX,Technology,1,0.4736,7,2,0.4286,4,48,22,-0.0712886156897381,signatures x4 (+composite),-0.04500000000000004,-3,down a tier
RMBS,Technology,1,0.512,11,2,0.4275,11,49,20,-0.02480492849941729,signatures x11 (+composite),-0.08450000000000002,0,down a tier
KTOS,Industrials,2,0.4275,8,2,0.4275,10,50,51,-0.04838704891487522,signatures x10 (+composite),0.0,2,holding
PSN,Technology,2,0.4275,10,2,0.4275,9,51,52,-0.02042747807183265,signatures x9 (+composite),0.0,-1,holding
PATH,Technology,2,0.4314,29,2,0.4158,25,52,49,0.0019083677711670965,composite 0.94 (+signatures),-0.015600000000000003,-4,weakening
TER,Technology,2,0.4144,17,2,0.4137,18,53,55,-0.05472675662231863,composite 0.94 (+signatures),-0.0006999999999999784,1,holding
ALGM,Technology,2,0.4078,33,2,0.4078,32,54,57,-0.045433381023612496,signatures x32 (+composite),0.0,-1,holding
HIMS,Healthcare,2,0.4078,38,2,0.4078,33,55,59,0.000678671809626108,signatures x33 (+composite),0.0,-5,holding
SNDK,Technology,2,0.4443,54,2,0.4078,40,56,44,0.04004311564178553,signatures x40 (+composite),-0.03649999999999998,-14,weakening
PANW,Technology,2,0.4071,45,2,0.4071,45,57,61,-0.03217358397704706,signatures x45 (+composite),0.0,0,holding
RGEN,Healthcare,3,0.393,87,2,0.406,91,58,75,-0.023075624202362643,signatures x91 (+composite),0.013000000000000012,4,UP A TIER
PBF,Energy,2,0.4047,85,2,0.4043,83,59,62,0.015866342724233373,signatures x83 (+composite),-0.00040000000000001146,-2,holding
BTSG,Healthcare,3,0.3999,18,3,0.3999,18,60,63,0.007215671913296529,signatures x18 (+composite),0.0,0,holding
FN,Technology,3,0.3999,6,3,0.3999,6,61,64,-0.0065418517112484365,signatures x6 (+composite),0.0,0,holding
IPGP,Technology,3,0.3999,7,3,0.3999,5,62,66,-0.05132871248569659,signatures x5 (+composite),0.0,-2,holding
MP,Basic Materials,3,0.3999,4,3,0.3999,4,63,65,-0.05429627833943618,signatures x4 (+composite),0.0,0,holding
AAON,Industrials,3,0.3999,8,3,0.3999,6,64,67,-0.02566143004498367,signatures x6 (+composite),0.0,-2,holding
MCHP,Technology,4,0.3491,6,3,0.3999,12,65,109,-0.05439337536479272,signatures x12 (+composite),0.050799999999999956,6,UP A TIER
CDE,Basic Materials,3,0.3999,28,3,0.3999,10,66,68,-0.040320372360663326,signatures x10 (+composite),0.0,-18,holding
DVA,Healthcare,3,0.3517,30,3,0.3999,30,67,105,-0.012596959711551392,signatures x30 (+composite),0.048199999999999965,0,strengthening
NOVT,Technology,3,0.3999,7,3,0.3999,7,68,71,-0.039269019092213586,signatures x7 (+composite),0.0,0,holding
CRS,Industrials,3,0.3999,30,3,0.3999,30,69,69,-0.020520065938515186,signatures x30 (+composite),0.0,0,holding
STRL,Industrials,2,0.4395,23,3,0.3985,22,70,45,-0.07198995354554283,signatures x22 (+composite),-0.04099999999999998,-1,down a tier
IESC,Industrials,2,0.4158,29,3,0.3985,18,71,53,-0.10342258404296256,signatures x18 (+composite),-0.017299999999999982,-11,down a tier
TKR,Industrials,4,0.3437,5,3,0.3985,19,72,113,-0.039024601637939194,signatures x19 (+composite),0.054800000000000015,14,UP A TIER
SNPS,Technology,3,0.3983,7,3,0.3983,6,73,72,-0.00671064108780961,signatures x6 (+composite),0.0,-1,holding
GEV,Industrials,3,0.3979,11,3,0.3979,11,74,73,-0.031907936248886326,signatures x11 (+composite),0.0,0,holding
RRX,Industrials,2,0.4108,2,3,0.3928,2,75,56,-0.030415950589260166,composite 0.93 (+signatures),-0.018000000000000016,0,down a tier
MTZ,Industrials,3,0.3878,1,3,0.3878,1,76,76,-0.03766975903879388,composite 0.92 (+signatures),0.0,0,holding
ARW,Technology,3,0.3878,3,3,0.3878,3,77,77,-0.03319465861124449,composite 0.91 (+signatures),0.0,0,holding
NTAP,Technology,3,0.3832,0,3,0.3878,0,78,83,0.027642821299038944,composite 0.91,0.004599999999999993,0,holding
SN,Consumer Cyclical,3,0.3878,4,3,0.3878,4,79,79,0.00016240135934730837,composite 0.90 (+signatures),0.0,0,holding
BRKR,Healthcare,2,0.4078,20,3,0.3878,14,80,58,-0.007272704573702216,composite 0.90 (+signatures),-0.020000000000000018,-6,down a tier
ATI,Industrials,3,0.3878,5,3,0.3878,2,81,80,-0.033668949881199506,composite 0.90 (+signatures),0.0,-3,holding
AVT,Technology,3,0.3878,0,3,0.385,11,82,81,-0.0315878586405276,composite 0.89 (+signatures),-0.002799999999999969,11,holding
CAT,Industrials,3,0.3878,2,3,0.3822,7,83,78,-0.05898498162208721,composite 0.89 (+signatures),-0.005599999999999994,5,holding
QLYS,Technology,3,0.3838,50,3,0.3774,41,84,82,-0.024708584822629276,signatures x41 (+composite),-0.006399999999999961,-9,holding
EL,Consumer Defensive,3,0.3595,20,3,0.3774,20,85,99,0.012639249115910411,signatures x20 (+composite),0.017900000000000027,0,strengthening
MTDR,Energy,3,0.3774,7,3,0.3774,11,86,84,-0.01445850296455542,signatures x11 (+composite),0.0,4,holding
ANET,Technology,3,0.3703,3,3,0.3753,2,87,87,-0.0034374786778332833,composite 0.88 (+signatures),0.0050000000000000044,-1,holding
WCC,Industrials,3,0.3703,2,3,0.3703,3,88,88,-0.04659061465878256,composite 0.87 (+signatures),0.0,1,holding
DY,Industrials,3,0.371,1,3,0.3703,1,89,86,-0.041266348702979294,composite 0.87 (+signatures),-0.0006999999999999784,0,holding
FCX,Basic Materials,3,0.3703,1,3,0.3703,1,90,89,-0.01653799598426342,composite 0.86 (+signatures),0.0,0,holding
SWKS,Technology,3,0.3703,71,3,0.3703,67,91,90,0.005073054285551271,signatures x67 (+composite),0.0,-4,holding
GME,Consumer Cyclical,3,0.3629,43,3,0.3629,38,92,93,-0.012920052897340328,signatures x38 (+composite),0.0,-5,holding
ARWR,Healthcare,3,0.3628,42,3,0.3628,41,93,94,0.003412399761919316,signatures x41 (+composite),0.0,-1,holding
GNRC,Industrials,3,0.3569,34,3,0.3628,43,94,101,-0.03275644892310969,signatures x43 (+composite),0.005900000000000016,9,holding
HOOD,Financial,3,0.3628,40,3,0.3628,39,95,95,-0.028695515223911783,signatures x39 (+composite),0.0,-1,holding
DOCS,Healthcare,3,0.3628,41,3,0.3628,43,96,96,0.0021590307292453925,signatures x43 (+composite),0.0,2,holding
PWR,Industrials,2,0.4275,11,3,0.3618,10,97,50,-0.03653618616452192,signatures x10 (+composite),-0.06569999999999998,-1,down a tier
NOW,Technology,4,0.3416,18,3,0.3612,35,98,121,0.00855253073379103,signatures x35 (+composite),0.019600000000000006,17,UP A TIER
CDNS,Technology,4,0.3233,1,3,0.3595,9,99,151,-0.006188223227582612,signatures x9 (+composite),0.03620000000000001,8,UP A TIER
QCOM,Technology,3,0.3595,21,3,0.3595,17,100,97,-0.02195772043484223,signatures x17 (+composite),0.0,-4,holding
CLF,Basic Materials,4,0.3413,18,3,0.3595,22,101,122,-0.02653059667470503,signatures x22 (+composite),0.018199999999999994,4,UP A TIER
WDAY,Technology,3,0.3595,28,3,0.3595,28,102,98,0.0020905890285096707,signatures x28 (+composite),0.0,0,holding
GDDY,Technology,3,0.3555,30,3,0.3555,30,103,103,-0.0010185218355088788,signatures x30 (+composite),0.0,0,holding
VFC,Consumer Cyclical,3,0.3517,8,3,0.3517,8,104,104,-0.01211074000310064,signatures x8 (+composite),0.0,0,holding
AKAM,Technology,4,0.3373,8,3,0.3517,10,105,128,-0.03820660486964955,signatures x10 (+composite),0.014400000000000024,2,UP A TIER
LFUS,Technology,4,0.3491,3,4,0.3491,1,106,108,-0.05756360387151638,composite 0.85 (+signatures),0.0,-2,holding
FIX,Industrials,4,0.3491,6,4,0.3491,6,107,106,-0.0600233214492335,composite 0.85 (+signatures),0.0,0,holding
ST,Technology,4,0.3261,1,4,0.3473,11,108,145,-0.05094488457066071,signatures x11 (+composite),0.021199999999999997,10,strengthening
CVLT,Technology,4,0.3473,19,4,0.3473,19,109,110,-0.023099767258662696,signatures x19 (+composite),0.0,0,holding
AVAV,Industrials,4,0.3025,1,4,0.3473,10,110,222,-0.057579767146658356,signatures x10 (+composite),0.044800000000000006,9,strengthening
KRYS,Healthcare,4,0.3295,6,4,0.3451,5,111,135,-0.0004283349099021283,signatures x5 (+composite),0.015600000000000003,-1,strengthening
FTNT,Technology,4,0.3451,4,4,0.3451,4,112,111,-0.004077998441333164,signatures x4 (+composite),0.0,0,holding
MPWR,Technology,4,0.3491,6,4,0.3437,6,113,107,-0.03412516810978505,composite 0.83 (+signatures),-0.005400000000000016,0,holding
HWM,Industrials,4,0.3261,1,4,0.3437,0,114,141,-0.02806562965760362,composite 0.82,0.017600000000000005,-1,strengthening
SNX,Technology,4,0.3437,8,4,0.3437,8,115,112,-0.022756632459090986,composite 0.82 (+signatures),0.0,0,holding
LUV,Industrials,4,0.3405,0,4,0.3437,0,116,125,-0.008480579596734872,composite 0.82,0.0031999999999999806,0,holding
ENS,Industrials,4,0.3135,9,4,0.3436,25,117,160,-0.0654579757075392,signatures x25 (+composite),0.030100000000000016,16,strengthening
JBHT,Industrials,3,0.3569,34,4,0.3436,27,118,102,-0.012437470232764536,signatures x27 (+composite),-0.013299999999999979,-7,down a tier
DUOL,Technology,4,0.3436,24,4,0.3436,24,119,115,0.018969806696602642,signatures x24 (+composite),0.0,0,holding
VAL,Energy,4,0.3431,28,4,0.3431,29,120,118,-0.007073193061642558,signatures x29 (+composite),0.0,1,holding
IT,Technology,4,0.3326,9,4,0.3431,24,121,132,0.0127622790056241,signatures x24 (+composite),0.01050000000000001,15,strengthening
MUR,Energy,4,0.3429,15,4,0.3429,15,122,120,-0.028182122667497866,signatures x15 (+composite),0.0,0,holding
APPF,Technology,6,0.2364,0,4,0.3429,14,123,509,-0.03514339854537529,signatures x14 (+composite),0.10649999999999998,14,UP A TIER
EME,Industrials,3,0.3635,5,4,0.3429,4,124,92,-0.06045946179625106,signatures x4 (+composite),-0.020600000000000007,-1,down a tier
BMRN,Healthcare,6,0.233,0,4,0.3429,5,125,548,-0.01085024185532979,signatures x5 (+composite),0.10989999999999997,5,UP A TIER
MOG-A,Industrials,3,0.3999,5,4,0.3405,2,126,70,-0.0450843745187719,composite 0.81 (+signatures),-0.05939999999999995,-3,down a tier
ANF,Consumer Cyclical,4,0.3437,2,4,0.3405,3,127,114,-0.018247413835434045,composite 0.80 (+signatures),-0.0031999999999999806,1,holding
AGCO,Industrials,6,0.2366,0,4,0.3389,16,128,477,-0.056889581473973494,signatures x16 (+composite),0.10229999999999997,16,UP A TIER
ACN,Technology,4,0.3431,23,4,0.3389,20,129,119,0.02032062077868435,signatures x20 (+composite),-0.004200000000000037,-3,holding
AA,Basic Materials,4,0.3373,8,4,0.3373,8,130,129,-0.022700940092726274,signatures x8 (+composite),0.0,0,holding
GWRE,Technology,4,0.3373,12,4,0.3373,10,131,130,-0.0009117988778131192,signatures x10 (+composite),0.0,-2,holding
MOH,Healthcare,4,0.3436,19,4,0.3373,14,132,117,0.005636143433087604,signatures x14 (+composite),-0.006300000000000028,-5,holding
PEGA,Technology,4,0.3367,6,4,0.3367,3,133,131,0.0005780479377370806,signatures x3 (+composite),0.0,-3,holding
PLTR,Technology,4,0.3261,3,4,0.3333,8,134,143,0.005256881827209625,composite 0.79 (+signatures),0.007199999999999984,5,holding
STLD,Basic Materials,4,0.3261,0,4,0.3333,0,135,139,-0.014716399671491076,composite 0.79,0.007199999999999984,0,holding
LYB,Basic Materials,4,0.3254,5,4,0.3326,11,136,147,-0.012557299756229656,signatures x11 (+composite),0.007199999999999984,6,holding
CHRD,Energy,4,0.3326,12,4,0.3326,12,137,133,-0.016287395572210706,signatures x12 (+composite),0.0,0,holding
ADBE,Technology,4,0.3326,10,4,0.3326,9,138,134,-0.023874507286949842,signatures x9 (+composite),0.0,-1,holding
KNX,Industrials,4,0.3293,15,4,0.3293,15,139,136,-0.01268754316840992,signatures x15 (+composite),0.0,0,holding
FIVE,Consumer Cyclical,4,0.3293,16,4,0.3293,16,140,137,-0.019888543674613346,signatures x16 (+composite),0.0,0,holding
COIN,Financial,4,0.306,6,4,0.3293,15,141,185,-0.029772793236513606,signatures x15 (+composite),0.023299999999999987,9,strengthening
LSTR,Industrials,4,0.3286,13,4,0.3286,13,142,138,-0.013487126519594383,signatures x13 (+composite),0.0,0,holding
NEM,Basic Materials,4,0.3041,0,4,0.3283,14,143,215,-0.022424612286609302,signatures x14 (+composite),0.0242,14,strengthening
ELF,Consumer Defensive,4,0.3261,10,4,0.3261,12,144,144,0.0335635462351771,composite 0.79 (+signatures),0.0,2,holding
TPR,Consumer Cyclical,4,0.3261,0,4,0.3261,0,145,142,-0.030406878387647218,composite 0.79,0.0,0,holding
TXN,Technology,4,0.3405,2,4,0.3261,2,146,124,-0.04025500755521283,composite 0.79 (+signatures),-0.014400000000000024,0,weakening
FSLR,Technology,4,0.3233,2,4,0.3261,2,147,150,-0.014432709547597233,composite 0.78 (+signatures),0.0028000000000000247,0,holding
TEX,Industrials,4,0.3233,0,4,0.3261,1,148,152,-0.05161177173770981,composite 0.78 (+signatures),0.0028000000000000247,1,holding
AAL,Industrials,4,0.3261,1,4,0.3261,1,149,140,-0.01846152085524344,composite 0.78 (+signatures),0.0,0,holding
GOOGL,Communication Services,4,0.315,0,4,0.3261,0,150,158,-0.005263422143396479,composite 0.78,0.011099999999999999,0,strengthening
BROS,Consumer Cyclical,4,0.3106,0,4,0.3261,1,151,167,-0.01612905903649109,composite 0.77 (+signatures),0.015500000000000014,1,strengthening
NOV,Energy,4,0.3246,4,4,0.3246,4,152,149,-0.020789497777035315,signatures x4 (+composite),0.0,0,holding
RDDT,Communication Services,4,0.3106,1,4,0.3233,1,153,169,0.013225923202856205,composite 0.77 (+signatures),0.012699999999999989,0,strengthening
GOOG,Communication Services,4,0.3106,0,4,0.3233,0,154,172,-0.004860813751906834,composite 0.77,0.012699999999999989,0,strengthening
ALB,Basic Materials,4,0.3222,4,4,0.3222,4,155,154,-0.028302794352770166,signatures x4 (+composite),0.0,0,holding
ROIV,Healthcare,4,0.306,5,4,0.3195,13,156,178,-0.005628960177694209,signatures x13 (+composite),0.013500000000000012,8,strengthening
ECHO,Communication Services,4,0.3175,3,4,0.3175,4,157,155,-0.019148093936832367,signatures x4 (+composite),0.0,1,holding
EIX,Utilities,6,0.2382,0,4,0.317,4,158,414,0.0016589889877951514,signatures x4 (+composite),0.07880000000000001,4,UP A TIER
HALO,Healthcare,4,0.317,3,4,0.317,3,159,156,0.01779529135914748,signatures x3 (+composite),0.0,0,holding
XPO,Industrials,5,0.2896,0,4,0.317,4,160,292,-0.011717309340608995,signatures x4 (+composite),0.02739999999999998,4,UP A TIER
BWA,Consumer Cyclical,5,0.2896,0,4,0.317,2,161,301,-0.03290718220308875,signatures x2 (+composite),0.02739999999999998,2,UP A TIER
INTU,Technology,6,0.2382,0,4,0.317,6,162,426,0.021186345192236278,signatures x6 (+composite),0.07880000000000001,6,UP A TIER
CNH,Industrials,5,0.2993,0,4,0.3159,11,163,228,-0.05388094407860977,signatures x11 (+composite),0.016600000000000004,11,UP A TIER
ZBRA,Technology,3,0.3962,9,4,0.315,7,164,74,-0.007646877018937737,composite 0.76 (+signatures),-0.0812,-2,down a tier
WWD,Industrials,4,0.315,0,4,0.315,0,165,159,-0.020357195884568413,composite 0.76,0.0,0,holding
ILMN,Healthcare,3,0.3569,36,4,0.3135,5,166,100,-0.00018285555671704312,signatures x5 (+composite),-0.043399999999999994,-31,down a tier
HPQ,Technology,4,0.3436,21,4,0.3135,6,167,116,0.011976081739598188,signatures x6 (+composite),-0.030100000000000016,-15,weakening
SLB,Energy,4,0.3135,4,4,0.3135,4,168,161,-0.03889999389648435,signatures x4 (+composite),0.0,0,holding
ABNB,Consumer Cyclical,4,0.3387,17,4,0.3135,3,169,127,0.002213328317787644,signatures x3 (+composite),-0.0252,-14,weakening
LEA,Consumer Cyclical,4,0.3135,2,4,0.3135,2,170,163,-0.024262287577644703,signatures x2 (+composite),0.0,0,holding
BDC,Technology,5,0.2963,0,4,0.3135,2,171,247,-0.043149917637447244,signatures x2 (+composite),0.017199999999999993,2,UP A TIER
VEEV,Healthcare,4,0.3254,4,4,0.3135,4,172,146,0.0049735578910383715,signatures x4 (+composite),-0.011900000000000022,0,weakening
WFRD,Energy,4,0.3121,4,4,0.3121,5,173,164,-0.03940457129942887,signatures x5 (+composite),0.0,1,holding
SKYD,Communication Services,4,0.3121,11,4,0.3121,11,174,165,-0.08447002875733434,signatures x11 (+composite),0.0,0,holding
PAG,Consumer Cyclical,6,0.2282,0,4,0.3121,5,175,652,-0.03040042188816272,signatures x5 (+composite),0.0839,5,UP A TIER
LII,Industrials,4,0.3115,1,4,0.3106,1,176,166,-0.029907276242546077,composite 0.75 (+signatures),-0.0009000000000000119,0,holding
FLS,Industrials,4,0.3037,0,4,0.3106,3,177,216,-0.041996105201179246,composite 0.75 (+signatures),0.006899999999999962,3,holding
YETI,Consumer Cyclical,4,0.3041,0,4,0.3106,0,178,213,-0.008944114542896009,composite 0.75,0.006500000000000006,0,holding
BILL,Technology,4,0.306,7,4,0.3074,7,179,186,0.0038671971606711875,signatures x7 (+composite),0.0014000000000000123,0,holding
NYT,Communication Services,4,0.3072,5,4,0.3072,5,180,176,-0.005306698208324745,signatures x5 (+composite),0.0,0,holding
IVZ,Financial,5,0.2963,1,4,0.3072,2,181,245,0.00148124020859286,signatures x2 (+composite),0.010899999999999965,1,UP A TIER
AVTR,Healthcare,4,0.306,7,4,0.306,7,182,177,-0.0009721544410936644,signatures x7 (+composite),0.0,0,holding
FOUR,Technology,4,0.306,4,4,0.306,4,183,179,-0.010389650022828767,signatures x4 (+composite),0.0,0,holding
BBY,Consumer Cyclical,4,0.306,4,4,0.306,4,184,180,0.0006482063189729992,signatures x4 (+composite),0.0,0,holding
FLR,Industrials,4,0.306,6,4,0.306,5,185,181,-0.048084625831017136,signatures x5 (+composite),0.0,-1,holding
PCG,Utilities,4,0.3072,5,4,0.306,4,186,175,0.018799972534179643,signatures x4 (+composite),-0.0011999999999999789,-1,holding
CRM,Technology,4,0.306,7,4,0.306,7,187,183,-0.0016000737879998672,signatures x7 (+composite),0.0,0,holding
CASY,Consumer Cyclical,6,0.2382,0,4,0.306,5,188,387,0.019507064416375286,signatures x5 (+composite),0.0678,5,UP A TIER
HXL,Industrials,4,0.306,6,4,0.306,4,189,184,-0.025244770857824728,signatures x4 (+composite),0.0,-2,holding
SON,Consumer Cyclical,6,0.2426,0,4,0.306,4,190,376,-0.008850462994775654,signatures x4 (+composite),0.06339999999999998,4,UP A TIER
CDW,Technology,4,0.306,3,4,0.306,3,191,189,-0.00442242833953177,signatures x3 (+composite),0.0,0,holding
CELH,Consumer Defensive,4,0.306,3,4,0.306,3,192,192,-0.01117626584622955,signatures x3 (+composite),0.0,0,holding
THC,Healthcare,4,0.306,2,4,0.306,2,193,193,0.01029134386794106,signatures x2 (+composite),0.0,0,holding
ROKU,Communication Services,4,0.306,3,4,0.306,3,194,195,0.00249904569849857,signatures x3 (+composite),0.0,0,holding
AXON,Industrials,5,0.2963,1,4,0.306,2,195,244,-0.017426264858930396,signatures x2 (+composite),0.009699999999999986,1,UP A TIER
ORCL,Technology,4,0.306,5,4,0.3059,2,196,182,-0.00694207952719994,signatures x2 (+composite),-9.999999999998899e-05,-3,holding
FND,Consumer Cyclical,4,0.3059,1,4,0.3059,1,197,197,-0.03258089457252078,signatures x1 (+composite),0.0,0,holding
ESAB,Industrials,4,0.3059,1,4,0.3059,1,198,196,-0.06264791709993367,signatures x1 (+composite),0.0,0,holding
ALK,Industrials,4,0.3059,1,4,0.3059,1,199,198,-0.012785117306006955,signatures x1 (+composite),0.0,0,holding
EVR,Financial,4,0.3059,2,4,0.3059,2,200,199,-0.012216480380946138,signatures x2 (+composite),0.0,0,holding
ISRG,Healthcare,4,0.3051,2,4,0.3059,6,201,210,0.021716517974277094,signatures x6 (+composite),0.0008000000000000229,4,holding
WEX,Technology,4,0.306,7,4,0.3059,7,202,188,-0.0039363369989250385,signatures x7 (+composite),-9.999999999998899e-05,0,holding
GEN,Technology,4,0.3059,5,4,0.3059,5,203,204,-0.02807014960808163,signatures x5 (+composite),0.0,0,holding
RGLD,Basic Materials,4,0.3059,5,4,0.3051,4,204,201,-0.016087067097389718,signatures x4 (+composite),-0.0008000000000000229,-1,holding
HAL,Energy,4,0.317,5,4,0.3051,3,205,157,-0.031173606959350675,signatures x3 (+composite),-0.011900000000000022,-2,weakening
ODFL,Industrials,4,0.3051,3,4,0.3051,3,206,206,-0.007246424637466609,signatures x3 (+composite),0.0,0,holding
DAR,Consumer Defensive,6,0.2382,0,4,0.3051,3,207,440,-0.011933947426647662,signatures x3 (+composite),0.06689999999999999,3,UP A TIER
NVST,Healthcare,4,0.3051,4,4,0.3051,3,208,205,-0.004297394907715302,signatures x3 (+composite),0.0,-1,holding
CG,Financial,5,0.292,2,4,0.3051,3,209,266,-0.022633771706269457,signatures x3 (+composite),0.0131,1,UP A TIER
DOCU,Technology,4,0.3051,2,4,0.3051,2,210,208,0.009967755687600555,signatures x2 (+composite),0.0,0,holding
HRB,Consumer Cyclical,3,0.3762,14,4,0.3051,2,211,85,0.013136231399548226,signatures x2 (+composite),-0.0711,-12,down a tier
MANH,Technology,4,0.3051,2,4,0.3051,2,212,209,0.00520118296991523,signatures x2 (+composite),0.0,0,holding
PTC,Technology,5,0.292,1,4,0.3051,2,213,269,0.004196878541936622,signatures x2 (+composite),0.0131,1,UP A TIER
RH,Consumer Cyclical,4,0.3051,2,4,0.3051,2,214,211,-0.024197734937286053,signatures x2 (+composite),0.0,0,holding
FFIV,Technology,4,0.3037,0,4,0.3041,0,215,217,0.003874021953505613,composite 0.74,0.00039999999999995595,0,holding
APH,Technology,4,0.3106,1,4,0.3041,1,216,171,-0.013789213317502935,composite 0.74 (+signatures),-0.006500000000000006,0,holding
IBKR,Financial,4,0.3106,1,4,0.3041,0,217,173,-0.04139986668353479,composite 0.74,-0.006500000000000006,-1,holding
DKS,Consumer Cyclical,4,0.3041,0,4,0.3041,0,218,212,-0.028024900967204447,composite 0.74,0.0,0,holding
APP,Communication Services,4,0.3025,1,4,0.3041,1,219,218,-0.010797079341434257,composite 0.74 (+signatures),0.0015999999999999903,0,holding
SPXC,Industrials,4,0.3106,0,4,0.3037,0,220,168,-0.033841496753320044,composite 0.73,-0.006899999999999962,0,holding
TSCO,Consumer Cyclical,6,0.2105,0,4,0.3036,11,221,878,0.009600419628501111,signatures x11 (+composite),0.09309999999999999,11,UP A TIER
CRL,Healthcare,4,0.3025,0,4,0.3034,0,222,219,-0.00793541112920948,composite 0.73,0.0009000000000000119,0,holding
UAL,Industrials,4,0.3025,0,4,0.3025,0,223,220,-0.018950591709418707,composite 0.73,0.0,0,holding
NXPI,Technology,4,0.3233,0,4,0.3025,0,224,153,-0.046218994775622524,composite 0.73,-0.020799999999999985,0,weakening
ETN,Industrials,4,0.3041,0,4,0.3025,0,225,214,-0.033049476681365375,composite 0.73,-0.0015999999999999903,0,holding
CMI,Industrials,4,0.3106,0,4,0.3025,0,226,170,-0.034596812343716477,composite 0.72,-0.008099999999999996,0,holding
CVNA,Consumer Cyclical,4,0.3025,2,4,0.3025,2,227,221,-0.009001264140968468,composite 0.71 (+signatures),0.0,0,holding
CF,Basic Materials,4,0.3059,5,4,0.3002,2,228,200,-0.009136335022098097,signatures x2 (+composite),-0.005699999999999983,-3,holding
ADI,Technology,5,0.2993,2,5,0.2993,1,229,225,-0.034050593799303974,composite 0.71 (+signatures),0.0,-1,holding
CSCO,Technology,5,0.2993,0,5,0.2993,0,230,224,-0.0013566530337225657,composite 0.71,0.0,0,holding
CAVA,Consumer Cyclical,5,0.2993,1,5,0.2993,1,231,227,-0.007598740802043036,composite 0.71 (+signatures),0.0,0,holding
NRG,Utilities,4,0.3025,1,5,0.2993,1,232,223,0.03610036601210731,composite 0.71 (+signatures),-0.0031999999999999806,0,down a tier
KNF,Basic Materials,5,0.2993,0,5,0.2993,0,233,231,-0.044711649231309436,composite 0.71,0.0,0,holding
NVDA,Technology,5,0.2993,2,5,0.2993,2,234,226,-0.009446621441787206,composite 0.70 (+signatures),0.0,0,holding
FBIN,Industrials,5,0.2963,0,5,0.2993,0,235,233,-0.03888180021920695,composite 0.70,0.0030000000000000027,0,holding
EXPE,Consumer Cyclical,4,0.3072,3,5,0.2993,0,236,174,-0.00884384298755192,composite 0.70,-0.007899999999999963,-3,down a tier
HGV,Consumer Cyclical,5,0.299,0,5,0.2992,0,237,232,-0.005821999171596648,composite 0.70,0.00020000000000003348,0,holding
SAIA,Industrials,5,0.2993,0,5,0.299,0,238,230,-0.012864010221535382,composite 0.70,-0.00030000000000002247,0,holding
APTV,Consumer Cyclical,5,0.2963,0,5,0.2963,0,239,235,-0.022361358960273248,composite 0.68,0.0,0,holding
META,Communication Services,5,0.2963,1,5,0.2963,1,240,238,-0.019908539783789814,composite 0.68 (+signatures),0.0,0,holding
PII,Consumer Cyclical,5,0.2963,0,5,0.2963,0,241,234,-0.008050752598785071,composite 0.67,0.0,0,holding
ROK,Industrials,4,0.306,4,5,0.2963,0,242,190,-0.022318848508122713,composite 0.67,-0.009699999999999986,-4,down a tier
CMC,Industrials,5,0.2963,0,5,0.2963,0,243,236,-0.02857655322992181,composite 0.67,0.0,0,holding
AVGO,Technology,5,0.2963,0,5,0.2963,0,244,239,-0.004057885384612714,composite 0.67,0.0,0,holding
LIVN,Healthcare,5,0.2963,0,5,0.2963,0,245,237,0.013612660335141413,composite 0.66,0.0,0,holding
NCLH,Consumer Cyclical,5,0.2963,1,5,0.2963,0,246,246,-0.030947807145535355,composite 0.66,0.0,-1,holding
SW,Consumer Cyclical,5,0.2963,0,5,0.2963,0,247,249,-0.02382633489208874,composite 0.66,0.0,0,holding
TLN,Utilities,5,0.2963,1,5,0.2963,1,248,242,-0.007102447000949086,composite 0.65 (+signatures),0.0,0,holding
C,Financial,5,0.2963,0,5,0.2963,0,249,241,-0.01614538210905858,composite 0.65,0.0,0,holding
TSLA,Consumer Cyclical,5,0.2993,1,5,0.2963,2,250,229,-0.013909275538591004,composite 0.65 (+signatures),-0.0030000000000000027,1,holding
GXO,Industrials,5,0.2963,0,5,0.2963,0,251,240,-0.01637935584563699,composite 0.65,0.0,0,holding
WING,Consumer Cyclical,5,0.2963,0,5,0.2963,2,252,251,0.0383244489190262,composite 0.65 (+signatures),0.0,2,holding
MAS,Industrials,5,0.2963,0,5,0.2963,0,253,243,-0.025740069267875976,composite 0.65,0.0,0,holding
DAL,Industrials,4,0.306,3,5,0.2963,1,254,194,-0.00932352826377747,composite 0.64 (+signatures),-0.009699999999999986,-2,down a tier
EMR,Industrials,5,0.2963,0,5,0.2963,0,255,253,-0.011926814533855357,composite 0.62,0.0,0,holding
CARR,Industrials,5,0.2963,0,5,0.2963,0,256,252,-0.020231699686351634,composite 0.61,0.0,0,holding
SWK,Industrials,5,0.2963,1,5,0.2963,1,257,255,-0.037170811202450804,composite 0.61 (+signatures),0.0,0,holding
JCI,Industrials,5,0.2962,0,5,0.2963,0,258,258,-0.01930579043000169,composite 0.61,9.999999999998899e-05,0,holding
RVTY,Healthcare,5,0.2962,0,5,0.2963,0,259,257,0.013046314156463179,composite 0.61,9.999999999998899e-05,0,holding
OC,Industrials,5,0.2896,0,5,0.2963,0,260,275,-0.04458170305820375,composite 0.61,0.006699999999999984,0,holding
GS,Financial,5,0.2963,0,5,0.2963,0,261,250,-0.01781134287345254,composite 0.60,0.0,0,holding
CW,Industrials,5,0.2963,0,5,0.2962,0,262,248,-0.07834097316085464,composite 0.59,-9.999999999998899e-05,0,holding
ELAN,Healthcare,5,0.2918,0,5,0.2962,0,263,270,-0.0015569327457658488,composite 0.59,0.004400000000000015,0,holding
AVNT,Basic Materials,5,0.2962,0,5,0.2962,0,264,259,-0.015063870202839058,composite 0.59,0.0,0,holding
LULU,Consumer Cyclical,5,0.2962,0,5,0.2962,0,265,260,-0.027988491929272663,composite 0.58,0.0,0,holding
CR,Industrials,5,0.2963,0,5,0.2962,0,266,254,-0.03355348730745844,composite 0.58,-9.999999999998899e-05,0,holding
XYZ,Technology,5,0.292,2,5,0.292,1,267,264,-0.007316403865892163,signatures x1 (+composite),0.0,-1,holding
BBWI,Consumer Cyclical,5,0.292,1,5,0.292,1,268,263,0.0008365526711178184,signatures x1 (+composite),0.0,0,holding
BAH,Industrials,5,0.292,2,5,0.292,2,269,265,-0.005356587423524073,signatures x2 (+composite),0.0,0,holding
OPCH,Healthcare,5,0.292,1,5,0.292,1,270,268,0.0017742033927672374,signatures x1 (+composite),0.0,0,holding
GE,Industrials,5,0.2896,0,5,0.2918,0,271,277,-0.012007584859162868,composite 0.58,0.0021999999999999797,0,holding
WSO,Industrials,5,0.2962,0,5,0.2918,0,272,261,-0.03173668773820382,composite 0.57,-0.004400000000000015,0,holding
BAX,Healthcare,5,0.2918,0,5,0.2918,0,273,271,-0.001436775309325622,composite 0.57,0.0,0,holding
LECO,Industrials,5,0.2896,0,5,0.2918,0,274,278,-0.04184509843120332,composite 0.57,0.0021999999999999797,0,holding
COO,Healthcare,6,0.2145,0,5,0.2914,4,275,831,-0.0184299292912099,signatures x4 (+composite),0.0769,4,UP A TIER
DOW,Basic Materials,4,0.3051,3,5,0.2908,2,276,207,-0.016157667832795375,signatures x2 (+composite),-0.01429999999999998,-1,down a tier
FAF,Financial,6,0.2282,0,5,0.2908,2,277,629,-0.020542490222810517,signatures x2 (+composite),0.06260000000000002,2,UP A TIER
FTI,Energy,5,0.2902,2,5,0.2902,2,278,273,-0.021891526579745357,signatures x2 (+composite),0.0,0,holding
MIDD,Industrials,5,0.2896,0,5,0.2899,0,279,281,-0.015388947144977072,composite 0.57,0.00029999999999996696,0,holding
PYPL,Financial,5,0.2962,0,5,0.2896,0,280,256,0.004944157750338629,composite 0.57,-0.006599999999999995,0,holding
RBC,Industrials,5,0.2896,0,5,0.2896,0,281,282,-0.029970056948182777,composite 0.56,0.0,0,holding
BWXT,Industrials,5,0.2896,0,5,0.2896,0,282,279,-0.03510631668847619,composite 0.56,0.0,0,holding
OSK,Industrials,5,0.2896,0,5,0.2896,0,283,274,-0.03201394990248607,composite 0.56,0.0,0,holding
AMG,Financial,5,0.2896,0,5,0.2896,0,284,276,-0.016064484577861693,composite 0.56,0.0,0,holding
APG,Industrials,5,0.2896,0,5,0.2896,0,285,295,-0.024637691308442955,composite 0.55,0.0,0,holding
DASH,Consumer Cyclical,5,0.2962,0,5,0.2896,0,286,262,-0.013368975528564753,composite 0.55,-0.006599999999999995,0,holding
IDCC,Technology,5,0.2896,0,5,0.2896,0,287,285,-0.017168239736891744,composite 0.55,0.0,0,holding
CXT,Industrials,5,0.2896,0,5,0.2896,0,288,284,-0.043198744346073736,composite 0.54,0.0,0,holding
MS,Financial,5,0.2896,0,5,0.2896,0,289,286,-0.014396397960904417,composite 0.54,0.0,0,holding
GM,Consumer Cyclical,5,0.2896,0,5,0.2896,0,290,283,-0.013291110095016268,composite 0.53,0.0,0,holding
IP,Consumer Cyclical,5,0.2896,0,5,0.2896,0,291,296,-0.006067196593881219,composite 0.53,0.0,0,holding
IRM,Real Estate,5,0.2896,0,5,0.2896,0,292,288,-0.006609413245205253,composite 0.52,0.0,0,holding
AMZN,Consumer Cyclical,5,0.2896,0,5,0.2896,0,293,291,0.01063251009661581,composite 0.52,0.0,0,holding
CPRI,Consumer Cyclical,5,0.2896,0,5,0.2896,0,294,287,-0.019768231789013657,composite 0.52,0.0,0,holding
STT,Financial,5,0.2896,0,5,0.2896,0,295,290,-0.016329986442034095,composite 0.52,0.0,0,holding
M,Consumer Cyclical,5,0.2896,0,5,0.2896,0,296,293,0.013579711380604653,composite 0.51,0.0,0,holding
ITT,Industrials,5,0.2896,0,5,0.2896,0,297,302,-0.026096202430277438,composite 0.50,0.0,0,holding
F,Consumer Cyclical,5,0.2896,0,5,0.2896,0,298,289,-0.017508156128914765,composite 0.50,0.0,0,holding
PPG,Basic Materials,5,0.2896,0,5,0.2896,0,299,294,-0.019597202049106976,composite 0.50,0.0,0,holding
WSM,Consumer Cyclical,5,0.2896,0,5,0.2896,0,300,303,-0.009246668702431626,composite 0.49,0.0,0,holding
GAP,Consumer Cyclical,5,0.2863,0,5,0.2896,0,301,312,-0.021437587610556474,composite 0.49,0.003300000000000025,0,holding
ALSN,Consumer Cyclical,5,0.2896,0,5,0.2896,0,302,298,-0.03668844518058956,composite 0.49,0.0,0,holding
PVH,Consumer Cyclical,5,0.2896,0,5,0.2896,0,303,305,-0.001662156437024942,composite 0.49,0.0,0,holding
CRH,Basic Materials,5,0.2896,0,5,0.2896,0,304,309,-0.03074162370493083,composite 0.48,0.0,0,holding
BX,Financial,5,0.292,1,5,0.2896,0,305,267,-0.015216994220477953,composite 0.48,-0.0023999999999999577,-1,holding
TDY,Technology,5,0.2896,0,5,0.2896,0,306,299,-0.02232322051249047,composite 0.48,0.0,0,holding
GPN,Technology,5,0.2896,0,5,0.2896,0,307,297,0.0024464620140762783,composite 0.48,0.0,0,holding
TEL,Technology,5,0.2896,0,5,0.2896,0,308,300,-0.014409341095706352,composite 0.48,0.0,0,holding
SGI,Consumer Cyclical,5,0.2896,0,5,0.2896,0,309,306,-0.026059963221066074,composite 0.48,0.0,0,holding
AXTA,Basic Materials,5,0.2863,0,5,0.2896,0,310,313,-0.01916177170979516,composite 0.48,0.003300000000000025,0,holding
BC,Consumer Cyclical,5,0.2863,0,5,0.2896,0,311,315,-0.025315546129244804,composite 0.47,0.003300000000000025,0,holding
VMI,Industrials,5,0.2896,0,5,0.2896,0,312,280,-0.052332169935187856,composite 0.47,0.0,0,holding
DD,Basic Materials,5,0.2874,0,5,0.2896,0,313,311,-0.019095124491707582,composite 0.47,0.0022000000000000353,0,holding
CSL,Industrials,5,0.2843,0,5,0.2896,0,314,318,-0.031006250042159067,composite 0.46,0.005300000000000027,0,holding
ARES,Financial,5,0.2863,0,5,0.2896,0,315,316,-0.014735864122904396,composite 0.46,0.003300000000000025,0,holding
BEN,Financial,5,0.2843,0,5,0.2896,0,316,317,0.0015414011675278783,composite 0.46,0.005300000000000027,0,holding
EQH,Financial,5,0.2896,0,5,0.2896,0,317,307,-0.02357797885159829,composite 0.46,0.0,0,holding
SARO,Industrials,5,0.2843,0,5,0.2874,0,318,321,-0.03653301229638661,composite 0.46,0.0030999999999999917,0,holding
IR,Industrials,5,0.2843,0,5,0.2863,0,319,319,-0.0248706128452576,composite 0.46,0.0020000000000000018,0,holding
CRUS,Technology,5,0.2896,0,5,0.2863,0,320,304,-0.03827713423594281,composite 0.45,-0.003300000000000025,0,holding
RCL,Consumer Cyclical,5,0.2843,0,5,0.2863,0,321,320,-0.013089544965978694,composite 0.45,0.0020000000000000018,0,holding
HUBB,Industrials,5,0.2829,0,5,0.2863,0,322,327,-0.020467228700769446,composite 0.45,0.003400000000000014,0,holding
RL,Consumer Cyclical,5,0.2896,0,5,0.2863,0,323,308,-0.024846077327916105,composite 0.45,-0.003300000000000025,0,holding
CRBG,Financial,5,0.2896,0,5,0.2863,0,324,310,-0.02217795905333897,composite 0.45,-0.003300000000000025,0,holding
KKR,Financial,5,0.2829,0,5,0.2843,0,325,328,-0.008051127630761212,composite 0.44,0.0014000000000000123,0,holding
WMS,Industrials,5,0.2843,0,5,0.2843,0,326,322,-0.030368296726475563,composite 0.44,0.0,0,holding
HLNE,Financial,5,0.2908,2,5,0.2843,0,327,272,-0.023121387283236983,composite 0.44,-0.006500000000000006,-2,holding
TREX,Industrials,5,0.2863,0,5,0.2843,0,328,314,-0.03209992023660302,composite 0.44,-0.0020000000000000018,0,holding
LPX,Industrials,5,0.2843,0,5,0.2843,0,329,324,-0.03064737734285372,composite 0.43,0.0,0,holding
DECK,Consumer Cyclical,5,0.2829,0,5,0.2843,0,330,326,-0.02193492872318359,composite 0.43,0.0014000000000000123,0,holding
XRAY,Healthcare,5,0.2829,0,5,0.2843,0,331,325,-0.005868566672352915,composite 0.43,0.0014000000000000123,0,holding
R,Industrials,5,0.2799,0,5,0.2799,0,332,330,-0.015624348858937598,composite 0.41,0.0,0,holding
ALGN,Healthcare,4,0.3254,2,5,0.2799,1,333,148,-0.004878066145584503,composite 0.40 (+signatures),-0.04550000000000004,-1,down a tier
AYI,Industrials,5,0.2843,0,5,0.2799,0,334,323,-0.01887913728064794,composite 0.40,-0.004400000000000015,0,holding
URI,Industrials,5,0.2799,0,5,0.2799,0,335,333,-0.04059706031298271,composite 0.40,0.0,0,holding
TT,Industrials,5,0.2799,0,5,0.2799,0,336,340,-0.016808081408563047,composite 0.39,0.0,0,holding
VST,Utilities,4,0.3408,12,5,0.2799,1,337,123,0.02464175595672713,composite 0.39 (+signatures),-0.06090000000000001,-11,down a tier
COF,Financial,5,0.2694,0,5,0.2799,0,338,346,-0.005103691501613827,composite 0.39,0.01050000000000001,0,strengthening
VC,Consumer Cyclical,5,0.2799,0,5,0.2799,0,339,331,-0.02485725317870091,composite 0.39,0.0,0,holding
VNO,Real Estate,5,0.2799,0,5,0.2799,0,340,338,-0.0017900170785086766,composite 0.39,0.0,0,holding
TOST,Technology,5,0.2799,0,5,0.2799,0,341,336,0.02066115702479343,composite 0.38,0.0,0,holding
EXP,Basic Materials,5,0.2799,0,5,0.2799,0,342,334,-0.029788975226482384,composite 0.38,0.0,0,holding
TRMB,Technology,5,0.2799,0,5,0.2799,0,343,335,-0.022149339982276528,composite 0.38,0.0,0,holding
APO,Financial,5,0.2799,0,5,0.2799,0,344,332,-0.005433352910730882,composite 0.37,0.0,0,holding
SHC,Healthcare,5,0.2766,0,5,0.2799,0,345,342,-0.008767114926690911,composite 0.36,0.0032999999999999696,0,holding
SYF,Financial,5,0.2694,0,5,0.2694,0,346,343,-0.004573195874544633,composite 0.36,0.0,0,holding
CCL,Consumer Cyclical,5,0.2694,0,5,0.2694,0,347,344,-0.014029345757171852,composite 0.36,0.0,0,holding
CFG,Financial,5,0.2799,0,5,0.2694,0,348,337,-0.018723623292403513,composite 0.36,-0.01050000000000001,0,weakening
ALLY,Financial,5,0.2799,0,5,0.2694,0,349,339,-0.009569394486251381,composite 0.35,-0.01050000000000001,0,weakening
VNT,Technology,5,0.2694,0,5,0.2694,0,350,345,-0.02588308092327285,composite 0.35,0.0,0,holding
FERG,Industrials,5,0.2799,0,5,0.2694,0,351,341,-0.02639593527125128,composite 0.34,-0.01050000000000001,0,weakening
ALV,Consumer Cyclical,5,0.2664,0,5,0.2664,0,352,347,-0.02184874970390116,composite 0.33,0.0,0,holding
BLK,Financial,5,0.2664,0,5,0.2664,0,353,349,-0.009507035762861382,composite 0.32,0.0,0,holding
OLED,Technology,5,0.2664,0,5,0.2664,0,354,348,-0.038915465239805824,composite 0.32,0.0,0,holding
TOL,Consumer Cyclical,5,0.2664,0,5,0.2664,0,355,350,-0.03710141389266308,composite 0.31,0.0,0,holding
BA,Industrials,5,0.2664,0,5,0.2664,0,356,351,-0.010486297315347115,composite 0.31,0.0,0,holding
JEF,Financial,5,0.2664,0,5,0.2664,0,357,354,-0.018015960299996747,composite 0.30,0.0,0,holding
SF,Financial,5,0.2664,0,5,0.2664,0,358,352,-0.011836876761890158,composite 0.28,0.0,0,holding
CEG,Utilities,5,0.2664,0,5,0.2664,0,359,353,-0.012966008964081621,composite 0.24,0.0,0,holding
SLM,Financial,5,0.2664,0,5,0.2664,0,360,355,-0.0013286398027845259,composite 0.24,0.0,0,holding
WAL,Financial,5,0.2664,0,5,0.2664,0,361,356,-0.03942699624636581,composite 0.21,0.0,0,holding
CNM,Industrials,5,0.2664,0,5,0.2664,0,362,357,-0.050688811121011756,composite 0.20,0.0,0,holding
THO,Consumer Cyclical,5,0.2664,0,5,0.2664,0,363,358,-0.031199182257026115,composite 0.16,0.0,0,holding
MGM,Consumer Cyclical,5,0.2658,1,5,0.2658,1,364,359,-0.02062871804941324,signatures x1 (+composite),0.0,0,holding
BNY,Financial,5,0.2642,2,5,0.2642,2,365,360,-0.010575308278400253,signatures x2 (+composite),0.0,0,holding
JAZZ,Healthcare,6,0.2447,0,5,0.259,1,366,367,0.01560136833862269,signatures x1 (+composite),0.014300000000000007,1,UP A TIER
VTRS,Healthcare,5,0.2525,0,5,0.2567,0,367,361,0.009697790737985157,composite 0.88,0.0041999999999999815,0,holding
LNTH,Healthcare,6,0.2447,0,6,0.2447,0,368,362,0.0020010463606146,composite 0.83,0.0,0,holding
NUE,Basic Materials,6,0.2447,0,6,0.2447,0,369,363,-0.014776781796466354,composite 0.82,0.0,0,holding
CNC,Healthcare,5,0.2819,1,6,0.2447,0,370,329,0.006500513310288003,composite 0.81,-0.03719999999999998,-1,down a tier
TGT,Consumer Defensive,6,0.2447,0,6,0.2447,0,371,364,-0.006220480156010844,composite 0.81,0.0,0,holding
PK,Real Estate,6,0.2447,0,6,0.2447,0,372,365,-0.009836040559362158,composite 0.77,0.0,0,holding
FCFS,Financial,6,0.2447,0,6,0.2447,0,373,366,-0.02037556966145837,composite 0.76,0.0,0,holding
TROW,Financial,6,0.2447,0,6,0.2447,0,374,369,0.0015444369156949467,composite 0.75,0.0,0,holding
DLTR,Consumer Defensive,6,0.2447,0,6,0.2447,0,375,372,0.007659862044475441,composite 0.75,0.0,0,holding
EXEL,Healthcare,6,0.2447,0,6,0.2447,0,376,368,0.015343675895273412,composite 0.74,0.0,0,holding
KEX,Industrials,6,0.2447,0,6,0.2447,0,377,370,-0.017833943831791488,composite 0.74,0.0,0,holding
HST,Real Estate,6,0.2447,0,6,0.2447,0,378,375,-0.0042259481890114525,composite 0.73,0.0,0,holding
HUM,Healthcare,6,0.2447,0,6,0.2447,0,379,373,-0.002498279059771402,composite 0.73,0.0,0,holding
DXCM,Healthcare,6,0.2447,0,6,0.2447,0,380,374,0.016428861453524624,composite 0.73,0.0,0,holding
RS,Basic Materials,6,0.2447,0,6,0.2447,0,381,371,-0.01384840891138539,composite 0.72,0.0,0,holding
CROX,Consumer Cyclical,6,0.2424,0,6,0.2426,0,382,380,-0.03476959127210477,composite 0.69,0.00020000000000000573,0,holding
FDX,Industrials,4,0.3135,2,6,0.2424,0,383,162,-0.00017295018918406235,composite 0.69,-0.0711,-2,down a tier
DG,Consumer Defensive,6,0.2424,0,6,0.2424,0,384,384,0.00523245144825113,composite 0.68,0.0,0,holding
IFF,Basic Materials,6,0.2418,0,6,0.2424,0,385,386,0.0029790277103760587,composite 0.67,0.0006000000000000172,0,holding
DT,Technology,6,0.2424,0,6,0.2424,0,386,381,-0.013759216430554333,composite 0.67,0.0,0,holding
CPAY,Technology,6,0.2426,0,6,0.2424,0,387,377,-0.0122176088800231,composite 0.67,-0.00020000000000000573,0,holding
WAT,Healthcare,6,0.2424,0,6,0.2424,0,388,383,0.000435356058462677,composite 0.66,0.0,0,holding
CBT,Basic Materials,6,0.2424,0,6,0.2424,0,389,378,-0.016210608093708112,composite 0.65,0.0,0,holding
VRSK,Industrials,6,0.2382,0,6,0.2382,0,390,388,0.025060529455975145,composite 0.79,0.0,0,holding
ROL,Consumer Cyclical,6,0.2382,0,6,0.2382,0,391,389,0.027677105173967487,composite 0.70,0.0,0,holding
PAYX,Technology,6,0.2382,0,6,0.2382,0,392,390,0.010690970767606167,composite 0.70,0.0,0,holding
ACI,Consumer Defensive,6,0.2382,0,6,0.2382,0,393,392,0.013066252455212979,composite 0.69,0.0,0,holding
MUSA,Consumer Cyclical,6,0.2382,0,6,0.2382,0,394,396,0.004463633504031339,composite 0.68,0.0,0,holding
CACI,Technology,6,0.2382,0,6,0.2382,0,395,391,-0.019328307938661915,composite 0.67,0.0,0,holding
FCN,Industrials,6,0.2382,0,6,0.2382,0,396,403,-0.008320647244985269,composite 0.66,0.0,0,holding
DRI,Consumer Cyclical,6,0.2382,0,6,0.2382,0,397,399,-0.012656291982044876,composite 0.65,0.0,0,holding
POR,Utilities,6,0.2382,0,6,0.2382,0,398,400,0.018296845830480857,composite 0.65,0.0,0,holding
ESNT,Financial,6,0.2382,0,6,0.2382,0,399,393,0.0016158069123375363,composite 0.64,0.0,0,holding
YUM,Consumer Cyclical,6,0.2382,0,6,0.2382,0,400,401,0.0007866176575532791,composite 0.64,0.0,0,holding
VTR,Real Estate,6,0.2382,0,6,0.2382,0,401,395,-0.008673333486182155,composite 0.64,0.0,0,holding
FNF,Financial,6,0.2382,0,6,0.2382,0,402,394,-0.011770800348437582,composite 0.63,0.0,0,holding
BRO,Financial,6,0.2382,0,6,0.2382,0,403,408,0.018943722423687248,composite 0.63,0.0,0,holding
MTG,Financial,6,0.2382,0,6,0.2382,0,404,397,-0.007492687102810036,composite 0.63,0.0,0,holding
GIS,Consumer Defensive,6,0.2382,0,6,0.2382,0,405,402,-0.007147282164547852,composite 0.63,0.0,0,holding
SFM,Consumer Defensive,6,0.2382,0,6,0.2382,0,406,398,0.0009207486523588049,composite 0.63,0.0,0,holding
NWS,Communication Services,6,0.2382,0,6,0.2382,0,407,406,-0.0019035968407239423,composite 0.62,0.0,0,holding
CBOE,Financial,4,0.306,5,6,0.2382,0,408,187,0.004241526326401068,composite 0.62,-0.0678,-5,down a tier
BR,Technology,6,0.2382,0,6,0.2382,0,409,407,0.009391089121289609,composite 0.62,0.0,0,holding
TRGP,Energy,6,0.2382,0,6,0.2382,0,410,419,-0.021664575160857624,composite 0.61,0.0,0,holding
AJG,Financial,6,0.2382,0,6,0.2382,0,411,416,-0.009614995236814972,composite 0.61,0.0,0,holding
WY,Real Estate,6,0.2382,0,6,0.2382,0,412,410,0.0016128375635282577,composite 0.60,0.0,0,holding
ABT,Healthcare,6,0.2382,0,6,0.2382,0,413,404,0.004176813543387281,composite 0.60,0.0,0,holding
FDS,Financial,6,0.2382,0,6,0.2382,0,414,411,0.013565686220833317,composite 0.60,0.0,0,holding
MORN,Financial,6,0.2382,0,6,0.2382,0,415,405,0.01954620522521311,composite 0.59,0.0,0,holding
NNN,Real Estate,6,0.2382,0,6,0.2382,0,416,423,-0.0014810555684929838,composite 0.59,0.0,0,holding
ALL,Financial,6,0.2382,0,6,0.2382,0,417,412,0.0021848228699354877,composite 0.58,0.0,0,holding
AM,Energy,6,0.2291,0,6,0.2382,0,418,621,-0.02838214245242099,composite 0.58,0.009099999999999997,0,holding
CTSH,Technology,4,0.3059,8,6,0.2382,0,419,202,-0.0033205598978125472,composite 0.58,-0.06770000000000001,-8,down a tier
JKHY,Technology,4,0.306,5,6,0.2382,0,420,191,0.010351107469295462,composite 0.57,-0.0678,-5,down a tier
CTRE,Real Estate,6,0.2382,0,6,0.2382,0,421,433,-0.010670298161127967,composite 0.56,0.0,0,holding
CLX,Consumer Defensive,6,0.2382,0,6,0.2382,0,422,422,-0.0002992564354521443,composite 0.56,0.0,0,holding
SAIC,Technology,6,0.2382,0,6,0.2382,0,423,432,-0.016333542760494923,composite 0.56,0.0,0,holding
RYAN,Financial,6,0.2382,0,6,0.2382,0,424,415,-0.016449114377673935,composite 0.56,0.0,0,holding
TMUS,Communication Services,6,0.2382,0,6,0.2382,0,425,421,0.01934554845753156,composite 0.56,0.0,0,holding
DPZ,Consumer Cyclical,6,0.2382,0,6,0.2382,0,426,418,0.0223198397814528,composite 0.55,0.0,0,holding
MSCI,Financial,6,0.2382,0,6,0.2382,0,427,431,-0.002991373883899251,composite 0.55,0.0,0,holding
ERIE,Financial,6,0.2382,0,6,0.2382,0,428,435,-0.007862220559157196,composite 0.55,0.0,0,holding
KNSL,Financial,6,0.2382,0,6,0.2382,0,429,434,-0.008500566994721126,composite 0.55,0.0,0,holding
OKE,Energy,6,0.2382,0,6,0.2382,0,430,466,-0.01950022893312886,composite 0.55,0.0,0,holding
MNST,Consumer Defensive,6,0.2382,0,6,0.2382,0,431,420,-0.0052022768582912216,composite 0.55,0.0,0,holding
TYL,Technology,6,0.2382,0,6,0.2382,0,432,436,0.003384591293078998,composite 0.55,0.0,0,holding
CMCSA,Communication Services,6,0.2382,0,6,0.2382,0,433,430,-0.023191095194127098,composite 0.54,0.0,0,holding
FOX,Communication Services,6,0.2382,0,6,0.2382,0,434,417,0.00143933094138049,composite 0.54,0.0,0,holding
RTX,Industrials,6,0.2382,0,6,0.2382,0,435,437,-0.0132849454295767,composite 0.54,0.0,0,holding
CHTR,Communication Services,6,0.2382,0,6,0.2382,0,436,429,-0.009756973164110172,composite 0.54,0.0,0,holding
G,Technology,6,0.2382,0,6,0.2382,0,437,447,-0.006277999392613531,composite 0.54,0.0,0,holding
USFD,Consumer Defensive,6,0.2382,0,6,0.2382,0,438,409,-0.0005697742242961601,composite 0.54,0.0,0,holding
RLI,Financial,6,0.2382,0,6,0.2382,0,439,424,-0.00035689609987377136,composite 0.53,0.0,0,holding
EXLS,Technology,6,0.2382,0,6,0.2382,0,440,427,0.004659726524664176,composite 0.53,0.0,0,holding
AHR,Real Estate,6,0.2382,0,6,0.2382,0,441,425,-0.013666120389544845,composite 0.53,0.0,0,holding
PPC,Consumer Defensive,6,0.2382,0,6,0.2382,0,442,428,-0.0028684089443095084,composite 0.53,0.0,0,holding
PRI,Financial,6,0.2361,0,6,0.2382,0,443,523,-0.01576324228680337,composite 0.52,0.0020999999999999908,0,holding
SRE,Utilities,6,0.2382,0,6,0.2382,0,444,449,-0.005377020115193698,composite 0.52,0.0,0,holding
FANG,Energy,6,0.2382,0,6,0.2382,0,445,457,-0.011514702525784126,composite 0.51,0.0,0,holding
WTW,Financial,6,0.2382,0,6,0.2382,0,446,413,0.0007191980518417296,composite 0.51,0.0,0,holding
CVS,Healthcare,6,0.2382,0,6,0.2382,0,447,446,0.03089203007656849,composite 0.51,0.0,0,holding
CAH,Healthcare,6,0.2382,0,6,0.2382,0,448,452,-0.0019276771056200293,composite 0.51,0.0,0,holding
HAE,Healthcare,6,0.2382,0,6,0.2382,0,449,445,-0.001159149160342765,composite 0.51,0.0,0,holding
MMS,Industrials,6,0.2382,0,6,0.2382,0,450,438,0.003474737118664528,composite 0.51,0.0,0,holding
APA,Energy,6,0.2382,0,6,0.2382,0,451,448,-0.013378688730207422,composite 0.51,0.0,0,holding
NFLX,Communication Services,6,0.2382,0,6,0.2382,0,452,441,0.007351830477058785,composite 0.50,0.0,0,holding
PNW,Utilities,6,0.2382,0,6,0.2382,0,453,439,0.00020396412565970579,composite 0.50,0.0,0,holding
OVV,Energy,6,0.2382,0,6,0.2382,0,454,453,-0.004716996058663159,composite 0.50,0.0,0,holding
PLNT,Consumer Cyclical,6,0.2382,0,6,0.2382,0,455,443,0.011124289247411268,composite 0.50,0.0,0,holding
NWSA,Communication Services,6,0.2382,0,6,0.2382,0,456,458,-0.0015761848510150722,composite 0.50,0.0,0,holding
HRL,Consumer Defensive,6,0.2361,0,6,0.2382,0,457,530,-0.015341972369348311,composite 0.49,0.0020999999999999908,0,holding
MPC,Energy,6,0.2382,0,6,0.2382,0,458,454,0.018560978550170804,composite 0.49,0.0,0,holding
BG,Consumer Defensive,6,0.2291,0,6,0.2382,0,459,617,-0.023758529844914222,composite 0.48,0.009099999999999997,0,holding
ETR,Utilities,6,0.2382,0,6,0.2382,0,460,473,-0.003777233798047841,composite 0.48,0.0,0,holding
PR,Energy,6,0.2382,0,6,0.2382,0,461,470,-0.012751670807504834,composite 0.48,0.0,0,holding
OXY,Energy,6,0.2361,0,6,0.2382,0,462,513,-0.006000381927504406,composite 0.48,0.0020999999999999908,0,holding
DBX,Technology,4,0.3389,18,6,0.2382,0,463,126,0.002075294864340771,composite 0.48,-0.10069999999999998,-18,down a tier
VLO,Energy,6,0.2382,0,6,0.2382,0,464,459,0.008193782616744416,composite 0.48,0.0,0,holding
WMB,Energy,6,0.2232,0,6,0.2382,0,465,710,-0.018096388584596057,composite 0.48,0.014999999999999986,0,strengthening
DINO,Energy,6,0.2382,0,6,0.2382,0,466,456,0.01348165959438652,composite 0.48,0.0,0,holding
T,Communication Services,6,0.2382,0,6,0.2382,0,467,451,0.008595950955766707,composite 0.48,0.0,0,holding
POST,Consumer Defensive,6,0.2382,0,6,0.2382,0,468,462,-0.019367132772172613,composite 0.48,0.0,0,holding
VZ,Communication Services,6,0.2361,0,6,0.2382,0,469,515,0.0036973028563520582,composite 0.47,0.0020999999999999908,0,holding
SJM,Consumer Defensive,6,0.2382,0,6,0.2382,0,470,474,-0.004066832971786227,composite 0.47,0.0,0,holding
MRK,Healthcare,6,0.2382,0,6,0.2382,0,471,450,0.01328022033544829,composite 0.47,0.0,0,holding
BSX,Healthcare,6,0.2382,0,6,0.2382,0,472,444,0.0046219412460650755,composite 0.47,0.0,0,holding
CPRT,Industrials,6,0.2361,0,6,0.2382,0,473,521,-0.008575672813326496,composite 0.47,0.0020999999999999908,0,holding
SPGI,Financial,6,0.2382,0,6,0.2382,0,474,471,-0.007598540197719772,composite 0.46,0.0,0,holding
AON,Financial,6,0.2382,0,6,0.2382,0,475,468,-0.010971135999315651,composite 0.46,0.0,0,holding
DTM,Energy,6,0.2238,0,6,0.2382,0,476,704,-0.015569781988517772,composite 0.46,0.014399999999999996,0,strengthening
LHX,Industrials,6,0.2291,0,6,0.2382,0,477,609,-0.016501877299321288,composite 0.46,0.009099999999999997,0,holding
SCI,Consumer Cyclical,6,0.2382,0,6,0.2382,0,478,472,-0.005886181281907987,composite 0.46,0.0,0,holding
RRC,Energy,6,0.2361,0,6,0.2382,0,479,514,-0.00799599428195763,composite 0.46,0.0020999999999999908,0,holding
STAG,Real Estate,6,0.2238,0,6,0.2382,0,480,706,-0.01785715605861493,composite 0.46,0.014399999999999996,0,strengthening
BMY,Healthcare,6,0.2382,0,6,0.2382,0,481,460,0.0035274586824884935,composite 0.46,0.0,0,holding
EOG,Energy,6,0.2361,0,6,0.2382,0,482,519,-0.004574464012291668,composite 0.46,0.0020999999999999908,0,holding
KDP,Consumer Defensive,6,0.2382,0,6,0.2382,0,483,475,-0.007870187551869301,composite 0.46,0.0,0,holding
JNJ,Healthcare,6,0.2361,0,6,0.2382,0,484,534,0.02056672525112191,composite 0.46,0.0020999999999999908,0,holding
DVN,Energy,6,0.2361,0,6,0.2369,0,485,518,-0.006351526494549842,composite 0.46,0.0007999999999999952,0,holding
PINS,Communication Services,6,0.2364,0,6,0.2366,0,486,499,0.011233073709832953,composite 0.65,0.00020000000000000573,0,holding
BIO,Healthcare,6,0.2424,0,6,0.2366,0,487,379,0.009719985096585448,composite 0.65,-0.0058,0,holding
CART,Consumer Cyclical,6,0.2366,0,6,0.2366,0,488,485,0.0015394698250490446,composite 0.64,0.0,0,holding
FTV,Technology,6,0.2424,0,6,0.2366,0,489,385,-0.02746588649769799,composite 0.64,-0.0058,0,holding
AMGN,Healthcare,6,0.2366,0,6,0.2366,0,490,478,0.028340793564656908,composite 0.63,0.0,0,holding
CYTK,Healthcare,6,0.2366,0,6,0.2366,0,491,487,0.002526529712295389,composite 0.63,0.0,0,holding
ROST,Consumer Cyclical,6,0.2366,0,6,0.2366,0,492,483,0.008786342727459706,composite 0.63,0.0,0,holding
ASH,Basic Materials,6,0.2424,0,6,0.2366,0,493,382,0.010708780092408388,composite 0.63,-0.0058,0,holding
IQV,Healthcare,6,0.2366,0,6,0.2366,0,494,479,-0.0009235798697621034,composite 0.63,0.0,0,holding
ULTA,Consumer Cyclical,6,0.2366,0,6,0.2366,0,495,480,0.006203328523367135,composite 0.63,0.0,0,holding
AAPL,Technology,6,0.2366,0,6,0.2366,0,496,488,0.0036267465077164385,composite 0.63,0.0,0,holding
REGN,Healthcare,6,0.2364,0,6,0.2366,0,497,493,0.01790941361895726,composite 0.63,0.00020000000000000573,0,holding
GPC,Consumer Cyclical,6,0.2366,0,6,0.2366,0,498,484,-0.021039412489890497,composite 0.62,0.0,0,holding
SIRI,Communication Services,6,0.2366,0,6,0.2366,0,499,486,-0.01574358520175345,composite 0.62,0.0,0,holding
DE,Industrials,6,0.2364,0,6,0.2366,0,500,491,-0.028522644169738487,composite 0.62,0.00020000000000000573,0,holding
HQY,Healthcare,6,0.2364,0,6,0.2366,0,501,502,0.01175178098803542,composite 0.61,0.00020000000000000573,0,holding
DOV,Industrials,6,0.2364,0,6,0.2366,0,502,494,-0.016312303539517292,composite 0.61,0.00020000000000000573,0,holding
PH,Industrials,6,0.2366,0,6,0.2364,0,503,482,-0.028058349985266573,composite 0.61,-0.00020000000000000573,0,holding
CAR,Industrials,6,0.2364,0,6,0.2364,0,504,497,-0.003462045134183578,composite 0.61,0.0,0,holding
EQIX,Real Estate,6,0.2366,0,6,0.2364,0,505,481,-0.010273458902493093,composite 0.60,-0.00020000000000000573,0,holding
NTRS,Financial,6,0.2364,0,6,0.2364,0,506,492,-0.013572541960542694,composite 0.60,0.0,0,holding
INCY,Healthcare,6,0.2364,0,6,0.2364,0,507,500,0.017475326289764004,composite 0.60,0.0,0,holding
TPL,Energy,6,0.2364,0,6,0.2364,0,508,504,-0.030803024914411004,composite 0.60,0.0,0,holding
SOLV,Healthcare,6,0.2364,0,6,0.2364,0,509,489,-0.004538192420796117,composite 0.60,0.0,0,holding
ARMK,Industrials,6,0.2364,0,6,0.2364,0,510,496,-0.007213733460329386,composite 0.59,0.0,0,holding
GMED,Healthcare,6,0.2364,0,6,0.2364,0,511,503,-0.0009486083467352691,composite 0.59,0.0,0,holding
UPS,Industrials,6,0.2364,0,6,0.2364,0,512,501,0.0004296092284945541,composite 0.59,0.0,0,holding
H,Consumer Cyclical,6,0.2364,0,6,0.2364,0,513,490,-0.012380601314449957,composite 0.59,0.0,0,holding
A,Healthcare,6,0.2364,0,6,0.2364,0,514,510,0.004783544261706796,composite 0.58,0.0,0,holding
NTNX,Technology,6,0.2364,0,6,0.2364,0,515,508,0.004767721790780222,composite 0.58,0.0,0,holding
TNL,Consumer Cyclical,6,0.2364,0,6,0.2364,0,516,498,-0.0031837116190870374,composite 0.58,0.0,0,holding
GEF,Consumer Cyclical,6,0.2364,0,6,0.2364,0,517,507,-0.011751892536272623,composite 0.58,0.0,0,holding
WTS,Industrials,6,0.2364,0,6,0.2364,0,518,495,-0.039453766944222646,composite 0.57,0.0,0,holding
AMCR,Consumer Cyclical,6,0.2339,0,6,0.2364,0,519,538,-0.010294476908387473,composite 0.57,0.0025000000000000022,0,holding
EEFT,Technology,6,0.2357,0,6,0.2364,0,520,535,-0.005193607590491034,composite 0.57,0.0007000000000000062,0,holding
WST,Healthcare,6,0.233,0,6,0.2364,0,521,541,0.0019589427867501286,composite 0.57,0.0033999999999999864,0,holding
MAR,Consumer Cyclical,6,0.2364,0,6,0.2364,0,522,505,-0.011929798419941573,composite 0.57,0.0,0,holding
DHR,Healthcare,6,0.233,0,6,0.2364,0,523,547,0.015166292209100485,composite 0.56,0.0033999999999999864,0,holding
OMC,Communication Services,6,0.2364,0,6,0.2364,0,524,511,-0.005592519007707297,composite 0.56,0.0,0,holding
PSX,Energy,6,0.2369,0,6,0.2361,0,525,476,0.005467237691532345,composite 0.46,-0.0007999999999999952,0,holding
DGX,Healthcare,6,0.2382,0,6,0.2361,0,526,461,0.0023643473338408327,composite 0.45,-0.0020999999999999908,0,holding
CSGP,Real Estate,6,0.2382,0,6,0.2361,0,527,464,0.0016286673058552026,composite 0.45,-0.0020999999999999908,0,holding
ELV,Healthcare,6,0.2382,0,6,0.2361,0,528,455,0.010447631068113639,composite 0.45,-0.0020999999999999908,0,holding
LAMR,Real Estate,6,0.2291,0,6,0.2361,0,529,615,-0.011814333625598361,composite 0.45,0.007000000000000006,0,holding
COP,Energy,6,0.2361,0,6,0.2361,0,530,517,-0.0007731434000520787,composite 0.45,0.0,0,holding
ZBH,Healthcare,6,0.2361,0,6,0.2361,0,531,520,-0.002007139881392228,composite 0.44,0.0,0,holding
TXRH,Consumer Cyclical,6,0.2382,0,6,0.2361,0,532,469,-0.0037292937765934786,composite 0.44,-0.0020999999999999908,0,holding
TRV,Financial,6,0.2382,0,6,0.2361,0,533,442,0.004353307295007491,composite 0.44,-0.0020999999999999908,0,holding
SPG,Real Estate,6,0.2291,0,6,0.2361,0,534,613,-0.01224348742662651,composite 0.44,0.007000000000000006,0,holding
D,Utilities,6,0.2291,0,6,0.2361,0,535,619,-0.009758057132844056,composite 0.44,0.007000000000000006,0,holding
KHC,Consumer Defensive,6,0.2291,0,6,0.2361,0,536,611,-0.008397701657956058,composite 0.44,0.007000000000000006,0,holding
CME,Financial,6,0.2272,0,6,0.2361,0,537,693,-0.0010363416495938749,composite 0.44,0.008899999999999991,0,holding
AR,Energy,6,0.2291,0,6,0.2361,0,538,610,-0.011058243120516287,composite 0.44,0.007000000000000006,0,holding
BDX,Healthcare,6,0.2361,0,6,0.2361,0,539,516,0.00038819780501953005,composite 0.44,0.0,0,holding
UNM,Financial,6,0.2234,0,6,0.2361,0,540,708,-0.01225089815493774,composite 0.43,0.012700000000000017,0,strengthening
TTC,Industrials,6,0.2339,0,6,0.2339,0,541,536,-0.02689853422117916,composite 0.56,0.0,0,holding
VRTX,Healthcare,6,0.233,0,6,0.2339,0,542,544,0.014672204720209248,composite 0.55,0.0008999999999999841,0,holding
AIT,Industrials,6,0.2339,0,6,0.2338,0,543,539,-0.028667452421273,composite 0.55,-9.999999999998899e-05,0,holding
NDSN,Industrials,6,0.2339,0,6,0.233,0,544,537,-0.01858055003409964,composite 0.54,-0.0008999999999999841,0,holding
WAB,Industrials,6,0.233,0,6,0.233,0,545,542,-0.029056159323640918,composite 0.54,0.0,0,holding
BURL,Consumer Cyclical,6,0.233,0,6,0.233,0,546,550,-0.012806056220880935,composite 0.54,0.0,0,holding
DLR,Real Estate,6,0.2338,0,6,0.233,0,547,540,-0.008610865910897214,composite 0.54,-0.0007999999999999952,0,holding
CHWY,Consumer Cyclical,6,0.2282,0,6,0.233,0,548,659,-0.0024807099122409193,composite 0.54,0.0048000000000000265,0,holding
UNH,Healthcare,6,0.233,0,6,0.233,0,549,549,0.01357218008809169,composite 0.54,0.0,0,holding
GRMN,Technology,6,0.233,0,6,0.233,0,550,551,-0.011639984597481279,composite 0.52,0.0,0,holding
LYV,Communication Services,6,0.233,0,6,0.233,0,551,546,-0.008381853409935136,composite 0.52,0.0,0,holding
NBIX,Healthcare,6,0.233,0,6,0.233,0,552,558,0.0001718724226345003,composite 0.52,0.0,0,holding
IEX,Industrials,6,0.2364,0,6,0.233,0,553,506,-0.009861189449349328,composite 0.52,-0.0033999999999999864,0,holding
HOG,Consumer Cyclical,6,0.233,0,6,0.233,0,554,560,-0.025798057945306985,composite 0.51,0.0,0,holding
ACM,Industrials,4,0.3059,5,6,0.233,0,555,203,-0.05069812574462207,composite 0.51,-0.07289999999999999,-5,down a tier
MSFT,Technology,6,0.233,0,6,0.233,0,556,552,-0.0023899767194635047,composite 0.51,0.0,0,holding
MEDP,Healthcare,6,0.233,0,6,0.233,0,557,562,0.011992005599562816,composite 0.51,0.0,0,holding
COLB,Financial,6,0.233,0,6,0.233,0,558,545,-0.026306688990590632,composite 0.51,0.0,0,holding
ORA,Utilities,6,0.233,0,6,0.233,0,559,553,-0.031804008748022694,composite 0.51,0.0,0,holding
TTEK,Industrials,6,0.233,0,6,0.233,0,560,554,-0.03025770233408498,composite 0.50,0.0,0,holding
GBCI,Financial,6,0.233,0,6,0.233,0,561,555,-0.020422284693698556,composite 0.50,0.0,0,holding
BKR,Energy,6,0.233,0,6,0.233,0,562,564,-0.03133206515072795,composite 0.49,0.0,0,holding
GWW,Industrials,6,0.2315,0,6,0.233,0,563,569,-0.00564463679595395,composite 0.49,0.0015000000000000013,0,holding
LAD,Consumer Cyclical,6,0.233,0,6,0.233,0,564,557,-0.028511832277374305,composite 0.49,0.0,0,holding
MLI,Industrials,6,0.233,0,6,0.233,0,565,561,-0.04411531443516348,composite 0.49,0.0,0,holding
TECH,Healthcare,6,0.2315,0,6,0.233,0,566,570,0.0013819916585426917,composite 0.49,0.0015000000000000013,0,holding
NI,Utilities,6,0.2361,0,6,0.2318,0,567,527,0.001967096991801087,composite 0.43,-0.004299999999999998,0,holding
DTE,Utilities,6,0.2291,0,6,0.2318,0,568,623,-0.0018327921394031277,composite 0.43,0.002700000000000008,0,holding
UTHR,Healthcare,6,0.2361,0,6,0.2318,0,569,532,0.02801777617106893,composite 0.43,-0.004299999999999998,0,holding
CTAS,Industrials,6,0.2361,0,6,0.2318,0,570,522,0.006582941630617567,composite 0.43,-0.004299999999999998,0,holding
IDA,Utilities,6,0.2291,0,6,0.2318,0,571,614,-0.000979032849409922,composite 0.43,0.002700000000000008,0,holding
SBRA,Real Estate,6,0.2238,0,6,0.2318,0,572,702,-0.008404902963143779,composite 0.43,0.008000000000000007,0,holding
CHRW,Industrials,6,0.233,0,6,0.2315,0,573,559,-0.002480612412417371,composite 0.48,-0.0015000000000000013,0,holding
ZION,Financial,6,0.2315,0,6,0.2315,0,574,568,-0.018615723108204474,composite 0.48,0.0,0,holding
PFG,Financial,6,0.233,0,6,0.2315,0,575,565,-0.0005469239768717271,composite 0.48,-0.0015000000000000013,0,holding
BAC,Financial,6,0.233,0,6,0.2315,0,576,556,-0.0120484204903617,composite 0.48,-0.0015000000000000013,0,holding
SBUX,Consumer Cyclical,6,0.2315,0,6,0.2315,0,577,593,-0.01800024290861635,composite 0.48,0.0,0,holding
FITB,Financial,6,0.2315,0,6,0.2315,0,578,571,-0.016176485547832464,composite 0.48,0.0,0,holding
SCHW,Financial,6,0.2315,0,6,0.2315,0,579,583,-0.011053715507137962,composite 0.47,0.0,0,holding
FLG,Financial,6,0.233,0,6,0.2315,0,580,563,-0.021626296792841226,composite 0.47,-0.0015000000000000013,0,holding
VOYA,Financial,6,0.2315,0,6,0.2315,0,581,567,-0.015538710364020103,composite 0.46,0.0,0,holding
EW,Healthcare,6,0.2315,0,6,0.2315,0,582,572,-0.0008673054431687088,composite 0.46,0.0,0,holding
USB,Financial,6,0.2315,0,6,0.2315,0,583,573,-0.01771686809963624,composite 0.46,0.0,0,holding
VLY,Financial,6,0.2315,0,6,0.2315,0,584,574,-0.020126291468461233,composite 0.46,0.0,0,holding
RF,Financial,6,0.2315,0,6,0.2315,0,585,581,-0.012410317592947084,composite 0.46,0.0,0,holding
OLLI,Consumer Defensive,6,0.2306,0,6,0.2315,0,586,596,-0.011168129423744677,composite 0.46,0.0009000000000000119,0,holding
PNR,Industrials,6,0.2315,0,6,0.2315,0,587,579,-0.019455965357302207,composite 0.46,0.0,0,holding
KEY,Financial,6,0.2315,0,6,0.2315,0,588,577,-0.016385299588224767,composite 0.46,0.0,0,holding
HSIC,Healthcare,6,0.2315,0,6,0.2315,0,589,587,-0.009429460830917002,composite 0.45,0.0,0,holding
CCK,Consumer Cyclical,6,0.2306,0,6,0.2315,0,590,595,-0.005942978690121725,composite 0.45,0.0009000000000000119,0,holding
CNO,Financial,6,0.2315,0,6,0.2315,0,591,590,-0.013323486463825085,composite 0.45,0.0,0,holding
OLN,Basic Materials,6,0.2315,0,6,0.2315,0,592,580,-0.02190003468762547,composite 0.45,0.0,0,holding
EBAY,Consumer Cyclical,6,0.2282,0,6,0.2315,0,593,645,0.00775267933852164,composite 0.45,0.003300000000000025,0,holding
HLT,Consumer Cyclical,6,0.2315,0,6,0.2315,0,594,575,-0.005021528132249542,composite 0.45,0.0,0,holding
MTB,Financial,6,0.2315,0,6,0.2315,0,595,578,-0.01243485943310052,composite 0.45,0.0,0,holding
PFGC,Consumer Defensive,6,0.2306,0,6,0.2315,0,596,597,0.002185986710632637,composite 0.44,0.0009000000000000119,0,holding
SLAB,Technology,6,0.2292,0,6,0.2315,0,597,601,-0.0041999711575843035,composite 0.44,0.0023000000000000242,0,holding
DOC,Real Estate,6,0.2292,0,6,0.2315,0,598,599,-0.009736813996967464,composite 0.44,0.0023000000000000242,0,holding
EXPD,Industrials,6,0.2315,0,6,0.2315,0,599,584,-0.000729923813456157,composite 0.44,0.0,0,holding
HAS,Consumer Cyclical,6,0.2315,0,6,0.2315,0,600,591,-0.005218043287825713,composite 0.44,0.0,0,holding
PNC,Financial,6,0.2315,0,6,0.2306,0,601,586,-0.010833074700004941,composite 0.43,-0.0009000000000000119,0,holding
JLL,Real Estate,6,0.2315,0,6,0.2306,0,602,592,-0.03978653173880442,composite 0.43,-0.0009000000000000119,0,holding
MMM,Industrials,6,0.2282,0,6,0.2306,0,603,628,-0.0071192452363606495,composite 0.43,0.0024000000000000132,0,holding
CSX,Industrials,6,0.2292,0,6,0.2292,0,604,603,-0.009473700272409569,composite 0.43,0.0,0,holding
PCAR,Industrials,6,0.2292,0,6,0.2292,0,605,598,-0.018111995631731936,composite 0.43,0.0,0,holding
SEIC,Financial,6,0.2306,0,6,0.2292,0,606,594,-0.013920863464101152,composite 0.43,-0.0014000000000000123,0,holding
SLGN,Consumer Cyclical,6,0.2292,0,6,0.2292,0,607,602,-0.014200511587644349,composite 0.43,0.0,0,holding
IBM,Technology,6,0.233,0,6,0.2292,0,608,543,-0.0055356811509439385,composite 0.42,-0.0038000000000000256,0,holding
PKG,Consumer Cyclical,6,0.2292,0,6,0.2292,0,609,600,-0.008988432105995092,composite 0.42,0.0,0,holding
PLD,Real Estate,6,0.2282,0,6,0.2292,0,610,627,-0.007869873874266964,composite 0.42,0.0010000000000000009,0,holding
SSD,Basic Materials,6,0.2315,0,6,0.2292,0,611,582,-0.027425453860036697,composite 0.42,-0.0023000000000000242,0,holding
MTD,Healthcare,6,0.2292,0,6,0.2292,0,612,605,0.005094391559012035,composite 0.42,0.0,0,holding
CHH,Consumer Cyclical,6,0.2292,0,6,0.2292,0,613,604,-0.01227439762871363,composite 0.42,0.0,0,holding
LNT,Utilities,6,0.2361,0,6,0.2291,0,614,512,0.00015272769211671644,composite 0.42,-0.007000000000000006,0,holding
LH,Healthcare,6,0.2361,0,6,0.2291,0,615,531,0.005293362233215859,composite 0.42,-0.007000000000000006,0,holding
PCTY,Technology,6,0.2361,0,6,0.2291,0,616,525,0.016557184649090617,composite 0.42,-0.007000000000000006,0,holding
KO,Consumer Defensive,6,0.2382,0,6,0.2291,0,617,465,0.003075309217587252,composite 0.42,-0.009099999999999997,0,holding
PGR,Financial,6,0.2382,0,6,0.2291,0,618,467,0.0145248846344177,composite 0.42,-0.009099999999999997,0,holding
BHF,Financial,6,0.2291,0,6,0.2291,0,619,622,-0.005796464279549052,composite 0.42,0.0,0,holding
PODD,Healthcare,6,0.2361,0,6,0.2291,0,620,526,0.0006680887666745683,composite 0.42,-0.007000000000000006,0,holding
COKE,Consumer Defensive,6,0.2291,0,6,0.2291,0,621,616,0.0046760375070928895,composite 0.41,0.0,0,holding
WELL,Real Estate,6,0.2291,0,6,0.2291,0,622,624,-0.008680979119829124,composite 0.41,0.0,0,holding
NOC,Industrials,6,0.2238,0,6,0.2291,0,623,701,-0.014675739589052772,composite 0.41,0.005299999999999999,0,holding
RYN,Real Estate,6,0.2291,0,6,0.2291,0,624,607,-0.0035931748761383053,composite 0.41,0.0,0,holding
VNOM,Energy,6,0.2272,0,6,0.2291,0,625,696,-0.020678062207173387,composite 0.41,0.001899999999999985,0,holding
BALL,Consumer Cyclical,6,0.2291,0,6,0.2291,0,626,612,0.00531081844950454,composite 0.41,0.0,0,holding
FOXA,Communication Services,6,0.2361,0,6,0.2291,0,627,529,0.001932972428243973,composite 0.41,-0.007000000000000006,0,holding
HIG,Financial,6,0.2361,0,6,0.2291,0,628,533,0.0061124814282100814,composite 0.41,-0.007000000000000006,0,holding
UNP,Industrials,6,0.2382,0,6,0.2291,0,629,463,0.00245841881844977,composite 0.41,-0.009099999999999997,0,holding
KRG,Real Estate,6,0.2291,0,6,0.2291,0,630,625,-0.0018649016932877904,composite 0.41,0.0,0,holding
NEU,Basic Materials,6,0.2315,0,6,0.2283,0,631,585,-0.02587233460453664,composite 0.42,-0.0032000000000000084,0,holding
SSB,Financial,6,0.2315,0,6,0.2282,0,632,576,-0.021594852610976156,composite 0.41,-0.003300000000000025,0,holding
FHI,Financial,6,0.2282,0,6,0.2282,0,633,626,-0.012022635938210846,composite 0.41,0.0,0,holding
DLB,Industrials,6,0.2282,0,6,0.2282,0,634,631,-0.007954159423026685,composite 0.40,0.0,0,holding
PNFP,Financial,6,0.2292,0,6,0.2282,0,635,606,-0.03604115206873726,composite 0.40,-0.0010000000000000009,0,holding
SMG,Basic Materials,6,0.2282,0,6,0.2282,0,636,632,-0.021179724567080616,composite 0.40,0.0,0,holding
RMD,Healthcare,6,0.2282,0,6,0.2282,0,637,649,0.028750741540218838,composite 0.40,0.0,0,holding
ULS,Industrials,6,0.2282,0,6,0.2282,0,638,630,-0.016235199148168178,composite 0.39,0.0,0,holding
SHW,Basic Materials,6,0.2282,0,6,0.2282,0,639,640,-0.01849546137026359,composite 0.39,0.0,0,holding
CFR,Financial,6,0.2315,0,6,0.2282,0,640,588,-0.019449568337694845,composite 0.39,-0.003300000000000025,0,holding
ADSK,Technology,6,0.2282,0,6,0.2282,0,641,642,0.005231782775223293,composite 0.39,0.0,0,holding
AME,Industrials,6,0.2282,0,6,0.2282,0,642,633,-0.02136212416391492,composite 0.39,0.0,0,holding
FAST,Industrials,6,0.2282,0,6,0.2282,0,643,635,-0.012989565628294786,composite 0.39,0.0,0,holding
CMG,Consumer Cyclical,6,0.2282,0,6,0.2282,0,644,639,-0.006148884673243704,composite 0.39,0.0,0,holding
J,Industrials,6,0.2282,0,6,0.2282,0,645,634,-0.026574711353742786,composite 0.38,0.0,0,holding
WMG,Communication Services,6,0.2282,0,6,0.2282,0,646,636,0.003984016681321201,composite 0.38,0.0,0,holding
BKNG,Consumer Cyclical,6,0.2282,0,6,0.2282,0,647,666,-0.002791362226584715,composite 0.38,0.0,0,holding
PSA,Real Estate,6,0.2282,0,6,0.2282,0,648,647,-0.004687760396287599,composite 0.38,0.0,0,holding
COLM,Consumer Cyclical,6,0.2282,0,6,0.2282,0,649,643,-0.01096607588770726,composite 0.37,0.0,0,holding
AMP,Financial,6,0.2282,0,6,0.2282,0,650,637,-0.012147300459241617,composite 0.37,0.0,0,holding
TMO,Healthcare,6,0.2282,0,6,0.2282,0,651,641,0.015870088395837367,composite 0.37,0.0,0,holding
WLK,Basic Materials,6,0.2282,0,6,0.2282,0,652,657,-0.051427643996247774,composite 0.37,0.0,0,holding
ARE,Real Estate,6,0.2282,0,6,0.2282,0,653,654,-0.001633208868307534,composite 0.37,0.0,0,holding
KRC,Real Estate,6,0.2282,0,6,0.2282,0,654,638,-0.0030974440179135643,composite 0.36,0.0,0,holding
GPK,Consumer Cyclical,6,0.2282,0,6,0.2282,0,655,669,-0.008710779588356088,composite 0.35,0.0,0,holding
RBA,Industrials,6,0.2282,0,6,0.2282,0,656,655,-0.015545985055988698,composite 0.34,0.0,0,holding
CUZ,Real Estate,6,0.2282,0,6,0.2282,0,657,661,-0.007801855851609085,composite 0.34,0.0,0,holding
PRU,Financial,6,0.2282,0,6,0.2282,0,658,656,-0.010392815709537429,composite 0.34,0.0,0,holding
FHN,Financial,6,0.2282,0,6,0.2282,0,659,651,-0.01970869703573186,composite 0.34,0.0,0,holding
MTN,Consumer Cyclical,6,0.2282,0,6,0.2282,0,660,648,-0.003925565271415743,composite 0.34,0.0,0,holding
MSA,Industrials,6,0.2282,0,6,0.2282,0,661,664,-0.02098160891451173,composite 0.34,0.0,0,holding
CHDN,Consumer Cyclical,6,0.2282,0,6,0.2282,0,662,658,-0.05529979540814045,composite 0.33,0.0,0,holding
FNB,Financial,6,0.2282,0,6,0.2282,0,663,653,-0.015972278101574533,composite 0.33,0.0,0,holding
WH,Consumer Cyclical,6,0.2282,0,6,0.2282,0,664,663,-0.0054370855356449255,composite 0.33,0.0,0,holding
WTFC,Financial,6,0.2315,0,6,0.2282,0,665,589,-0.03239276421370807,composite 0.33,-0.003300000000000025,0,holding
FIS,Technology,6,0.2282,0,6,0.2282,0,666,673,0.020646393752571157,composite 0.33,0.0,0,holding
HII,Industrials,6,0.2282,0,6,0.2282,0,667,676,-0.012132747704383884,composite 0.33,0.0,0,holding
BXP,Real Estate,6,0.2282,0,6,0.2282,0,668,674,-0.007526354842764205,composite 0.33,0.0,0,holding
HLI,Financial,6,0.2282,0,6,0.2282,0,669,644,-0.03314057692867323,composite 0.33,0.0,0,holding
WFC,Financial,6,0.2282,0,6,0.2282,0,670,650,-0.017666573471554092,composite 0.33,0.0,0,holding
UBER,Technology,6,0.2282,0,6,0.2282,0,671,671,-0.0074551154603027525,composite 0.32,0.0,0,holding
IDXX,Healthcare,6,0.2282,0,6,0.2282,0,672,667,-0.01247543216708391,composite 0.32,0.0,0,holding
BCO,Industrials,6,0.2282,0,6,0.2282,0,673,670,-0.0033816277692859664,composite 0.32,0.0,0,holding
MSM,Industrials,6,0.2282,0,6,0.2282,0,674,672,-0.0076811465916185595,composite 0.32,0.0,0,holding
REXR,Real Estate,6,0.2282,0,6,0.2282,0,675,680,-0.01440214104034887,composite 0.31,0.0,0,holding
ASB,Financial,6,0.2282,0,6,0.2282,0,676,646,-0.019550191747938483,composite 0.31,0.0,0,holding
UMBF,Financial,6,0.2282,0,6,0.2282,0,677,665,-0.026253081699389003,composite 0.31,0.0,0,holding
ALLE,Industrials,6,0.2282,0,6,0.2282,0,678,662,-0.05177193183057194,composite 0.31,0.0,0,holding
HON,Industrials,6,0.2282,0,6,0.2282,0,679,678,-0.01890822562507488,composite 0.30,0.0,0,holding
KD,Technology,6,0.2282,0,6,0.2282,0,680,679,-0.013501719438309023,composite 0.30,0.0,0,holding
MET,Financial,6,0.2282,0,6,0.2282,0,681,668,-0.009366031574824407,composite 0.29,0.0,0,holding
LDOS,Technology,6,0.2282,0,6,0.2282,0,682,685,-0.030079716023598047,composite 0.29,0.0,0,holding
MOS,Basic Materials,6,0.2282,0,6,0.2282,0,683,684,-0.04488545023673807,composite 0.29,0.0,0,holding
ONB,Financial,6,0.2282,0,6,0.2282,0,684,675,-0.024895572660753706,composite 0.29,0.0,0,holding
DIS,Communication Services,6,0.2256,0,6,0.2282,0,685,698,0.0007690265499706861,composite 0.29,0.002599999999999991,0,holding
LVS,Consumer Cyclical,6,0.2282,0,6,0.2282,0,686,681,-0.012668765678105709,composite 0.28,0.0,0,holding
AES,Utilities,6,0.2279,0,6,0.2282,0,687,691,-0.0003349038405032756,composite 0.28,0.0002999999999999947,0,holding
GD,Industrials,6,0.2279,0,6,0.2279,0,688,686,-0.013687179936374805,composite 0.27,0.0,0,holding
FISV,Technology,6,0.2236,0,6,0.2279,0,689,707,0.0015391313880557256,composite 0.27,0.004299999999999998,0,holding
AVY,Consumer Cyclical,6,0.2279,0,6,0.2279,0,690,687,-0.004511692019023572,composite 0.27,0.0,0,holding
TRU,Financial,6,0.2279,0,6,0.2279,0,691,688,-0.019394506113981858,composite 0.27,0.0,0,holding
HBAN,Financial,6,0.2279,0,6,0.2279,0,692,689,-0.01499676198640465,composite 0.27,0.0,0,holding
VVV,Consumer Cyclical,6,0.2228,0,6,0.2279,0,693,761,0.001943617243642226,composite 0.27,0.005099999999999993,0,holding
GEHC,Healthcare,6,0.2279,0,6,0.2279,0,694,690,-0.001235050267193727,composite 0.27,0.0,0,holding
CNP,Utilities,6,0.2361,0,6,0.2272,0,695,528,0.0002592925616473618,composite 0.40,-0.008899999999999991,0,holding
MKC,Consumer Defensive,6,0.2272,0,6,0.2272,0,696,694,-0.0011013887682208567,composite 0.40,0.0,0,holding
ADP,Technology,6,0.2318,0,6,0.2272,0,697,566,0.009785492913119143,composite 0.40,-0.004599999999999993,0,holding
SBAC,Real Estate,6,0.2291,0,6,0.2272,0,698,620,0.004132011816075476,composite 0.39,-0.001899999999999985,0,holding
VMRK,Real Estate,6,0.2232,0,6,0.2272,0,699,711,-0.0104356015332846,composite 0.39,0.0040000000000000036,0,holding
VLTO,Industrials,6,0.2232,0,6,0.2272,0,700,736,-0.014670744747582898,composite 0.39,0.0040000000000000036,0,holding
OTIS,Industrials,6,0.2232,0,6,0.2272,0,701,730,-0.012716232206402611,composite 0.39,0.0040000000000000036,0,holding
ORI,Financial,6,0.2238,0,6,0.2272,0,702,705,-0.0015784678043450073,composite 0.38,0.003400000000000014,0,holding
UBSI,Financial,6,0.2282,0,6,0.2256,0,703,683,-0.017151560833114643,composite 0.26,-0.002599999999999991,0,holding
EWBC,Financial,6,0.2282,0,6,0.2256,0,704,660,-0.020531785352102983,composite 0.26,-0.002599999999999991,0,holding
GNTX,Consumer Cyclical,6,0.2256,0,6,0.2256,0,705,700,-0.02134566592845044,composite 0.26,0.0,0,holding
HWC,Financial,6,0.2282,0,6,0.2256,0,706,677,-0.020352081024336388,composite 0.26,-0.002599999999999991,0,holding
BSY,Technology,6,0.2228,0,6,0.2256,0,707,763,-0.026827915480649667,composite 0.26,0.002799999999999997,0,holding
LMT,Industrials,6,0.2232,0,6,0.2238,0,708,723,-0.01546691799259281,composite 0.38,0.0005999999999999894,0,holding
GL,Financial,6,0.2232,0,6,0.2232,0,709,718,-0.014012520135673667,composite 0.37,0.0,0,holding
HSY,Consumer Defensive,6,0.2232,0,6,0.2232,0,710,722,-0.004197780092955239,composite 0.37,0.0,0,holding
VICI,Real Estate,6,0.2232,0,6,0.2232,0,711,721,-0.006819128131034913,composite 0.37,0.0,0,holding
NJR,Utilities,6,0.2232,0,6,0.2232,0,712,712,-0.00581957791465626,composite 0.37,0.0,0,holding
NWE,Utilities,6,0.2214,0,6,0.2232,0,713,783,0.09881029264241636,composite 0.37,0.001799999999999996,0,holding
EXC,Utilities,6,0.2232,0,6,0.2232,0,714,719,-0.0007197403809315883,composite 0.36,0.0,0,holding
MSI,Technology,6,0.2232,0,6,0.2232,0,715,752,-0.005358567832821848,composite 0.36,0.0,0,holding
WM,Industrials,6,0.2232,0,6,0.2232,0,716,713,0.010583013741424452,composite 0.36,0.0,0,holding
VRSN,Technology,6,0.2291,0,6,0.2232,0,717,618,0.016206072675148286,composite 0.36,-0.005899999999999989,0,holding
GLPI,Real Estate,6,0.2232,0,6,0.2232,0,718,739,-0.008797344618211689,composite 0.35,0.0,0,holding
BIIB,Healthcare,6,0.2232,0,6,0.2232,0,719,709,0.01480552317642947,composite 0.35,0.0,0,holding
CNX,Energy,6,0.2232,0,6,0.2232,0,720,727,0.010378982809418735,composite 0.35,0.0,0,holding
CCI,Real Estate,6,0.2232,0,6,0.2232,0,721,715,0.005492091486587691,composite 0.35,0.0,0,holding
ADM,Consumer Defensive,6,0.2232,0,6,0.2232,0,722,714,-0.010278569883389377,composite 0.35,0.0,0,holding
XOM,Energy,6,0.2232,0,6,0.2232,0,723,716,-0.0038301899342642054,composite 0.34,0.0,0,holding
AFL,Financial,6,0.2232,0,6,0.2232,0,724,738,-0.004136175329305103,composite 0.34,0.0,0,holding
TJX,Consumer Cyclical,6,0.2291,0,6,0.2232,0,725,608,0.0138655324630379,composite 0.34,-0.005899999999999989,0,holding
PM,Consumer Defensive,6,0.2232,0,6,0.2232,0,726,732,0.008876063527213374,composite 0.33,0.0,0,holding
WMT,Consumer Defensive,6,0.2272,0,6,0.2232,0,727,695,0.009981340720940812,composite 0.33,-0.0040000000000000036,0,holding
OHI,Real Estate,6,0.2232,0,6,0.2232,0,728,756,-0.009276351850903586,composite 0.33,0.0,0,holding
BKH,Utilities,6,0.2214,0,6,0.2232,0,729,801,0.0992367046148348,composite 0.33,0.001799999999999996,0,holding
FE,Utilities,6,0.2232,0,6,0.2232,0,730,726,0.006552212528807333,composite 0.32,0.0,0,holding
FRT,Real Estate,6,0.2232,0,6,0.2232,0,731,731,-0.0035781286660786504,composite 0.32,0.0,0,holding
AIZ,Financial,6,0.2232,0,6,0.2232,0,732,742,-0.007381163504102006,composite 0.32,0.0,0,holding
UHS,Healthcare,6,0.2232,0,6,0.2232,0,733,741,-0.007397772447752526,composite 0.32,0.0,0,holding
BJ,Consumer Defensive,6,0.2232,0,6,0.2232,0,734,725,0.009935127807514599,composite 0.31,0.0,0,holding
CB,Financial,6,0.2238,0,6,0.2232,0,735,703,0.006328418676966541,composite 0.31,-0.0005999999999999894,0,holding
CVX,Energy,6,0.2232,0,6,0.2232,0,736,733,-0.010839194431799037,composite 0.31,0.0,0,holding
OGE,Utilities,6,0.2232,0,6,0.2232,0,737,747,0.0023996642666972434,composite 0.31,0.0,0,holding
EXE,Energy,6,0.2232,0,6,0.2232,0,738,750,-0.006800476943067846,composite 0.30,0.0,0,holding
THG,Financial,6,0.2232,0,6,0.2232,0,739,729,0.00011365731701751258,composite 0.30,0.0,0,holding
MO,Consumer Defensive,6,0.2232,0,6,0.2232,0,740,724,0.012107865276584695,composite 0.30,0.0,0,holding
PPL,Utilities,6,0.2232,0,6,0.2232,0,741,737,0.0019287425886489462,composite 0.30,0.0,0,holding
MCK,Healthcare,6,0.2232,0,6,0.2232,0,742,751,-0.003981883947840381,composite 0.30,0.0,0,holding
CUBE,Real Estate,6,0.2232,0,6,0.2232,0,743,746,-0.006620763006163433,composite 0.30,0.0,0,holding
ES,Utilities,6,0.2232,0,6,0.2232,0,744,744,0.0013024683066240605,composite 0.30,0.0,0,holding
NSC,Industrials,6,0.2232,0,6,0.2232,0,745,734,-0.0023078972905145045,composite 0.30,0.0,0,holding
SIGI,Financial,6,0.2232,0,6,0.2232,0,746,720,-0.004480043088719299,composite 0.29,0.0,0,holding
KMB,Consumer Defensive,6,0.2361,0,6,0.2232,0,747,524,0.001653442881676792,composite 0.29,-0.012899999999999995,0,weakening
AEP,Utilities,6,0.2232,0,6,0.2232,0,748,743,0.00489028708521011,composite 0.29,0.0,0,holding
EPR,Real Estate,6,0.2232,0,6,0.2232,0,749,759,-0.010765355812830446,composite 0.29,0.0,0,holding
ENSG,Healthcare,6,0.2214,0,6,0.2232,0,750,780,-0.012204991715238367,composite 0.28,0.001799999999999996,0,holding
BF-B,Consumer Defensive,6,0.2232,0,6,0.2232,0,751,754,-0.004554111479929568,composite 0.28,0.0,0,holding
PEG,Utilities,6,0.2219,0,6,0.2232,0,752,769,-0.004740052298523811,composite 0.28,0.0013000000000000234,0,holding
XEL,Utilities,6,0.2219,0,6,0.2232,0,753,773,0.0010311693218838514,composite 0.28,0.0013000000000000234,0,holding
SYK,Healthcare,6,0.2232,0,6,0.2232,0,754,728,0.002156633931025942,composite 0.28,0.0,0,holding
CINF,Financial,6,0.2222,0,6,0.2232,0,755,767,-0.0026673875012853676,composite 0.28,0.0010000000000000009,0,holding
HR,Real Estate,6,0.2232,0,6,0.2232,0,756,740,0.004694830951162521,composite 0.28,0.0,0,holding
CBSH,Financial,6,0.2214,0,6,0.2232,0,757,792,-0.01907627222036834,composite 0.28,0.001799999999999996,0,holding
LLY,Healthcare,6,0.2232,0,6,0.2232,0,758,760,0.03937394841975839,composite 0.27,0.0,0,holding
SYY,Consumer Defensive,6,0.2219,0,6,0.2232,0,759,770,-0.0016784668630115407,composite 0.27,0.0013000000000000234,0,holding
UGI,Utilities,6,0.2232,0,6,0.2232,0,760,755,-0.007940833688447557,composite 0.27,0.0,0,holding
NEE,Utilities,6,0.2232,0,6,0.2232,0,761,757,-0.011556162406578419,composite 0.27,0.0,0,holding
TSN,Consumer Defensive,6,0.2214,0,6,0.2232,0,762,796,-0.009043702321790414,composite 0.27,0.001799999999999996,0,holding
AEE,Utilities,6,0.2232,0,6,0.2232,0,763,748,0.0027045783345154284,composite 0.27,0.0,0,holding
STZ,Consumer Defensive,6,0.2232,0,6,0.2232,0,764,717,0.020921571775342374,composite 0.26,0.0,0,holding
MAT,Consumer Cyclical,6,0.2145,0,6,0.2228,0,765,828,0.025423651697312755,composite 0.25,0.008300000000000002,0,holding
FICO,Technology,6,0.2256,0,6,0.2228,0,766,699,-0.03205078416912421,composite 0.25,-0.002799999999999997,0,holding
AN,Consumer Cyclical,6,0.2228,0,6,0.2228,0,767,764,-0.01849628849783136,composite 0.25,0.0,0,holding
SO,Utilities,6,0.2232,0,6,0.2219,0,768,758,0.003043006781445756,composite 0.26,-0.0013000000000000234,0,holding
ADC,Real Estate,6,0.2232,0,6,0.2219,0,769,749,-0.0016719958781091782,composite 0.26,-0.0013000000000000234,0,holding
ORLY,Consumer Cyclical,6,0.2232,0,6,0.2219,0,770,753,0.0008221716622742736,composite 0.26,-0.0013000000000000234,0,holding
EGP,Real Estate,6,0.2219,0,6,0.2219,0,771,776,-0.005133285751482752,composite 0.25,0.0,0,holding
EVRG,Utilities,6,0.2219,0,6,0.2219,0,772,775,-0.0006222205763872779,composite 0.25,0.0,0,holding
SNA,Industrials,6,0.2228,0,6,0.2215,0,773,766,-0.022842525283534254,composite 0.24,-0.0012999999999999956,0,holding
MCD,Consumer Cyclical,6,0.2214,0,6,0.2214,0,774,781,-0.0014196680378023574,composite 0.23,0.0,0,holding
EHC,Healthcare,6,0.2214,0,6,0.2214,0,775,785,-0.011749169449038921,composite 0.23,0.0,0,holding
SWX,Utilities,6,0.2214,0,6,0.2214,0,776,795,-0.005280874256095136,composite 0.23,0.0,0,holding
CI,Healthcare,6,0.2214,0,6,0.2214,0,777,782,0.02064733260100926,composite 0.23,0.0,0,holding
EQT,Energy,6,0.2214,0,6,0.2214,0,778,791,-0.00848103076941864,composite 0.23,0.0,0,holding
GILD,Healthcare,6,0.2214,0,6,0.2214,0,779,793,0.026485526155287653,composite 0.23,0.0,0,holding
UDR,Real Estate,6,0.2214,0,6,0.2214,0,780,788,-0.01253315361170615,composite 0.23,0.0,0,holding
ICE,Financial,6,0.2214,0,6,0.2214,0,781,794,-0.006124193157632796,composite 0.23,0.0,0,holding
SUI,Real Estate,6,0.2214,0,6,0.2214,0,782,800,-0.004461497290635719,composite 0.23,0.0,0,holding
RGA,Financial,6,0.2214,0,6,0.2214,0,783,778,-0.0011547076803281042,composite 0.22,0.0,0,holding
L,Financial,6,0.2214,0,6,0.2214,0,784,787,-0.001690778759381284,composite 0.22,0.0,0,holding
CHE,Healthcare,6,0.2214,0,6,0.2214,0,785,798,-0.012543129333920766,composite 0.22,0.0,0,holding
ATO,Utilities,6,0.2219,0,6,0.2214,0,786,774,0.0022536659444836182,composite 0.22,-0.0004999999999999727,0,holding
REG,Real Estate,6,0.2214,0,6,0.2214,0,787,779,-0.0011201600826905578,composite 0.22,0.0,0,holding
LIN,Basic Materials,6,0.2214,0,6,0.2214,0,788,806,-0.0038473511963674767,composite 0.22,0.0,0,holding
COR,Healthcare,6,0.2214,0,6,0.2214,0,789,786,0.010209599633908661,composite 0.21,0.0,0,holding
WEC,Utilities,6,0.2219,0,6,0.2214,0,790,772,0.0032948573490312327,composite 0.21,-0.0004999999999999727,0,holding
KR,Consumer Defensive,6,0.2219,0,6,0.2214,0,791,771,0.021571620010696346,composite 0.21,-0.0004999999999999727,0,holding
MDT,Healthcare,6,0.2214,0,6,0.2214,0,792,805,-0.0068894075020192735,composite 0.21,0.0,0,holding
APD,Basic Materials,6,0.2214,0,6,0.2214,0,793,803,-0.004448398576512469,composite 0.20,0.0,0,holding
INGR,Consumer Defensive,6,0.2108,0,6,0.2214,0,794,854,-0.0224289216428456,composite 0.20,0.010600000000000026,0,strengthening
DUK,Utilities,6,0.2214,0,6,0.2214,0,795,790,0.003198989326235857,composite 0.20,0.0,0,holding
KVUE,Consumer Defensive,6,0.2232,0,6,0.2214,0,796,745,0.0008527225422583218,composite 0.20,-0.001799999999999996,0,holding
AZO,Consumer Cyclical,6,0.2214,0,6,0.2214,0,797,812,-0.005076671442672431,composite 0.20,0.0,0,holding
CPT,Real Estate,6,0.2142,0,6,0.2214,0,798,845,-0.014592964971743116,composite 0.20,0.007200000000000012,0,holding
CLH,Industrials,6,0.2214,0,6,0.2214,0,799,799,-0.0022951989936855766,composite 0.19,0.0,0,holding
BRX,Real Estate,6,0.2214,0,6,0.2214,0,800,814,-0.012745756947930897,composite 0.19,0.0,0,holding
IRT,Real Estate,6,0.2232,0,6,0.2214,0,801,735,-0.014596008526483129,composite 0.19,-0.001799999999999996,0,holding
KMI,Energy,6,0.2152,0,6,0.2214,0,802,817,-0.014614406579119166,composite 0.19,0.006200000000000011,0,holding
SAM,Consumer Defensive,6,0.2214,0,6,0.2214,0,803,804,0.003991359711565279,composite 0.19,0.0,0,holding
MRSH,Financial,6,0.2219,0,6,0.2214,0,804,768,0.005356924068468993,composite 0.18,-0.0004999999999999727,0,holding
PFE,Healthcare,6,0.2214,0,6,0.2214,0,805,810,0.02199998335404829,composite 0.18,0.0,0,holding
CMS,Utilities,6,0.2214,0,6,0.2214,0,806,797,0.003073566146921225,composite 0.18,0.0,0,holding
LOPE,Consumer Defensive,6,0.2214,0,6,0.2214,0,807,815,0.003214400451240218,composite 0.17,0.0,0,holding
ED,Utilities,6,0.2214,0,6,0.2214,0,808,784,0.0024257728953138713,composite 0.17,0.0,0,holding
HCA,Healthcare,6,0.2214,0,6,0.2214,0,809,789,0.017862103199120405,composite 0.17,0.0,0,holding
O,Real Estate,6,0.2214,0,6,0.2214,0,810,809,-0.0058064262987831405,composite 0.16,0.0,0,holding
RNR,Financial,6,0.2214,0,6,0.2214,0,811,802,0.004315374633310665,composite 0.15,0.0,0,holding
MAA,Real Estate,6,0.2108,0,6,0.2152,0,812,849,-0.012949819790684991,composite 0.15,0.004400000000000015,0,holding
OGS,Utilities,6,0.2144,0,6,0.2152,0,813,840,-0.0021873364151984154,composite 0.15,0.0007999999999999952,0,holding
AMT,Real Estate,6,0.2214,0,6,0.2152,0,814,813,0.007039711559065243,composite 0.14,-0.006200000000000011,0,holding
NFG,Energy,6,0.2214,0,6,0.2152,0,815,808,-0.0038289142081141536,composite 0.14,-0.006200000000000011,0,holding
NXST,Communication Services,6,0.2228,0,6,0.2145,0,816,762,-0.020081365339684076,composite 0.24,-0.008300000000000002,0,holding
TCBI,Financial,6,0.2282,0,6,0.2145,0,817,682,-0.023287091396157034,composite 0.24,-0.01369999999999999,0,weakening
EFX,Industrials,6,0.2228,0,6,0.2145,0,818,765,-0.0033688639944722265,composite 0.24,-0.008300000000000002,0,holding
ZTS,Healthcare,6,0.2145,0,6,0.2145,0,819,832,0.006914265630418193,composite 0.24,0.0,0,holding
RPM,Basic Materials,6,0.2145,0,6,0.2145,0,820,821,-0.012257087087627738,composite 0.23,0.0,0,holding
TTWO,Communication Services,6,0.2145,0,6,0.2145,0,821,825,0.0037772151990287384,composite 0.23,0.0,0,holding
RJF,Financial,6,0.2145,0,6,0.2145,0,822,826,-0.012983705453962102,composite 0.23,0.0,0,holding
KBH,Consumer Cyclical,6,0.2145,0,6,0.2145,0,823,827,-0.041079330744156706,composite 0.23,0.0,0,holding
DCI,Industrials,6,0.2145,0,6,0.2145,0,824,823,-0.03218290429737014,composite 0.23,0.0,0,holding
EXPO,Industrials,6,0.2215,0,6,0.2145,0,825,777,-0.004770191234445553,composite 0.23,-0.007000000000000006,0,holding
TFC,Financial,6,0.2177,0,6,0.2145,0,826,816,-0.015027020428631799,composite 0.22,-0.0032000000000000084,0,holding
KBR,Industrials,6,0.2145,0,6,0.2145,0,827,835,-0.030627025559022303,composite 0.21,0.0,0,holding
CBRE,Real Estate,6,0.2145,0,6,0.2145,0,828,829,-0.03646875008028794,composite 0.21,0.0,0,holding
TXT,Industrials,6,0.2145,0,6,0.2145,0,829,830,-0.02621469296358292,composite 0.21,0.0,0,holding
UFPI,Basic Materials,6,0.2145,0,6,0.2145,0,830,820,-0.0365822707550435,composite 0.21,0.0,0,holding
OZK,Financial,6,0.2145,0,6,0.2145,0,831,824,-0.023104588418312644,composite 0.20,0.0,0,holding
PHM,Consumer Cyclical,6,0.2256,0,6,0.2145,0,832,697,-0.038113656162963916,composite 0.20,-0.011099999999999999,0,weakening
HOMB,Financial,6,0.2145,0,6,0.2145,0,833,822,-0.014010494893850534,composite 0.20,0.0,0,holding
WYNN,Consumer Cyclical,6,0.2145,0,6,0.2145,0,834,833,-0.016314277671515276,composite 0.20,0.0,0,holding
NDAQ,Financial,6,0.2276,0,6,0.2145,0,835,692,-0.004660239740109429,composite 0.19,-0.0131,0,weakening
AOS,Industrials,6,0.2145,0,6,0.2145,0,836,836,-0.031107212834759812,composite 0.19,0.0,0,holding
FFIN,Financial,6,0.2145,0,6,0.2145,0,837,838,-0.01817042363157151,composite 0.19,0.0,0,holding
DHI,Consumer Cyclical,6,0.2145,0,6,0.2145,0,838,834,-0.028702033285249118,composite 0.18,0.0,0,holding
MCO,Financial,6,0.2135,0,6,0.2145,0,839,847,-0.008710652585796619,composite 0.18,0.0010000000000000009,0,holding
MLM,Basic Materials,6,0.2145,0,6,0.2145,0,840,839,-0.018609038510023823,composite 0.17,0.0,0,holding
ECL,Basic Materials,6,0.2105,0,6,0.2145,0,841,869,-0.004843016286836144,composite 0.17,0.0040000000000000036,0,holding
EXR,Real Estate,6,0.2105,0,6,0.2144,0,842,871,-0.007394170570446668,composite 0.17,0.0039000000000000146,0,holding
V,Financial,6,0.2214,0,6,0.2142,0,843,811,0.007215318861911069,composite 0.14,-0.007200000000000012,0,holding
MZTI,Consumer Defensive,6,0.2214,0,6,0.2142,0,844,807,0.0052894852777807255,composite 0.14,-0.007200000000000012,0,holding
CL,Consumer Defensive,6,0.2152,0,6,0.2142,0,845,818,0.00687677334236203,composite 0.14,-0.0010000000000000009,0,holding
MA,Financial,6,0.2152,0,6,0.2142,0,846,819,0.010430959381319216,composite 0.13,-0.0010000000000000009,0,holding
ACGL,Financial,6,0.2142,0,6,0.2142,0,847,843,-0.0030056531705557887,composite 0.13,0.0,0,holding
ESS,Real Estate,6,0.2108,0,6,0.2142,0,848,857,-0.011743483445761593,composite 0.13,0.003400000000000014,0,holding
RSG,Industrials,6,0.2142,0,6,0.2113,0,849,841,0.008743071316895223,composite 0.12,-0.0029000000000000137,0,holding
WPC,Real Estate,6,0.2108,0,6,0.2108,0,850,850,-0.007186422181191476,composite 0.12,0.0,0,holding
KIM,Real Estate,6,0.2108,0,6,0.2108,0,851,848,-0.0051942084141127776,composite 0.12,0.0,0,holding
ABBV,Healthcare,6,0.2108,0,6,0.2108,0,852,862,0.027935101199258794,composite 0.11,0.0,0,holding
ELS,Real Estate,6,0.2108,0,6,0.2108,0,853,851,-0.005362656322867032,composite 0.10,0.0,0,holding
MDLZ,Consumer Defensive,6,0.2108,0,6,0.2108,0,854,853,-0.00016770080027384004,composite 0.10,0.0,0,holding
BRK-B,Financial,6,0.2108,0,6,0.2108,0,855,856,0.00011868013921678688,composite 0.09,0.0,0,holding
AMH,Real Estate,6,0.2108,0,6,0.2108,0,856,858,-0.008040660892873253,composite 0.09,0.0,0,holding
AWK,Utilities,6,0.2108,0,6,0.2108,0,857,855,0.0006639075158121344,composite 0.09,0.0,0,holding
COST,Consumer Defensive,6,0.2142,0,6,0.2108,0,858,842,0.011896597959280442,composite 0.09,-0.003400000000000014,0,holding
SR,Utilities,6,0.2142,0,6,0.2108,0,859,846,0.0008315522953674659,composite 0.08,-0.003400000000000014,0,holding
PG,Consumer Defensive,6,0.2142,0,6,0.2108,0,860,844,0.004952500452900521,composite 0.08,-0.003400000000000014,0,holding
INVH,Real Estate,6,0.2108,0,6,0.2108,0,861,861,-0.0024630022058461654,composite 0.08,0.0,0,holding
AFG,Financial,6,0.2108,0,6,0.2108,0,862,860,-0.0004640710930770009,composite 0.06,0.0,0,holding
CHD,Consumer Defensive,6,0.2108,0,6,0.2108,0,863,859,0.00844212174929826,composite 0.06,0.0,0,holding
PEP,Consumer Defensive,6,0.2108,0,6,0.2108,0,864,863,-0.010381038220347638,composite 0.06,0.0,0,holding
AIG,Financial,6,0.2108,0,6,0.2108,0,865,852,0.006656903154532712,composite 0.05,0.0,0,holding
EG,Financial,6,0.2108,0,6,0.2108,0,866,864,-0.0007769154534797984,composite 0.05,0.0,0,holding
WTRG,Utilities,6,0.2108,0,6,0.2108,0,867,866,-0.0007730634612856946,composite 0.04,0.0,0,holding
WRB,Financial,6,0.2108,0,6,0.2108,0,868,865,0.009475894016593989,composite 0.04,0.0,0,holding
PEN,Healthcare,6,0.2108,0,6,0.2108,0,869,867,0.0017032284047098223,composite 0.03,0.0,0,holding
TXNM,Utilities,6,0.2108,0,6,0.2108,0,870,868,-0.0013663196823200385,composite 0.02,0.0,0,holding
GATX,Industrials,6,0.2105,0,6,0.2105,0,871,870,-0.03517093629384316,composite 0.16,0.0,0,holding
VMC,Basic Materials,6,0.2105,0,6,0.2105,0,872,882,-0.02041391081558397,composite 0.16,0.0,0,holding
PB,Financial,6,0.2145,0,6,0.2105,0,873,837,-0.021013354169577947,composite 0.16,-0.0040000000000000036,0,holding
STE,Healthcare,6,0.2105,0,6,0.2105,0,874,872,0.011262910003637439,composite 0.15,0.0,0,holding
TDG,Industrials,6,0.2105,0,6,0.2105,0,875,877,-0.013142034185176565,composite 0.15,0.0,0,holding
FR,Real Estate,6,0.2105,0,6,0.2105,0,876,874,-0.01451226493440183,composite 0.15,0.0,0,holding
ITW,Industrials,6,0.2105,0,6,0.2105,0,877,873,-0.02045753745525858,composite 0.14,0.0,0,holding
IBOC,Financial,6,0.2105,0,6,0.2105,0,878,875,-0.01479553577515269,composite 0.13,0.0,0,holding
ATR,Healthcare,6,0.2105,0,6,0.2105,0,879,883,0.006278563437987161,composite 0.13,0.0,0,holding
LEN,Consumer Cyclical,6,0.2105,0,6,0.2105,0,880,879,-0.016922944400137085,composite 0.13,0.0,0,holding
AXP,Financial,6,0.2105,0,6,0.2105,0,881,881,-0.004334187685267388,composite 0.13,0.0,0,holding
XYL,Industrials,6,0.2105,0,6,0.2105,0,882,880,-0.02275984756970184,composite 0.13,0.0,0,holding
LOW,Consumer Cyclical,6,0.2105,0,6,0.2105,0,883,886,-0.013315198134551287,composite 0.13,0.0,0,holding
JPM,Financial,6,0.2105,0,6,0.2105,0,884,876,-0.008769013493121314,composite 0.13,0.0,0,holding
NLY,Real Estate,6,0.2105,0,6,0.2105,0,885,887,-0.02198700787014285,composite 0.12,0.0,0,holding
TKO,Communication Services,6,0.2105,0,6,0.2105,0,886,889,-0.0029185048739316377,composite 0.12,0.0,0,holding
HD,Consumer Cyclical,6,0.2105,0,6,0.2105,0,887,888,-0.00645298436555608,composite 0.12,0.0,0,holding
GGG,Industrials,6,0.2105,0,6,0.2105,0,888,884,-0.015908191952434536,composite 0.11,0.0,0,holding
BYD,Consumer Cyclical,6,0.2105,0,6,0.2105,0,889,885,-0.01491269701954101,composite 0.11,0.0,0,holding
GHC,Industrials,6,0.2056,0,6,0.2105,0,890,890,0.0080938391437122,composite 0.08,0.004899999999999988,0,holding
NKE,Consumer Cyclical,6,0.2014,0,6,0.2051,0,891,891,-0.014880074561293255,composite 0.07,0.003700000000000009,0,holding
NVR,Consumer Cyclical,6,0.1978,0,6,0.1879,0,892,892,-0.024178909296344808,composite 0.05,-0.009899999999999992,0,holding
STWD,Real Estate,6,0.184,0,6,0.184,0,893,893,-0.022428457463913754,composite 0.03,0.0,0,holding
