row_q,col_q,lift,hit,n,med_fr63,med_fdd63
1,1,1.1259468,0.08254799,57300,0.02878075,0.09435561
1,2,1.1208229,0.08204762,53213,0.02858908,0.0936053
1,3,1.1227348,0.08176542,52724,0.027316146,0.094296455
1,4,1.1424612,0.08349533,54530,0.02800801,0.094944164
1,5,1.1235888,0.08381963,60320,0.02968619,0.09719451
2,1,1.098158,0.07985039,55078,0.029386694,0.11741093
2,2,1.0456609,0.076406956,55741,0.029671947,0.11610639
2,3,1.0708168,0.07902079,55555,0.030642245,0.115919106
2,4,1.0552323,0.077645764,56307,0.030210245,0.11795401
2,5,1.0479921,0.077559754,56060,0.02997636,0.12103194
3,1,0.992671,0.072588526,54251,0.026287084,0.1406901
3,2,0.9929262,0.07318415,56351,0.029416109,0.13914815
3,3,1.0012141,0.073476955,57188,0.029567886,0.14002308
3,4,0.9615107,0.07080197,56199,0.028819215,0.14119731
3,5,0.9722055,0.07125114,54750,0.027938895,0.14582041
4,1,0.96169955,0.07069399,54842,0.02761352,0.17200992
4,2,0.95670956,0.070161216,56755,0.027010461,0.17081678
4,3,0.95727533,0.07052425,56633,0.02942654,0.16882762
4,4,0.93490595,0.06887165,56206,0.026086612,0.17232557
4,5,0.9286742,0.06777289,54299,0.024573468,0.1794486
5,1,0.9100519,0.06777656,56642,0.021930128,0.24998593
5,2,0.8907478,0.06577856,56675,0.019817373,0.24692097
5,3,0.8693108,0.063842185,56624,0.021682423,0.24603362
5,4,0.8656027,0.06336048,55492,0.01767202,0.24921581
5,5,0.8517055,0.061455727,53925,0.010442131,0.26091182
