year,n,hits,exp,lift
2006,1148,38.0,21.78085,1.7446519
2007,1360,0.0,1.2034585,0.0
2008,762,0.0,0.0,
2009,1201,6.0,3.342827,1.7948879
2010,2270,59.0,21.46941,2.748096
2011,2607,38.0,8.354602,4.5483913
2012,2489,110.0,40.663433,2.7051332
2013,1872,42.0,30.63535,1.3709652
2014,1687,19.0,18.221052,1.0427499
2015,1312,15.0,3.0043957,4.9926844
2016,2545,102.0,54.66888,1.8657781
2017,2132,33.0,35.16919,0.9383213
2018,1567,36.0,9.519644,3.7816541
2019,2205,91.0,22.709911,4.007061
2020,1977,3.0,3.631046,0.8262082
2021,3613,172.0,26.554356,6.47728
2022,1691,1.0,0.19544475,5.1165357
2023,2252,71.0,11.817951,6.0078096
2024,2611,87.0,12.403479,7.014161
2025,2710,22.0,6.2006655,3.5480063
2026,634,3.0,1.357012,2.2107394
