confirmer,n,per_week,hit,lift,lift21,med_fr63,med_fdd63,p_up63,lift_2006,lift_2013,lift_2020,lift_change
(quiet base alone),23437,22.710271317829456,0.09595938,1.3336343,1.063931,0.031103607,0.07303056,0.643256389469642,1.3863686,1.289169,1.3401493,1.0
price ROC 21d > 0,12781,12.38468992248062,0.0975667,1.3934145,1.1424131,0.03278468,0.07115846,0.6529223065487834,1.3575675,1.3881546,1.4293739,1.0448251
price ROC 21d < 0,10613,10.28391472868217,0.09403562,1.265491,0.97787076,0.028971778,0.07544934,0.6314896824649016,1.4177179,1.1844413,1.21869,0.9489041
price ROC accelerating (acc21 > 0),11164,10.817829457364342,0.095037624,1.3416562,1.1196907,0.032084152,0.071440436,0.6523647438194196,1.3511504,1.3594275,1.3116957,1.0060151
price ROC decelerating (acc21 < 0),12273,11.892441860465116,0.096797846,1.3265506,1.0151138,0.030228997,0.07464374,0.6349710747168581,1.4189979,1.2315991,1.3665341,0.99468845
vol compressing (vroc21 < 0),11749,11.38468992248062,0.09379522,1.3217165,1.0232407,0.030236352,0.07204315,0.6426078815218317,1.4377712,1.289982,1.2455469,0.9910637
vol expanding (vroc21 > 0),11682,11.319767441860465,0.09818524,1.3457712,1.1037263,0.032292236,0.07400438,0.6441533983906865,1.332373,1.2886024,1.4263511,1.0091007
compression accelerating (vacc21 < 0),11365,11.012596899224807,0.09177299,1.2934164,1.0462964,0.030921107,0.07240799,0.6457545094588649,1.3648592,1.2474687,1.2795053,0.9698434
range compressing 21v252 (rc21_252 < 0),17630,17.083333333333332,0.09909245,1.4360713,1.0951507,0.031474233,0.071997896,0.6450368689733409,1.4492588,1.3280108,1.5574245,1.0768105
rel volume up (rv10_126 > 0),11222,10.874031007751938,0.09659597,1.3110306,1.0618663,0.03177987,0.07260251,0.6493494920691499,1.2230269,1.3092287,1.4009575,0.9830511
rel volume down (rv10_126 < 0),12187,11.809108527131784,0.0953475,1.3549786,1.0652423,0.030547583,0.073487684,0.6374825633872159,1.5550724,1.2644981,1.2863417,1.0160046
volume ROC up (vlroc21 > 0),11772,11.406976744186046,0.09633028,1.3047125,1.0702528,0.032162175,0.07304649,0.6489976214746856,1.3665221,1.2841434,1.2730834,0.9783136
volume ROC down (vlroc21 < 0),11654,11.292635658914728,0.095589496,1.3643434,1.0560395,0.030367684,0.07301983,0.6376351467307362,1.4050732,1.2955488,1.4140364,1.0230267
up-volume > down-volume 21d (udv21 > 0),12855,12.456395348837209,0.09428238,1.3336022,1.0924202,0.03165508,0.07205549,0.6450408401400234,1.3585675,1.282702,1.3714721,0.999976
price up & vol down & volume up,2632,2.550387596899225,0.10144377,1.3996744,1.1401209,0.031338986,0.071649045,0.6451367781155015,1.4544222,1.4109429,1.3342469,1.049519
drift-to-noise top half (q_dn63 >= 0.5),8769,8.497093023255815,0.089405864,1.2486515,1.057704,0.030000627,0.07342257,0.6370167635990421,1.2993623,1.0926236,1.3685175,0.93627733
efficiency 63 top half (q_er63 >= 0.5),8618,8.35077519379845,0.09143653,1.2792692,1.087461,0.03008063,0.07288084,0.6377349733116733,1.346946,1.1297535,1.3807082,0.9592354
monotone 63 (kt63 > 0.3),10038,9.726744186046512,0.09772863,1.4086338,1.0839554,0.030012764,0.07244575,0.6404662283323371,1.3615777,1.2987686,1.5804825,1.056237
staircase memory (mem_y63_long > 0.1),5256,5.093023255813954,0.09436834,1.2594715,1.0900762,0.036063984,0.07539675,0.656392694063927,1.5379821,1.0475829,1.349128,0.94439054
industry momentum rising (ind_d_roc63 > 0),9986,9.676356589147288,0.10254356,1.4371586,1.1285897,0.031513914,0.07278586,0.6403965551772481,1.4543475,1.5246094,1.3204077,1.0776258
high co-movement (q_co126 >= 0.6),8314,8.056201550387597,0.098869376,1.329966,1.0960137,0.03346172,0.07395982,0.6510704835217705,1.1139115,1.3959244,1.3843327,0.99724936
defensive on down days (q_rel_dn126 >= 0.6),18790,18.20736434108527,0.094465144,1.3101221,1.0394609,0.030335333,0.07219013,0.6399680681213411,1.4612583,1.2507074,1.2209263,0.9823699
