rule,depth,train_n,train_hit,train_lift,train_score,test_n,test_hit,test_lift,train_weeks,test_weeks
q_rng63<=0.1 & q_bo_gain126<=0.3 & q_dq_mdd63>=0.7,3,1763,0.154849688031764,2.140051871772443,1.7897531489699448,1807,0.1029330381848367,1.647368860627497,337,319
q_roc126<=0.2 & q_hh_steps63<=0.3 & q_rng63<=0.1 & q_d_kt63<=0.4,4,1556,0.1799485861182519,2.56645642095576,2.156145413495854,1267,0.1270718232044199,1.6387417438139662,307,261
q_roc126<=0.2 & q_kt_roc<=0.4 & q_hh_steps63<=0.3 & q_rng63<=0.1,4,1559,0.1828094932649134,2.6122505608166198,2.1986311906818274,1283,0.1247077162899454,1.6013803402010798,308,263
q_roc126<=0.2 & q_kt_roc<=0.3 & q_hh_steps63<=0.4 & q_rng63<=0.1,4,1592,0.1639447236180904,2.448145270002152,2.040644786122456,1308,0.1207951070336391,1.5853402666820178,308,258
q_roc126<=0.2 & q_rng63<=0.1 & q_dq_kt63<=0.4 & p_ind_med_mdd63<=0.3,4,1659,0.1663652802893309,2.424073840166421,2.031403718975451,811,0.1109741060419235,1.583292833233945,293,209
q_roc126<=0.2 & q_hh_steps63<=0.4 & q_rng63<=0.1 & q_d_kt63<=0.4,4,1949,0.1646998460749102,2.4313285857233766,2.064091144300165,1601,0.1149281698938163,1.5024589062994105,333,289
q_roc126<=0.2 & q_gp63<=0.4 & q_rng63<=0.1 & q_dq_mdd63>=0.7,4,1511,0.1753805426869622,2.4485222193680243,2.045990295117191,1270,0.1149606299212598,1.4752693165606114,288,245
q_roc126<=0.2 & q_gp63<=0.3 & q_rng63<=0.1 & q_d_kt63<=0.3,4,1625,0.1643076923076923,2.437942377542874,2.0364839230017178,1331,0.1187077385424492,1.471198938943049,299,239
q_roc126<=0.2 & q_kt_roc<=0.4 & q_hh_steps63<=0.4 & q_rng63<=0.1,4,1950,0.1676923076923077,2.47107529500321,2.101594466456977,1621,0.1128932757557063,1.4674739651619122,332,289
q_roc126<=0.2 & q_mar252<=0.4 & q_rng63<=0.1 & q_dq_mdd63>=0.7,4,1525,0.1718032786885246,2.43256937181787,2.029855571725381,1315,0.1163498098859315,1.4668594194769868,288,240
q_roc126<=0.2 & q_gp63<=0.3 & q_kt_roc<=0.3 & q_rng63<=0.1,4,1620,0.1635802469135802,2.444225704238534,2.0401829768851925,1331,0.1179564237415477,1.466806107890556,301,238
q_roc126<=0.2 & q_rng63<=0.1 & q_d_mdd63_rel>=0.7,3,1637,0.1502748930971288,2.176616701152799,1.8018736828994764,1283,0.1169134840218238,1.465101669894578,305,262
