bin,n,p_top_half_42d,p_top_quartile_42d,xs_sharpe_42_vs_universe,p_top_half_63d,p_top_quartile_63d,xs_sharpe_63_vs_universe
1,7897,0.4680258325946562,0.20336836773458275,-0.17990779151982045,0.4653665949094593,0.22464226921615804,-0.14855062274260317
2,15774,0.4694433878534297,0.2204894129580322,-0.1736248616122776,0.4596170914162546,0.22562444528971726,-0.17110410047895686
3,20418,0.47918503281418356,0.23410716034871193,-0.10035802001402282,0.4645900675874229,0.23239298658046822,-0.11298649486667003
4,23831,0.46422726700516137,0.2289035290168268,-0.16425265315200857,0.4708992488775125,0.21870672653266754,-0.1340294671882209
5,26508,0.48638146974498264,0.24245510789195715,-0.08528408856354501,0.47861023087369853,0.22706352799154972,-0.10003591197741116
6,27393,0.4905997882670755,0.24513561858869054,-0.06738345726738554,0.483079618880736,0.23841857408827072,-0.07391651412726281
7,29017,0.4874039356239446,0.24089326946272874,-0.07346191066993356,0.4833028914084847,0.24554571458110763,-0.07100499000680781
8,29884,0.4923035738187659,0.24447865078302772,-0.036023848782453446,0.48771918083255256,0.23878998795341988,-0.051434480616631154
9,29688,0.49811371597952037,0.24461061708434384,-0.010712702674987832,0.4877728375101051,0.23834545944489355,-0.049951429665170695
10,28686,0.5029979781077878,0.25036603221083453,0.0009613484879093647,0.49316739873108834,0.24308024820469915,-0.03447018086173372
11,27530,0.5072648020341446,0.2539048310933527,0.035672367662318384,0.5021794406102433,0.24427896839811114,-0.0073631672815624265
12,26748,0.5104680723792433,0.2537759832510842,0.04321040122377445,0.5066547031553761,0.2515328248841035,0.012476386609250417
13,25006,0.510197552587379,0.2566184115812205,0.058477172651019996,0.5077181476445654,0.2535791410061585,0.02242946378511367
14,23746,0.5141918638928662,0.2560852354080687,0.056198587911099836,0.5088435947106881,0.2557483365619473,0.0437143798893886
15,22952,0.5114586964098989,0.2558382711746253,0.07774998945873259,0.5216974555594284,0.26298361798536074,0.0887293467683299
16,21615,0.5063613231552163,0.25260235947258847,0.045512887110556864,0.5176035160767986,0.259912098080037,0.08701257239110224
17,21368,0.5095937850992138,0.2682515911643579,0.10272299182230259,0.5266286035192812,0.2757862223886185,0.13682852654038496
18,20209,0.5209065267949923,0.26928596170023256,0.12429443984015376,0.5378791627492702,0.2843287644118957,0.16920657526882535
19,19363,0.5276041935650467,0.2811547797345453,0.16723400573067843,0.5474874761142385,0.3018127356298094,0.23176467481148075
20,16097,0.5215257501397776,0.28141889793129155,0.12922827191217234,0.5484251723923712,0.29837857985960115,0.22617433951535101
