,beta_low|full|ic,beta_low|full|t_nw,beta_low|recent|ic,beta_low|recent|t_nw,beta_mid|full|ic,beta_mid|full|t_nw,beta_mid|recent|ic,beta_mid|recent|t_nw,beta_high|full|ic,beta_high|full|t_nw,beta_high|recent|ic,beta_high|recent|t_nw,vol_low|full|ic,vol_low|full|t_nw,vol_low|recent|ic,vol_low|recent|t_nw,vol_mid|full|ic,vol_mid|full|t_nw,vol_mid|recent|ic,vol_mid|recent|t_nw,vol_high|full|ic,vol_high|full|t_nw,vol_high|recent|ic,vol_high|recent|t_nw,grp_defensive|full|ic,grp_defensive|full|t_nw,grp_defensive|recent|ic,grp_defensive|recent|t_nw,grp_cyclical|full|ic,grp_cyclical|full|t_nw,grp_cyclical|recent|ic,grp_cyclical|recent|t_nw,grp_growth|full|ic,grp_growth|full|t_nw,grp_growth|recent|ic,grp_growth|recent|t_nw
dist_52w_high,0.0004986671479935808,0.04180289858932598,0.004023125497364641,0.163570209330626,0.032423713930627346,2.7911452795688705,0.036037149211151955,1.8197336688794263,0.027363683149947967,2.3949036123460234,0.04001325486002664,2.1286745176960924,0.009098075989710876,0.8354862069067971,0.019236469396617203,0.9478036350638206,0.016903669836054947,1.6195414733195364,0.029210745326501246,1.810433978859097,0.01628403496074399,1.401243682647873,0.022944282877294834,1.1400093854477322,-0.005334470291170879,-0.3926903943937254,-0.005082986833740708,-0.1850578255909802,0.03656187361906826,2.9019446274995215,0.0190453018129036,1.0617383610670192,0.026083585196881635,2.323483901398161,0.028480550948946855,1.3014418641929801
days_since_52w_high,0.001816170133375649,0.1610966529180225,-0.022299455612444598,-1.0091291376292617,-0.021088157564158414,-1.9550914409718405,-0.019414296948555648,-1.06397436452907,-0.021765955255778017,-1.9387634234453752,-0.05224588294812916,-2.750443161883129,-0.0004099802668225507,-0.038806046908411794,-0.01861522350029666,-0.9467351167099252,-0.011031739963756972,-1.0815174460787553,-0.03244206721027588,-1.9173836621005371,-0.015630063131273006,-1.33718540220084,-0.03826145847219458,-1.8733740014801594,0.008604501945545073,0.7290348895464658,-0.011676796717994408,-0.5094457511599572,-0.020045631901205008,-1.7284731322932527,-0.024046479831907712,-1.3172954582187022,-0.015322432175788393,-1.3069014245190083,-0.022883382096503105,-0.965819430846278
base_depth_126,-0.003880318231902305,-0.34749328494006193,-0.003998213653901714,-0.17700760880140495,0.02862803524472178,2.6559262027376884,0.03918742930715401,2.296877261689336,0.017758178152493344,1.6668706336565335,0.029045141289847694,1.6257284008925637,0.0053954440507043,0.5325023806579378,0.01635258678083296,0.8986017062850674,0.008468438869019908,0.8921586337264612,0.015430622881909396,1.0717178800415694,0.009213372447927465,0.8849692984267631,0.014535797342430917,0.8062741692997247,-0.010883567318933344,-0.8607800884706052,-0.009366833153256478,-0.3886562425312179,0.03210330869863612,2.802908258130131,0.010463475360740465,0.6623225367920651,0.021594836239696654,2.032284222202594,0.024648375085891343,1.2320437627084082
base_depth_63,-0.010244585416713388,-1.0563246706426475,-0.009116117194590913,-0.47849495923718294,0.020772394918703696,2.103530313659402,0.033926185624967437,2.1556818240726288,0.010394301792490443,1.0079077352478145,0.02321077884149142,1.3238723177797755,-0.002323394379551079,-0.25077128425657225,0.010521171698641477,0.6123546646836039,-0.0008339805010921229,-0.0972761333775794,0.01306773332179941,1.0133785984966324,0.0039779397818737235,0.42522243934814274,0.01583580206354064,0.9654996717751307,-0.012861454815286479,-1.1387792369914855,-0.00940338128821397,-0.45126413665094556,0.022737769342294097,2.1422520074326328,0.008567175599701686,0.555877694344932,0.016748574115389107,1.6179254332386885,0.022457736578449804,1.158963205484873
base_tightness_63,-0.014836857489658595,-1.3109688981230683,0.006376948939463429,0.28191379856199056,-0.019402446156239626,-2.1452954574199854,-0.022405476455471314,-1.5178436117644012,-0.0027628532144434643,-0.26108155732227073,0.00335862233654694,0.16902756332885432,-0.009960413703874125,-0.9496420326357325,0.0050024135000922895,0.2588488359784315,-0.002592651637433725,-0.29930939627319536,0.010282628179093811,0.675773373490237,0.00253814159030309,0.26857277266602303,0.02347205855950521,1.238586255017657,-0.010726675330390576,-0.7689168582981201,0.015719069982982087,0.5856028406471561,-0.020256247612980848,-1.7630818051799182,-9.474653766616103e-05,-0.004668925672804364,0.0003447110719163463,0.02886722418034477,0.04086196893220641,1.6468909081353011
range_comp_10_252,-0.0021163023195851466,-0.2543071376434875,0.01870546182976368,1.2844784860348242,-0.014318628805005722,-1.7774467559014446,0.0006777811112593068,0.04602269721302353,-0.003903612224209326,-0.4420511430909226,8.671422748772958e-05,0.005653352922517902,-0.009008741385255158,-1.1819474167032071,-0.00898038139241914,-0.6965225133059,0.007099758676872284,0.8925660284117103,0.008651892761020198,0.6438260786933461,-0.0030831663170203974,-0.3762180755767699,0.0038115726246123107,0.25350053998355143,-0.0018705271137869327,-0.19695317405067989,0.015077594652607024,0.9552835238609524,-0.011431442644686115,-1.4589055249130511,0.010155617191170512,0.7794237057213216,-0.007773493924603393,-0.9429088843639085,-0.005242587233110708,-0.3425881603549466
range_comp_z,-0.0013397880052348037,-0.17747971333365495,0.013047261835589997,0.9861765077093938,-0.014492490330130765,-1.934155320144402,0.0008344326670197643,0.058130892244471585,-0.005161939072556385,-0.6185898384118704,-0.005586695259325724,-0.3622885867794094,-0.00870039156276003,-1.2901443500133734,-0.008203788083451964,-0.6587960859423743,0.006422562171325068,0.8501575700021068,0.00030194003890786044,0.02351376797656479,-0.0017112887953265737,-0.21743511535767346,-0.0019405540882106876,-0.12856037425857567,-0.0005457864366538266,-0.062172453270170576,0.01079764930885636,0.7261579978418701,-0.012181930513325858,-1.657260519947092,0.002466671873558058,0.19436959919009433,-0.008384606051863353,-1.055753816645175,-0.0049887017775594265,-0.32444771004744044
bbw_pct_252,-0.0020352601886623124,-0.25878300487112005,0.016029791828813644,1.3107615014354794,-0.01320333971647123,-2.0374074868777186,0.0027217357926020824,0.2244496445686561,0.004380107361516161,0.5774665494746172,0.008525112070842797,0.6433316163353598,-6.163510239122725e-05,-0.008532160114582516,0.0041016364029134314,0.34337644518817534,0.0008403550711747258,0.12646587589466304,0.0006503791261911492,0.06440205182265706,-0.0042905298343032,-0.5491636801735156,0.0024525931906384454,0.16804207498562837,-0.005878059514496334,-0.6694353163464546,0.01548079065635429,1.137592997008114,0.0009614363465327682,0.1400016021698316,0.007879586465581335,0.6704663564287561,-0.0009825156014206845,-0.130637521389332,0.008654153251375958,0.5590842680228407
bbw_squeeze_126,0.002933323130901975,0.38996008452697234,0.022711777530595757,1.7864853083446741,-0.012126178004378962,-1.9814407621939538,0.0007332803289042928,0.05924483488382643,0.003782781670837383,0.5419967761785134,0.012118306207826036,0.9739459729530912,0.005834751182954528,0.895924812530211,0.0186506995764237,1.5696091741383493,0.0029864783884502853,0.4949342471214184,0.007194153749672424,0.7239722349936639,-0.004132334897458522,-0.5716504752937877,0.0017684943897125932,0.12994484545969245,-0.002118867991633502,-0.2591608210928512,0.02398480827363514,1.7165027865213127,0.00262498298380449,0.4007866969945859,0.013381779984609488,1.2101409603807796,-0.002099944764189501,-0.2858142713404341,0.009018680732229513,0.5908266877918664
nr7_count_20,-0.0029352192932060525,-0.6197979915208034,-0.010896093473031925,-1.49547650711317,0.0008167846682827926,0.16359550529477315,0.001008880693409798,0.11494042190050714,-0.003829384263515453,-0.9274148372818564,-0.007518948025089102,-0.9560418353165594,0.0012853480862186225,0.2744563632339277,-0.006481478565524649,-0.9324568531692482,-0.004531035546525022,-1.038303012972303,-0.006122682965215922,-0.9295011424832059,-0.0034371704192693872,-0.8922345648708071,-0.0037461433101625735,-0.5082055018425147,0.0009161455085570906,0.17026798808745996,-0.012571122777891073,-1.434695246646901,-0.0049275033461717846,-1.311952781846459,-0.014592103866319444,-2.167194976138672,-0.003671899290265912,-0.595812099283588,0.014435928928443559,1.3335497399169127
higher_low_cadence,-0.01648832857175184,-1.8312629593428547,-0.024002763686269343,-1.6392121633097807,0.019041721083229452,2.216130043804042,0.026009686467273998,1.9427685564102506,0.011083218880627294,1.1853066731073951,0.011622251980103904,0.7109819181874115,-0.00295535597000273,-0.33199270031533884,0.004697024927023353,0.3111104666161579,0.004715418514527117,0.5289682528212432,-0.0057933536844943945,-0.44159169112971863,0.005306985736612364,0.6033363989331099,0.008721891364403243,0.549506093939829,-0.025911566930163357,-2.500801673562639,-0.02686144742554502,-1.4781625936777507,0.01459621926556601,1.6249639903353217,-0.006762110729429121,-0.4571134649106048,0.01753697405466118,1.7492702022651283,0.031172039971412373,1.5718631870086406
gap_share_21,0.010460288099795339,1.1052484333386279,0.02462806304515846,1.9725663074601019,0.0037422327894723858,0.4931112246405776,0.002027837207370982,0.13400430843777808,0.012689138245211179,1.5341617120926012,0.006398526784251799,0.3902079077728376,0.009623710216998512,0.7936524660690195,0.035712494463961394,2.0116230417960494,0.0015412056777953733,0.14632483756914408,0.024667290010565723,1.2907691927362277,0.011363453592988884,1.3756410158031855,0.009987808827822334,0.620179205696263,0.0033719757105787635,0.3635026638438633,0.008629070723134413,0.6553140388578103,0.004630545025360467,0.5565652021239555,0.013879617205426279,0.7804844183442047,0.019895688091711366,2.1682756063665756,0.02703724436627635,1.409389846690887
net_gap_21,0.004276397875960278,0.5390644802852539,0.02952002143286791,1.9008545869206315,-0.0013575179899735705,-0.17431432321810064,0.009370785016042035,0.6432113894515934,-0.012450211682154209,-1.403064386816964,0.003922090611763095,0.2728289175256829,-0.002269854435478127,-0.2508349823665311,0.02642075915200031,1.4325738863135902,-0.008258455009123726,-1.0639373874238458,0.003909359859330279,0.24398009100065246,-0.008102227530639116,-0.9067142949526984,0.006816145778101758,0.43909557001330013,-0.0014699108440628889,-0.1611635106615606,0.026241994290298654,1.57509210833197,-0.006999529519498329,-0.7680080106821593,0.01218738906976143,0.7177027600964279,-0.01220990620062676,-1.210806430198815,0.0008425574645912859,0.03663349215394623
up_gap_freq_21,0.00528474138426945,0.45756529973844495,0.033122051921340843,1.785310578817386,-0.0091707555316982,-1.2393163482231229,0.00227963211726328,0.1766545946494227,-0.0031265913430608763,-0.3235781206692278,0.017373205034037928,0.9860753815877761,0.007829488572421314,0.6549415820830495,0.03372214939199139,1.9217007600394798,0.00154980882378616,0.16382635137810625,0.029376766156810608,1.8884829514447954,0.0034763537371000743,0.34433419470504584,0.02274225302069,1.1659183350763147,-0.002238751616458106,-0.16716282052503112,0.033334934797897425,1.9870592270857856,-0.01755552134919486,-1.5963413167718856,0.00921958450883918,0.45943712777943235,0.0011697481175988813,0.09172653254779736,0.03840998202636872,1.3070770034771655
clv_21,-0.011106828839499702,-1.2066337496907518,-0.014033783606143916,-0.9544171982167396,0.0016635640741273611,0.21231065989228576,0.008370147850915005,0.6239791759189511,0.003743420810018225,0.4178399347220838,0.02790183601270914,1.859578537535762,-0.0037326639486916406,-0.39862389251833885,0.0016448851939114269,0.1129621770980548,-0.0025782078973876285,-0.33223372534170037,0.007724276603404852,0.5909371871891458,0.0020400114462716876,0.26056883281263327,0.024702108830665807,1.703529516561866,-0.005786693639486072,-0.6031402141504506,0.0033519701792625346,0.23737170863976098,0.0110929806562651,1.4611073468177287,0.008311184272518564,0.6132979258689443,0.007655352499216554,0.847988633217791,0.016993107625537806,0.9773467093382308
clv_5,-0.005233415346063896,-0.8985776600198339,-0.002762272243124009,-0.30781928047293594,-0.003152991512205016,-0.6297426151357021,-0.00010354672852583584,-0.012823020940553433,-0.0016374828454640007,-0.27510703624339206,0.012637493846228328,1.3303686308239282,0.003095238256365,0.5298300407708919,0.006325913712967016,0.759853644659023,-0.005233904112895875,-1.064975970797344,0.002090658067979718,0.2726721429835514,-0.005874475296189511,-1.0996818226516243,0.01216254863679344,1.3396130470829706,-0.0019562942890461003,-0.32371183067186754,0.006885680072252569,0.8330308938823301,0.0008130333081733524,0.17169830862429677,0.0025054995022783058,0.3394248563592023,-0.00034286962837857144,-0.054933596796945844,0.006691343954936988,0.6262401207514461
mom_12_1,0.002341371769590942,0.18429153172755997,0.03395871666184972,1.6381738793682288,0.024185846901762186,2.164513320412405,0.028415783795228883,1.461684868493913,0.03167831856947219,2.584059767480747,0.07157586947597716,3.291071804978324,0.007321717873353763,0.6095903080803273,0.044016589114977335,2.3937942189076913,0.01955554960076031,1.7501927306088048,0.048765323668149854,2.711186954386128,0.025199606839870464,1.9461900771392464,0.04937687711021456,2.0640332072842957,-0.0015933662881683357,-0.1207316844064654,0.023168084446529187,1.0078392687168525,0.02299277700629621,1.7568461804751447,0.042461094231312294,2.183452708836683,0.01577140238810732,1.2088968489757472,0.03676766549000076,1.3226362451849598
mom_6_1,-0.005752219345587449,-0.5083782349605355,-0.005978248925658002,-0.3212852794065305,0.011713034726668873,1.2060386751353191,0.017320475640219102,0.9902162637635904,0.017251740570733778,1.4843905183511648,0.03924461732537369,1.8383339017726337,0.00536759689762093,0.5036764282123953,0.012033033514689453,0.7107298677868845,0.009911667023019117,0.9416186699700029,0.01507086471247176,0.8194451057254873,0.013544012159308196,1.1757272544076183,0.01393175235228736,0.6494887861486114,-0.007884622062970961,-0.66326900128476,-0.01799490418651345,-0.8938649023255008,0.010286472324946672,0.8851909808435717,0.0068790878781557225,0.4003962884064825,0.020081237498844277,1.646554154345037,0.028862969549267765,1.159148439224166
ret_63,-0.015932037473827626,-1.5495346842398454,-0.02017530497485312,-1.1224781592754356,0.013617979805391985,1.3031441460089512,0.0233008334659452,1.571904138028721,0.011054362425365958,0.9830606866047227,0.020851381870742307,0.9984498406230585,-0.0027684546910082975,-0.2677444352163046,0.005346553904999506,0.3120178722890849,0.0029993007194919104,0.29361326880347993,-0.0004474442197814542,-0.029042112750673303,0.005110486477495251,0.48172927162535245,0.012620224589359665,0.6492594634537318,-0.02349595229860164,-2.048543843354996,-0.023800597906231066,-1.2319437948149534,0.006594305541200251,0.6223918075915018,-0.009843790199103369,-0.6106914647897929,0.017204997234577815,1.403134688577372,0.03895951601001221,1.4880313882306249
ret_21,-0.016625285884365154,-1.7509936531207204,-0.0021120346187649603,-0.13477565373960432,0.0021141622664136873,0.22383066651162922,0.012436448359430889,0.8561289179494769,-0.0038225914587809075,-0.37668621963236115,0.025303897946073576,1.5379781856488581,-0.014539326408416701,-1.4477595334425735,0.012539520093985833,0.8280253329624153,-0.00927874344050965,-1.008999558526954,0.009007925763963991,0.6265437338893196,0.0007520861415795144,0.07743907990824304,0.03314004369127598,1.917200646626651,-0.015793743523187118,-1.6084629864015654,0.0187813175513266,1.2640827721517027,0.008768153513037906,0.9077677431206447,0.007985841288035797,0.5360975798682645,-0.0001439922425065728,-0.013456792792860493,0.03366869445326971,1.5207629117100439
ret_5,-0.008747928792207045,-1.3906125421452458,-0.004474229742605094,-0.480099414873663,-0.0029322808153947775,-0.5425004718908257,-0.0014834127598271174,-0.1541659494936545,-0.004171773393177112,-0.6906966793955827,0.010638059756469174,1.1220246698108591,-0.0032933065272322684,-0.5316390048818198,3.820466683525246e-05,0.00422810078032373,-0.007539233019181011,-1.3687203486167838,-0.008271204937739716,-0.9561250443135662,-0.0037821348950648342,-0.647364928508964,0.009905195192825506,0.9651087398277506,-0.007505655753323856,-1.1395135502282383,0.007032260754231776,0.7896606028921248,-0.0022179342322503656,-0.37323014959706075,-0.0057711580804918235,-0.6069213312864198,-0.004300700681355468,-0.6482214570651367,0.007976576322246498,0.6181600724287333
pos_in_20d_range,-0.012480786841026175,-1.4464565975191057,-0.006863879499131799,-0.49490719457711635,0.0029689000849828693,0.37154011284958965,0.007352069407444734,0.5696436068125302,-0.0008115463201778744,-0.09632749480551912,0.02179844152592418,1.7426865301588574,-0.00714838402569418,-0.8155229694677006,0.00579757411527946,0.4409001894925911,-0.010268552424442119,-1.3834014085923092,0.0017672213830201367,0.14704049948902484,-0.00043778703787574863,-0.05236951378950164,0.021454678260136105,1.3914448870806833,-0.011230839303072166,-1.2138164307785366,0.016875288612212925,1.230238468131654,0.0075580590432012046,0.9577349354637391,-0.0032105479905486585,-0.2690435678262093,0.0017993340396800686,0.19116003500906936,0.021134640328134037,1.1828590227801472
up_day_frac_21,-0.0113879098489501,-1.363525114309719,-0.00026905336227501137,-0.01798246231892448,-0.000691980558284439,-0.09228280611772566,0.01213328997496529,0.9996309917096312,0.006535868918492112,0.7767973431412322,0.02775811338105497,2.131236357908468,-0.0036174976282732705,-0.43319992165622473,0.021612989521170224,1.5866276310143994,-0.007162405138441635,-1.012358023332796,0.008283276044313646,0.7412208811378793,0.000384962030121255,0.0506749568198566,0.012328725768144717,0.9242331514552329,-0.014019362170629511,-1.5680808401107367,0.017762162216741772,1.2101097608132703,0.010646004453449234,1.403424588036813,0.005395159590463765,0.4859281983120637,0.0052665770363333995,0.6074965283666259,0.01965466640440528,1.0771826894563292
up_day_frac_63,-0.008852597691278894,-0.9490434909315932,-0.015927169545723898,-0.9662831502718771,0.01888657548910596,2.115743384409575,0.018303138193586727,1.1978939218677553,0.021395260577927844,2.2717267459356782,0.035935623207034834,2.337752216109891,0.007107616897459362,0.7961281997842485,0.013847885006112934,0.9280077956811411,0.008784300816181409,1.036867173609644,0.0012178578408675112,0.0864333815404282,0.006457903556406735,0.7148312113735567,0.005311906886765377,0.33255510830323803,-0.013803786881141266,-1.2687881882397303,-0.000592178766071967,-0.03321657758097219,0.018681432531075008,2.052344730190081,-0.006114607386972145,-0.415611830974616,0.013590108978959256,1.275708133384088,0.014887014578823823,0.6602036134712983
pullback_21,-0.006262929007410843,-0.6924071251359485,-0.010473691913234941,-0.6370422894639076,0.013300040182209222,1.558103961950252,0.01428439098419834,1.016693960052329,0.004400698729602943,0.49047773260107325,0.013941306923893443,1.0141855465065333,-0.003790641893388253,-0.4308420969306602,0.005218882852919844,0.35910176497275187,-0.00833262142789469,-1.1196636750975064,-0.0006813680944412775,-0.05542703945990296,0.004232454880889754,0.5225976565084524,0.014568470191432923,1.0315610010751561,-0.004048971430362895,-0.3996698804423354,0.006063652044387035,0.3363719168605985,0.017842769236002694,1.878083755939479,-0.002647179531786706,-0.19495430742576164,0.006104100746859411,0.6487651844734582,0.0005948090259322493,0.03567974596282219
pullback_duration_21,0.01346370493443717,1.6630918950556512,0.01082054905757477,0.8242794996996188,0.0014242699322976537,0.17820568918038843,-0.014377771075946632,-1.1658706559166478,0.005398269120867082,0.6716303729034477,-0.01669824788935077,-1.2876265906235798,0.006344503533059645,0.7507916451362898,-0.008041801805109125,-0.60371768008538,0.011619643238367743,1.5204126642184972,-0.0011204683323070275,-0.08883732829024768,0.0030831053335889052,0.38632464605614714,-0.023771521132318302,-1.74515133129052,0.012140263770151413,1.4281005179911488,-0.015773305212065512,-1.0617404594891833,-0.002522140149516953,-0.3093428627890438,0.00631726651347856,0.5377848737914614,-0.001805978929855338,-0.20420978893946867,-0.023985586103109004,-1.3395909998948476
mdd_63,0.013445955131653494,1.0976939524706717,0.006247519379642125,0.2522591003757694,0.03032758483574833,2.9765082811776296,0.030387930049250736,1.7316781101382726,0.017773505162006036,1.578967575669535,0.008568263384163765,0.47584244045082036,0.011557292944919494,1.0401177563522777,0.00828218853633673,0.4134561341628919,0.013443737055039115,1.2484691859791854,0.0004266129359840036,0.027079530786557175,0.008088499179749652,0.7411644591220673,-0.013863050406958809,-0.7392661211472936,0.008158979703862552,0.5829843573358431,-0.011563487193739501,-0.42261576106824367,0.030778723282645717,2.396573630361893,-0.002874910216519275,-0.13280348771130715,0.01645012007081996,1.466887310994212,-0.00615085085275393,-0.33012481029037394
dist_52w_low,-0.0049499669267678795,-0.4059571218897788,0.02400686187732619,1.1616584795358367,0.008917478523660736,0.8032135321260562,0.02896916012866612,1.649185025275491,0.012401602951899144,1.0017571347103982,0.06341626333415847,2.752948594479442,0.004633454295721679,0.4056409076978798,0.03951126942919245,2.215160409539887,0.009070776728878984,0.8344662380731329,0.04722595191602148,2.3913184573073063,0.02115110098387366,1.6955157028198042,0.053678348676307906,2.173051656027945,-0.01282105898015784,-1.0340308955123045,0.019196957561899333,0.9628756015293081,0.008420433941625484,0.7201863789494549,0.03226662275360276,1.6564912887702163,0.012107624889710698,0.8733578291239067,0.06048578732968719,2.0480548064608146
ceiling_2x_low,0.0005814628677610229,0.0687451528305738,0.024182984294306837,1.7381122577882153,-0.008001953676541872,-1.0208306680946375,-0.00854582515021207,-0.709162127535323,0.01360445303645714,1.5735118208533907,0.04589650872746988,2.59441668077463,-0.0012933383103675465,-0.15001134904087965,0.003424740404639517,0.28636845291416807,0.009669485209622967,1.4951585804529082,0.02058838027515861,2.110592416081724,0.018034815706692273,2.064160525258553,0.04212708243566124,2.2991369403898787,-0.001904235290681737,-0.23234337873068897,0.006922409103973663,0.430681530805046,0.0014613500568591994,0.1964001685243213,0.013963215379382976,1.0446956431213557,0.019559386257716763,1.9416471111744475,0.05808216434631892,2.6694504996255777
days_since_2x_low,-9.007999900517796e-05,-0.010910544090522657,-0.013220362324563459,-0.8279890353377044,0.005642210697907706,0.7337448234473135,0.011033245435916932,0.7687975210227375,-0.008374997929195377,-0.9447576292703237,-0.04477887210240127,-2.6417992751415706,0.005006432576591691,0.7140397116572125,-0.008026526878526582,-0.6628884028169237,-0.0062534969071378855,-0.8842089634581941,-0.026589520032221287,-1.8022244711588695,-0.01035149799646881,-1.1672624826124194,-0.029613850842858485,-1.6155110215279438,0.006521319055367819,0.7192149768112046,-0.006962485176405111,-0.4729730580509724,0.004001848352652822,0.49696195078352673,-0.015487791625905292,-0.9593732367129829,-0.0054952895106467154,-0.5045809577131251,-0.05540030877995481,-2.271875150269408
streak_now,-0.005975307279429484,-1.5459224769589375,-0.00395276348400524,-0.6798791185990442,-0.0029260818281782956,-0.9450324116756464,-0.0051261214647340654,-0.9776291576402433,-0.0018885013401131875,-0.5259679714377715,0.0033422132582037628,0.6036260118254494,-0.0008701548119052954,-0.23269446814539296,-0.00029455919645657145,-0.054931505281714345,-0.005827483985922007,-1.7220933586008453,-0.00760623188777638,-1.4732878320732206,-0.005198569192536394,-1.549147782097274,-0.0023165488440157296,-0.43277506743299077,-0.0073737723062464455,-1.7845521194903247,-1.120873272925906e-05,-0.0020228745720242748,-0.0018143058686221375,-0.5405834760920716,-0.007607719250767044,-1.4567784008295719,-0.0009443345067239178,-0.23270165029329293,0.00010765283786078987,0.014656434373519366
max_up_streak_21,-0.012210393402990525,-1.8489077783675014,0.0027597621586049246,0.24085869492043643,-0.005472166937541428,-0.8832364195024581,0.005225366760340834,0.5113813162149178,0.012242191427575976,1.8040450764852247,0.030193703909058473,2.6905185694008047,-0.008612598920683816,-1.292464422710878,0.011187236720002682,1.0535972443686155,-0.0036583235797765638,-0.6160952091228584,0.00941057974604704,0.9870567268655089,0.002924435478070907,0.46333050085482286,0.022111706408248034,1.835394488256258,-0.016472999008597822,-2.3333405105130693,0.016430633578042565,1.3761851975060582,0.006767353631984923,1.1497529154990571,0.00429837028997433,0.42754667192027873,0.006714635160269895,0.8667354444513605,0.015035629597979642,0.9313080877466378
days_since_20pct_dd,0.015442253404919585,1.334931797690293,0.019702864013069782,0.816295334449218,0.036619268373161026,3.3516394069884385,0.03560989311816578,1.9662998350841943,0.027697473307393874,2.543740604296357,0.028850060879458978,1.6371747410146904,0.013752113693733477,1.1765683186839788,0.00953622145036315,0.43559357413289856,0.02015511367859255,1.8823561164869465,0.022998524931886772,1.4354863503489328,0.017750317661564197,1.6038801574918402,0.011235507902990056,0.6107160380354404,0.009820822488213608,0.7163320158667714,-0.004914496317323465,-0.16946419593437262,0.03893351460732105,2.7832252524161185,0.018530954150560736,0.9099409222814872,0.0109927813545859,0.991561923489074,0.0061197957547922096,0.32221070069476987
dd_from_252_high,-0.0012441751947666112,-0.10417327348778062,0.0047300459926851255,0.1925581844441527,0.03265031413210386,2.8001704772809664,0.0370767191816703,1.8722746023868286,0.027399436205444317,2.3626933089271875,0.04126237216535373,2.16526630972159,0.00827250178411743,0.7577597697088942,0.02034938719312283,1.0118842489075226,0.01774630600435719,1.6783424953865294,0.030389829365572486,1.8597501009860922,0.01602198551427958,1.3559852648333681,0.023859874230348427,1.1749557865438722,-0.006607431549897344,-0.4875475495451854,-0.004659528082116337,-0.1704307650443984,0.036204802845664054,2.8662889344378604,0.021258993214199627,1.1962293257983319,0.02569217652043786,2.2906314576472675,0.03069867551590373,1.3757352659654247
vol_dry_10_50,0.0033995196564739834,0.6193710302128862,0.011026714565703016,1.181177087190233,-0.004043240849206047,-0.728028775185221,-0.013136639369290824,-1.2461826252357604,0.0007310026081202573,0.13129410703380345,-0.0004787415551197201,-0.04976039367730831,0.00262906709535291,0.4409630071323886,0.0013851651382268404,0.12154986731139308,0.004755845827775348,0.8843732318028555,-0.013421480213630538,-1.4080601675638775,0.0009055574205680903,0.1677981745410095,-0.005282494961143505,-0.5254847804838816,-0.0011122268496157025,-0.1773074989149575,3.078888317310847e-05,0.0027736804424158467,0.001665385996083892,0.3101141349240039,-0.004452112430494881,-0.4095034592779727,-0.001078230190321921,-0.1862178672297473,0.006452757486800188,0.6550850616925022
vol_dry_20_250,0.004332273935706388,0.6466546303427942,-0.011008556731555177,-0.821036653347044,-0.003798882172982367,-0.5510393139524142,-0.02109399429960657,-1.542729772389467,0.007405383570198274,1.1267865418210699,0.003534398620853782,0.3020738077071883,0.0021608110948448138,0.3215209071551429,-0.018139656784837643,-1.8093720539506668,0.005687549247140324,0.8569661603655391,-0.020738271490425036,-1.617892866007218,0.0077952705119571615,1.1427927439338412,-0.00967310669122026,-0.7381990330268517,0.00792899491250054,1.0540816264164377,-0.0008519882183890571,-0.05476938652483596,0.004532077188108093,0.691342545930337,-0.0088743622476977,-0.8219519406140636,-0.0013456732121297746,-0.18860833299214488,0.0019332576525992564,0.14026881720882378
vol_ratio_5_50,0.0012908936196492726,0.2473688964797157,0.009103024151763426,1.0222274223463383,-0.0035365935134620955,-0.7039290355145866,-0.008041141114864937,-0.8061985407269744,0.00019233253805809436,0.03680940570824214,0.0012717783339306495,0.1384613496460712,0.0002484350925887545,0.046505471138893216,0.0026754256337326466,0.2619144153892711,0.002085552532098492,0.43586939005168523,-0.009099026126793456,-1.0852255539257512,0.0005468314374036446,0.11139654191852981,-0.0009141462748392639,-0.09391880574824939,-0.004619041341279415,-0.7938991337418854,-0.0035162940299095827,-0.33885784889305326,0.0023941304462628227,0.4913918773151482,0.003516851900138623,0.3423475968532688,-0.0011487982986258041,-0.21833125824496705,0.003736467227299435,0.4163060050016916
vol_z_1,0.0004399880444250382,0.11220432702587088,0.005910218503154495,0.8294457015085993,0.00041035338359111365,0.11253998233555426,-0.0006109725822606463,-0.07829188387562502,0.0019721191814877845,0.49033679978580513,0.001436491610856058,0.19628094701650403,0.00012113557658445181,0.03330435066253144,0.0018829014941529154,0.2667643515579174,0.003425398088921506,0.9968913368617089,2.4124861612627933e-05,0.003902402723674827,0.002216889916402111,0.5733285868801773,0.0015368702376224981,0.1839096635733801,-0.00047745460913822173,-0.11089115226851405,-0.0012714597720086388,-0.1604030863014771,0.004483540187553448,1.2420424595801296,0.0067088909615135636,0.8880079546162568,-0.005592014757232279,-1.4140687140866166,0.0012078673260352058,0.15926306945305532
accum_dist_50,-0.015466588889224763,-1.9658819416898883,-0.025966244195196535,-1.8649624709980264,0.006293305005755106,0.8267848281255058,0.00969781873692063,0.76354299435784,-0.004090371007500161,-0.5147673794788252,0.014849884324544687,1.115164280820923,-0.0036093543977297493,-0.468013140899102,0.00816398023972641,0.5949168076557931,-0.0022624782794004867,-0.31281835659856233,-0.007015028962382556,-0.6202166572075246,-0.011748476969618832,-1.6040103277081785,-0.005490041820344754,-0.42585632111890553,-0.01960801981427589,-2.2443748884031907,-0.005595921675086099,-0.3693052787305936,0.001218015795477708,0.15468019503105274,-0.009887035946400325,-0.7348375396315596,0.004759490872343112,0.5383629222325973,0.006232244810798356,0.3606547640119005
updown_vol_ratio_50,-0.016201188468820488,-1.872659900349723,-0.015866592056404245,-0.9835249252521163,0.010775698773297598,1.2144139533990275,0.02034111047319168,1.3397130194664055,0.011516550645035036,1.281389006464938,0.02943781555788465,1.8445144775681446,-0.0013258726978943216,-0.15832588231120748,0.013858532409297615,0.9107112392685222,-0.0011773979781910789,-0.15187641552885287,0.0016430088809560209,0.12149533516828419,-0.001163580918901673,-0.1395936843412866,0.011256740088483942,0.7316717006614412,-0.02010231593239992,-2.009033862111234,-1.7273705163759035e-05,-0.0009894057359408064,0.011236347740119484,1.3149827513801355,-0.0005645348149621141,-0.03825329300753635,0.010715091424587127,1.0646110619886866,0.022728555072589446,1.0882239811851888
updown_vol_ratio_21,-0.009860761151594837,-1.1967100506684163,-0.0031580117618804143,-0.20089015560499265,-0.0013888613578131406,-0.1851339452799268,0.00567404244322225,0.45043841732052975,0.007698231384963267,0.8871662417706713,0.031543083520877264,2.4349054734477185,-0.00692919801443904,-0.8436403118189532,0.012961919966118304,0.9459241472480827,-0.0056175338486405815,-0.7856063084658488,0.008579795279791408,0.7208575959100926,0.0029324735579200527,0.37231440389674214,0.021067612909949476,1.528011388549557,-0.012524289007416093,-1.4245863949981683,0.01735665786630535,1.1945429671592158,0.011828681394179204,1.5466596671080872,0.005065218479223782,0.4492314521172371,0.006428665229167281,0.7538578147168988,0.02751418943554939,1.5465625591944903
ignition_mult_10,-0.00434593589091089,-0.8387592720086565,0.004415166801096152,0.5073553386320613,-0.0003787177283353047,-0.07703982823592502,0.0017760653256771782,0.19717722307014507,-0.004260418016335407,-0.844750861004534,0.0006530130666794115,0.0783006947919566,-0.0070935526102473305,-1.397136285408012,-5.535597721959876e-05,-0.0060775691045954995,0.0002688606986886972,0.057708690160484535,0.0006187377359288447,0.0782751047291868,0.0031213542262555657,0.5987983539112063,0.009916883371715288,1.0447679023179226,-0.003703004510333607,-0.6613001792744156,0.01733761371561445,1.899906359767403,-0.0007846972108472276,-0.154613907285743,-0.0045460998914286285,-0.4936994581734119,-0.00023967169871437244,-0.040237754013811786,0.012853292741042443,1.1782926475692272
days_since_ignition,0.004826997299213287,0.7264079586996444,-0.0004919978145675797,-0.05434612488549089,0.004998696538312903,0.8121869482831514,0.0027008108227804394,0.2747755815869034,-0.005876169387544216,-0.8013754207528108,0.0014182372142434565,0.1084447405661636,0.0003315153738078449,0.056699093788525064,-0.0022456305196111364,-0.21744207696682777,-0.004710250224720197,-0.8619315978763543,-0.004540055439699247,-0.6110502470919514,-0.007975733800953943,-1.1896421397528445,-0.005368929649894164,-0.4376356132705643,-0.002847565501293005,-0.38239907096909914,-0.021052891798544564,-2.0150320237002357,-0.005933055806144723,-0.9915058220412777,0.006628582766603564,0.5846703100551252,0.009268273225249335,1.1614831482085164,-0.016506670528283255,-1.0806519058643296
pullback_vol_21,-0.0014808073370825054,-0.2502844213284749,0.006324128539830153,0.640822531402536,0.0021012223719375526,0.3860104864983835,0.013075711031042455,1.22305610759234,0.0009081099081287751,0.14258173897661708,-0.01244098311091388,-1.0853955728246591,0.007232101846636343,1.3247958494905079,0.018532382507854286,1.750228747849599,0.0004736189511566585,0.08676209038571131,0.001007218601675798,0.09427992905398519,-0.0022538126847038748,-0.3558357140248572,-0.021549602395353563,-1.861867615364032,-0.0005316107799889812,-0.07945365705988536,-0.00805017279249324,-0.6657138981892456,-0.0015472909419652619,-0.2697361013127322,0.0039056333696347667,0.35284898783801055,-0.0026758591305713134,-0.3789594675306272,-0.023687375707973943,-2.0793513234078755
net_vol_flow_63,-0.010633736410682701,-1.2040174260790912,-0.019914558826454123,-1.249905068054403,0.010190978067994799,1.1282110323817927,0.012003871217637645,0.811632553355074,0.016813789342673843,1.8378652869384093,0.03303281903592134,2.127310052935222,0.002210888426989447,0.25969955282680185,0.007565835118774155,0.5298886928467551,0.0038897443952122966,0.46586758543393064,-0.005102449923592833,-0.3594656206433636,0.0011243017083975924,0.12835746429843903,0.005940238031477674,0.3763785287923153,-0.015462615994170176,-1.4832321064348801,-0.004572836455334831,-0.26547425764013216,0.010288775195092699,1.17854663796138,-0.009291532845847482,-0.6299767503372794,0.014941372092471721,1.4714745694762366,0.02153523770405172,1.045426264428042
obv_price_div_63,0.004618550599280438,0.6870081383248718,0.006187965466722221,0.5643231144880587,0.0015017624231749448,0.24444936752931706,0.002483871800190764,0.23422969449371753,0.0063669432838207255,1.0136334870956967,0.010259717263600369,0.8697140762543012,0.007608876250302171,1.1994843172435992,0.010245355786081729,0.9816255007380777,-0.0004871745436376143,-0.08623110901651926,0.0032419689761246538,0.34461883042983404,-0.004633717856597678,-0.8023249994730309,-0.007850886282756467,-0.7679258018368801,0.004458835988661098,0.6276660261906585,0.025132024591856435,2.139651391745554,0.001544681873582989,0.2896743672152351,-0.0003016640629384544,-0.03501847697473138,-0.002838112601260579,-0.3809105891625002,-0.018611988836908448,-1.1080851774766556
dvol_trend_21_126,-0.0004898529253581595,-0.07774605760247327,-0.016504940043211826,-1.589838748454288,0.004040201552562981,0.6353670182463407,-0.008705502997576308,-0.7887027738363788,0.010434459284282572,1.4785682519184509,0.0196991304721174,1.3645925157438363,0.0038202558271845447,0.5951498617816062,-0.007350229752971913,-0.7019365576524556,0.00636362220622058,1.0570745494522178,-0.01453215242045517,-1.4627845309098637,0.012588085394747924,1.6423801427593836,-0.002254602519455282,-0.16207002555843197,0.002457041829320341,0.34150318716248385,-0.0037111657202636528,-0.28552314173306653,0.004718821736279961,0.7453392616218395,-0.015039363143121274,-1.4590423037876408,0.011125591428691916,1.346214020868922,0.02667351513730848,1.448878712461692
vol_cv_20,-0.004478461172167336,-0.642964531565133,-0.00764768499365882,-0.6640468242976415,-0.0043427812185455605,-0.8436310273295249,-0.014916324640770943,-1.730226156623095,0.007618637315095826,1.237531476621158,0.006896652001444721,0.6733574229432614,0.0068284205694894426,1.4257937372028864,-0.0009530557444196446,-0.11678863042035123,0.00674892246785878,1.3097360260995239,-0.016639636510454144,-1.7821272311086798,0.0047073708545783705,0.7246836495902654,-0.012048393024429659,-1.1036265299264243,0.006954576893605394,0.9923542422198811,0.017848405725283317,1.439067590610534,0.0005022157321703127,0.09206814230797598,-0.017523659293486198,-1.8167437545801606,-0.011369414647191803,-1.7564094062077706,0.004771106790384902,0.43762542535984533
big_vol_updays_net_21,0.0005912237858563813,0.09281655205332791,0.0004759596413187145,0.04481517541325393,-0.007472909061029683,-1.1841682984229434,-0.013416943067230815,-1.1290216385209826,0.00265346662452632,0.40663343002355534,0.016023451617497086,1.392355310969208,-0.003229779182381049,-0.5914754620366838,-0.003941776463303931,-0.4539251487205202,-0.000732722236201334,-0.13579038529334403,-0.0015607152238826616,-0.15376726794421675,0.00046700693581508716,0.0717586119589636,0.011251999160987734,0.8969524560353338,-0.0023679257969948055,-0.3447375729780538,0.005251881272521732,0.45310918149968765,0.004480173695340255,0.7244038578416518,-0.010392710241509428,-0.9833612684909888,-0.004651673924957588,-0.6374908562016438,0.023631803680691957,1.8343582083824475
amihud_21,0.014048111369050922,1.5394150228671941,0.01272052889457729,0.8184570574226367,0.0021052675728195085,0.29386814856140026,-0.022647684366331845,-2.068950038250668,-0.0006161869068950677,-0.06704807361128155,-0.013749323545895763,-0.6843919421656874,0.01031350387734134,1.2562215344362067,0.005300752491261707,0.40033846716596067,0.011659952277434864,1.6375124952937155,-0.012646179721868616,-1.0384405424668275,0.0121156048938607,1.5089816059988588,-0.007715286272709008,-0.4245932824953482,0.008794052486971017,0.8267527882140137,0.005561240709141778,0.2825365229199429,0.013099737476812777,2.1052504644544605,0.002185733979308445,0.21947059084927256,-0.004517128934909207,-0.45285150401453633,-0.011271640609873748,-0.6142908599080662
log_dvol_63,-0.018107858065149838,-1.8654194992741078,-0.011687657668755179,-0.6769169754625188,-0.011516909543532733,-1.5725406246387723,0.017568931729357733,1.493386817258032,-0.002633478913944139,-0.26583868662413923,0.017714912029982575,0.7964461775280968,-0.014504654109807351,-1.7411809897910258,-0.009181911171270736,-0.6886332713983118,-0.014235352121496786,-1.8802129173518094,0.015831687376548914,1.2495325898738043,-0.01424901938415584,-1.6350554844731948,0.016746137989602634,0.8452655432234643,-0.01236423515706719,-1.0922272281429761,-0.0025159581183466445,-0.12969379304694043,-0.024770679149042952,-3.4469677902245555,0.0006789418607671669,0.05773318490232913,-0.0013156859261435297,-0.12275669614321205,0.018893809676699826,0.8671946235600508
rv20,-0.009050854814010247,-0.7836146366653672,0.014686834295544775,0.5954943703158481,-0.03136246524273333,-3.631341568674145,-0.024019831114697632,-1.461437898563565,-0.018783349576477454,-1.8558315731944457,0.005570644586653207,0.30670095891316024,-0.003976725578928732,-0.44957957222711176,0.003523927566652332,0.19152085024096732,0.0006910013274460356,0.12406050391096132,0.01960265620471302,2.1796423778223297,-0.006155506063921864,-0.8503123707173778,0.004353099741681675,0.31224624223862796,-0.005919265147505344,-0.3973468461286765,0.026994250956109907,0.9105636507012117,-0.03254190298157128,-2.7967787251399567,-0.00500877597306132,-0.2520997900844182,-0.020016874761865578,-1.62581510899327,0.028019607728959613,1.0709688433475146
rv20_pct_252,0.005040440680251337,0.5524430164595899,0.02040821896395468,1.2959122283742823,-0.014959406224550458,-1.9503477680669798,0.006294854468478654,0.44323059722231034,-0.005065723335427763,-0.5909368775981805,-0.00032865149710811396,-0.021599856408983358,0.009254980005918133,0.9211158031043183,-0.0002216733791930274,-0.012214462452396541,0.012159782164436417,1.1075689500892285,0.003300738818997927,0.17515208037311375,-0.007695162627921419,-0.8180822180091512,-0.02442914195658495,-1.3538054774585315,0.007563450100150023,0.7615763511692961,0.03077142566200147,1.7335345667343616,-0.008077942062221309,-1.042921406288663,0.0060363988811859915,0.4941830870717419,-0.016002634024869372,-1.821263029642065,-0.014256467472648221,-0.8792558744201876
rv20_vs_min_126,0.00504134580312657,0.5925619957547555,0.014516321881331928,1.0016096229586837,-0.01876456425075426,-2.6566650695190708,-0.010593714169726383,-0.7948986326752169,0.0006212541289037413,0.07756990425415622,0.0047188920927208125,0.3718442508171191,0.014785812921462247,1.7437457658241755,-0.0015492678859675446,-0.10626840093097817,0.011313499633538688,1.1741897348561354,0.004180286334248615,0.25014584366475123,-0.006770662670746705,-0.7575929141176206,-0.01867458325771392,-1.156191244455864,0.010614101567075505,1.1802117181993756,0.028289259013766596,1.672396591991818,-0.008253877607237071,-1.1204346574692177,0.0027692521376548066,0.2569521125025324,-0.011530120937853348,-1.4450620653089299,-0.004055581819948379,-0.26295574886081874
rv_ratio_5_20,-0.0031013214549457263,-0.6722232923797938,0.007075530375305468,1.0784108955241722,0.004277986559122436,1.1352748762494709,0.010060775069794551,1.3663760667144835,0.0003533578548128966,0.08449345790043612,0.00643238991699198,1.1092533520457308,-0.005785663050913644,-1.40768336966452,0.0027184968483171187,0.4498770717641889,0.0006730332486681782,0.16271336912711068,0.010260349464213024,1.6587915235794248,0.0024590927933943263,0.5463346191360846,0.019459037699798874,2.197867502351411,-0.004644576723185983,-0.9419227344737799,0.00254264330183491,0.3572092014524052,-0.00010163838113621027,-0.027435161268293293,0.009344477863542006,1.4857797858201969,0.0011247330204169975,0.26276217338702224,0.0029708712004889834,0.42921382744557135
rv_ratio_20_60,0.012686636859335115,1.6801797411494994,0.01729223552390005,1.4207206446640348,-0.010486309682411397,-1.7084963635118104,-0.006170979070216436,-0.5260424315766238,-0.008366857621948234,-1.1250890977610997,-0.01087410741078502,-0.8901077992747654,0.012817495803917861,1.3960722150420009,-0.0004802992788265375,-0.03029574659283577,0.016002268491085513,1.676872933542083,-0.006465702033508422,-0.38447817293129555,-0.0053093775715189855,-0.6229967059354204,-0.03396019889301785,-2.210806212120158,0.00792612469839564,0.9527689416647505,0.013693203781980455,0.9981144611410459,-0.0024746274486734917,-0.38251629791071345,-0.00357849741417233,-0.35423033268332554,-0.011889542790954728,-1.6251041873234717,-0.015444238338327991,-1.1026681244681389
vol_of_vol_63,-0.003990985870396329,-0.4223873430632411,-0.000902372551825541,-0.06522979821697433,0.0031666456374868086,0.4792083384113173,0.00633579035418264,0.5269327765091784,0.012273908719940784,1.6188066700111226,-0.004590123625832402,-0.3906305987603378,0.0017919028594813357,0.18548111366103023,0.011162168212099565,0.7865999864343989,0.012137026160968227,1.69045555387837,0.0036231697163538806,0.28304888783021526,0.0030484267473662205,0.41532788447234076,-0.012837298607818307,-1.2086110763408264,-0.00046910324707685644,-0.04514561398886545,0.011879239614177757,0.6826257357206873,0.01595030751609017,2.224794447847343,-0.004679734684222247,-0.3869515844747399,-0.004087323960267212,-0.5938205575824577,-0.0046506844302600025,-0.4385998239956384
comp_then_exp,0.001434291183674263,0.3528831744389045,0.000531655280632551,0.07222204549799212,-0.0032332462475263557,-0.9754987797760929,-0.005351474372572431,-0.9645583401266326,-0.0014370270994194397,-0.35569919596601846,-0.006576336058280826,-0.9829707438090678,0.0010492607060118232,0.2735723369474617,-0.0010003469652240284,-0.1646316798016828,-8.467299906401699e-05,-0.0215795505951231,-0.00786442746331136,-1.3475406404363879,-0.003348503399468181,-0.7591186801681914,-0.026846831111209175,-2.8082210660718756,0.003664790007242677,0.8336425684012017,0.005448242031780573,0.7108049769705694,-0.0006840396220968904,-0.1948052233681316,-0.004840081225955222,-0.963278582907402,-0.0063439183234672205,-1.440640725542262,-0.018689424532218942,-2.3229341822885115
dn_up_vol_asym_63,0.015604490504217599,1.7110531119266512,0.018955956913738012,1.284986338269747,-0.005713817562636111,-0.6272078396029852,-0.010252336089228169,-0.8109313857118846,0.0005045670124801982,0.051406552966157225,0.0013109677401226514,0.08177921368394138,0.008383614516468785,0.8969952188853296,0.002859524635850325,0.1864661812775236,0.006144662767759875,0.6902673851566634,0.008004331213881576,0.6902225160880613,-0.0017627602568765883,-0.19489529890183538,-0.01517246738990164,-1.047106732102998,0.023993317061264115,2.412486466410152,0.02944040839299526,1.8143813900551546,-0.0029511453214925727,-0.31304772092087657,0.010812052911363612,0.8055911080654521,-0.012432645389030215,-1.2363873488156807,-0.041059629692678894,-2.1351915253196685
dn_vol_63,-0.013282510561680744,-1.0921964055341897,0.0014263357425595656,0.05607333390872027,-0.030382226931747813,-2.9670784141864623,-0.024872024003923073,-1.4477048521293887,-0.014283565976147243,-1.3002967691203862,0.012668302555363367,0.6918583274754723,-0.011015343988511384,-0.9693736678294654,-0.0019506312855426347,-0.09171955445216405,-0.00833261844763404,-0.8435978322203695,0.019535804454059672,1.327180520810636,-0.0037130556582960607,-0.36662821543382323,0.019054892580990038,1.0815841920129785,-0.0050402060704561255,-0.3324989046801585,0.02125009074124688,0.7328899429865983,-0.03343214092059147,-2.577803822422601,0.0009823831402162495,0.04643901228606899,-0.018651895015314404,-1.5086992269057413,0.027229864020880068,1.184724588222869
parkinson_cc_20,-0.013505039612544787,-1.6636207746724372,-0.015607192844451237,-1.1542318608420599,0.006415762335511562,0.9905076866189699,-0.008350948853666215,-0.8418621567178702,0.0013017199859660033,0.18062274114946492,-0.001001415568028825,-0.0882614581656417,-0.018276627088877583,-2.48723390580854,-0.010993646780148419,-0.939349548068035,-0.015236803594410831,-2.0914500533377614,-0.012861228395946507,-1.1202454125738968,-0.00096736709080323,-0.13385578482076593,0.010153575377698324,0.7540516067045443,-0.011585878277301372,-1.3269329625991537,-0.03193050369516689,-2.14436632691623,0.005186586066973321,0.7072363681313131,-0.002591468682928071,-0.24031146255970243,0.002775162888635642,0.32330505180822755,-0.0012802174492535367,-0.07356378688323224
overnight_intraday_vol_20,0.004521428067796619,0.5025917772210892,0.020197913231282637,1.6974554334417087,-0.0003880741712871813,-0.05390297858279955,0.00010058719751094504,0.007276472841178041,0.007767361859834393,0.9522391614374863,0.0012128947115403637,0.0753602846623235,0.004323097560177265,0.3758752228045946,0.028652614204903483,1.7756901035972925,0.0006915365403209408,0.07670389480748879,0.016633361713887396,1.0609365541462306,0.006118577698086707,0.8618127585767134,0.001209282315046533,0.09876171101408643,-0.001628418201490602,-0.17470676214014844,0.008016503701005201,0.6518201890841826,0.0006371806170347264,0.07828259383898717,0.006043992429205905,0.38459309563941335,0.010382879136392055,1.170612581219512,0.013272230387465622,0.7858310068673228
skew_63,-0.006504759067094078,-0.8830962357246089,-0.003953865492445534,-0.37184071625089027,-0.0038462020481013267,-0.5776218319433004,-0.0005416457342984119,-0.049365730874840225,-0.010169182740607522,-1.3630382700817554,-0.01128116908001414,-0.985481429073165,-0.00720004591599939,-0.9522609427726995,-0.0030703607266350766,-0.24158505062471264,-0.009974718482360699,-1.4488544070460376,-0.0017646180988080001,-0.195850330589366,-0.002400932245059012,-0.34031501510560463,0.010406641059948844,1.0235135750100401,-0.015677296710444807,-1.7786551099353902,-0.02536505640150767,-1.741343169264901,-0.0021112229657925963,-0.3132544599701291,0.005341922230176647,0.4744378646946018,0.002382893080690613,0.31525728862348634,0.034059399868616246,2.5875334126183196
kurt_63,-0.003934388204517644,-0.44559934103075477,-0.009924483471528158,-0.648085935022053,-0.0014834998611892994,-0.2619414471515358,-0.002563815005377194,-0.24490034878441624,0.012939900850689296,1.7834209371332637,-0.0015161058194560603,-0.13171897163712298,-0.0008919629883303951,-0.10598542495226285,-0.0013439994334830683,-0.083804706056442,0.01235322178891965,2.0591693433474783,0.0016515030287785283,0.14862151166454707,0.00394612232252251,0.5649749452593604,-0.023410759151698154,-2.007966312468006,0.005243592091778176,0.5331965814922711,0.012880861913731305,0.6877197702116783,0.010726766749049202,1.5534251248249373,-0.018108773453248617,-1.5328296174951972,-0.011856308586620266,-1.6979830545116936,-0.009498717942570723,-0.8417571059336724
sharpe_63,-0.014866396672935963,-1.3686242871084517,-0.02134349319882661,-1.1333625235315443,0.016260885594999733,1.5313091931634852,0.023965145791687084,1.5575611056383774,0.013121854732188668,1.1599410326993824,0.022195958868872535,1.1227764562415385,-0.0021248652050926166,-0.20222774744224964,0.0009523917218971627,0.05471306373797339,0.003061999017852216,0.29525145157083255,-0.004087133005981403,-0.2635395203500253,0.006327014178261037,0.5915304333617663,0.01529713465609868,0.7945692607869093,-0.022957970578207587,-1.9200739503403756,-0.021912459464524275,-1.0928996078582651,0.01123528458998578,1.0422866251372507,-0.011912875503214992,-0.7341280699967576,0.018573631572943894,1.505539059401342,0.03653508662313591,1.472743705291838
sharpe_126,-0.006089788259848797,-0.4877215041619009,0.00018044065835889572,0.008381389830598626,0.0173706506037506,1.6050352278166338,0.02836253491214632,1.5233354393913332,0.018617363402709447,1.5474907698409053,0.050680828756498965,2.3429121611754735,0.0027353044722539734,0.23453141455076718,0.017608946204565275,0.9418597229802158,0.009495963769457185,0.856057473567759,0.02095876462341261,1.1431219542243694,0.016793146730812794,1.371066343798892,0.03250821557336386,1.454850658134405,-0.009523114809706103,-0.7393503195750717,-0.0028286409486658792,-0.1257218976875261,0.020142552504302816,1.6434835743971976,0.013268230653748329,0.7721907796112573,0.02146592500511129,1.7014318944031088,0.04693471511256431,1.8123489853215293
sharpe_21,-0.016980382068579842,-1.7681468716338227,-0.003708738977999312,-0.2268617419857142,0.005174576403218236,0.5486516676226811,0.014895004866176474,1.0298548532944782,-0.0017431319427312073,-0.17276100540657274,0.025875590750065663,1.6849986872861487,-0.013509401893588235,-1.3265017639568935,0.013708583239756112,0.8940750252295053,-0.009159651819625515,-0.9970008651726664,0.009441410924312256,0.6572621239890113,0.0007758278114348586,0.07972415732424512,0.032003350786838615,1.8158321526242958,-0.015483011345289706,-1.5049755051151175,0.020644889679651952,1.307202818408803,0.011956890685442461,1.269480651262066,0.005958058256432926,0.4381417636891312,0.0019609159537103105,0.18761671875672764,0.028861606133840267,1.334636784478052
jump_21,0.0010035055021697763,0.14842029249534877,0.016950539365304922,1.3465034553874886,-0.003857779298138193,-0.7540859828951203,-0.0058832159704989085,-0.5841839762126639,0.0021445467042782154,0.37551860602616516,-0.018919613362379465,-2.1423700199670197,0.0029639150235518464,0.5202218922525058,0.014124268253704086,1.5742835815264282,0.009620667390771876,1.7631407267389472,0.0005807808903538452,0.05487811144523456,-8.090861791060336e-05,-0.01152534547009524,-0.02840540791159921,-2.3238470126619655,-0.003934233769030492,-0.5592774997771875,0.005819477465806063,0.4172101979549584,0.006652190860139287,1.2380778467050801,-0.008870530144128015,-1.0790040915450338,-0.0050769004463906585,-0.833841958205375,-0.008383124586016873,-0.729332650508447
rs_spy_21,-0.01662528995858409,-1.7509941385150787,-0.0021120346187649603,-0.13477565373960432,0.002114146322937819,0.22382897946691455,0.01243639456060519,0.856125158397371,-0.0038225914587809075,-0.37668621963236115,0.025303897946073576,1.5379781856488581,-0.014539330939568267,-1.4477599805837265,0.012539520093985833,0.8280253329624153,-0.009278755381887674,-1.009000924719792,0.00900788708797643,0.6265411771377144,0.000752086807770876,0.07743914886280294,0.03314004369127598,1.917200646626651,-0.015793743523187118,-1.6084629864015654,0.0187813175513266,1.2640827721517027,0.008768153513037906,0.9077677431206447,0.007985841288035797,0.5360975798682645,-0.00014398741272875538,-0.013456341730550594,0.03366869445326971,1.5207629117100439
rs_spy_63,-0.015932097634898276,-1.549540880176059,-0.02017530497485312,-1.1224781592754356,0.013617979805391985,1.3031441460089512,0.0233008334659452,1.571904138028721,0.011054330283540352,0.9830579366820618,0.020851277769118125,0.9984451399824401,-0.0027684751012420146,-0.26774641521410486,0.005346553904999506,0.3120178722890849,0.0029992837216017425,0.29361161427746924,-0.0004474442197814542,-0.029042112750673303,0.005110486477495251,0.48172927162535245,0.012620224589359665,0.6492594634537318,-0.02349597423688142,-2.0485459512124113,-0.023800597906231066,-1.2319437948149534,0.0065942689124429245,0.6223884537680276,-0.009843837775734752,-0.6106948673921881,0.017204997234577815,1.403134688577372,0.03895951601001221,1.4880313882306249
rs_spy_126,-0.007049148682503857,-0.5894873462296063,-0.0026866904200072536,-0.13212379828423254,0.015581262895142809,1.4562145192507951,0.027378018471500065,1.4756838677315989,0.018889289946674694,1.5435743766022862,0.05139487488642772,2.344057767288273,0.0032400560200120435,0.28771108290220415,0.01888858718170922,1.0555056761379729,0.009694262798263839,0.8831138211647749,0.02115861921210961,1.141708242339334,0.016634234499341642,1.3850372486627365,0.03203042340283699,1.4377653455559476,-0.009744862586155038,-0.7827448559533291,-0.006484395238847064,-0.30170148021167575,0.01830964725537351,1.5048706573032031,0.013452582156016031,0.7855543867802909,0.02170562603260652,1.7206723758932445,0.04425123201385186,1.670376542906463
rs_sec_21,0.002417901892746982,0.30549565208933366,0.008991365468747821,0.6494643297225325,0.009684238758417889,1.207817396294681,0.026461114971319546,1.9409874677503947,0.0003023483222318636,0.037333227384325686,0.028928939471653346,2.0390365748557535,0.0018775913414608842,0.24312581840157427,0.01541428057334267,1.09349706555197,0.0013522065170906278,0.18487577031411162,0.015624886981834915,1.2543464118317016,0.00541162525722215,0.6626818092324984,0.038226877772654426,2.583831633260299,-0.0033764678111412824,-0.4420596677105637,0.014385090845836692,1.2296028957752136,0.009574480885384012,1.1576098287918357,0.012958619839482629,0.876423667666476,-0.0005426352173177424,-0.05192113721405834,0.032972645453153246,1.5256627077349758
rs_sec_63,0.001991906075108549,0.21386932348524967,-0.0087776804347381,-0.5246449184997916,0.01671077348974367,1.7980476592169363,0.034317427986553746,2.2455516052120346,0.012540337806030146,1.3559499879837669,0.026354613361112195,1.444691176030751,0.011095111007716051,1.3154861447617152,0.01723101820732184,1.1305608940411467,0.009729295262759577,1.128894989328147,0.009996447858571468,0.6888434779835495,0.00971206929868507,1.0962556031897441,0.023289093834837446,1.3208123310887918,0.0010805970656541958,0.10516670212925701,-0.007725007366041903,-0.41903659142246213,0.003084359754798879,0.3396918597857818,-0.008859109382595038,-0.5946802789462857,0.017975272277749338,1.497122516467705,0.03896803122984597,1.5241367789518327
rs_dist_high_126,-0.014469206589297769,-1.3622207491985823,-0.005589882782513815,-0.26287367854070853,0.025916955034094122,2.4316411271073965,0.03992238305070311,2.30751027363757,0.016443565876660123,1.4865091508048804,0.030223349614643562,1.585585381101481,-0.0003282716172452475,-0.03414028252088365,0.032533574286503365,1.9565252402856903,0.007512013155689539,0.7731748353836727,0.022132662332455363,1.344585027231455,0.008277978994898254,0.7699785251357147,0.01774439221188428,0.9361013997400303,-0.01956653248048639,-1.6867098092217285,-0.008621538881430895,-0.3921346259346645,0.027006841816623026,2.4666993355233093,0.022245003450815194,1.4980603707152762,0.021754133184919623,1.9776216662637207,0.02733754781077881,1.2128325575749364
rs_lead_126,-0.012844294414134054,-1.297374027439323,0.017539924786014776,1.2353499510058956,0.006118443451447189,0.7321105156941398,0.031463122501736454,1.960684650993513,0.0027584556869925552,0.2888655044734553,0.03154991693031443,1.7707141648065516,-0.0029271528030101997,-0.2621449554297027,0.04627385393359277,2.4162967259232633,0.0026788004167088847,0.26066238010119386,0.03803810565197811,1.8444702946820304,0.004991841997204105,0.510219785615158,0.04136485817825725,2.120496844065906,-0.01087079801824941,-0.8727401626902759,0.027880799743046716,1.2603757176403345,-0.0019574086558007196,-0.1858069632507551,0.05052095189193708,2.349860645880963,0.007826054880909353,0.7318269189823476,0.02077887553565228,0.8654428835373691
rs_newhigh_price_not_20,-0.014134896202044035,-1.595957615057683,-0.01815769010149902,-1.0989568528267974,0.00935450404028404,0.9063574949398712,0.0015543275780571819,0.10514596612855175,-0.003705343060596412,-0.4026990992739373,-0.0014700114210074093,-0.0838343563328033,-0.004138397231864101,-0.4651619652539684,-0.003900851383145606,-0.2565466645671221,-0.004992667226061325,-0.5892060905737514,-0.01978354798439922,-1.3654849776005318,-0.0022149417848914524,-0.26297533613225893,-0.0005556466609189726,-0.04233223527702382,-0.003486374254360431,-0.3771754086867919,-0.018080827474330513,-1.2535504666873358,0.0036177130093912563,0.38080416739520295,0.006813949345905173,0.5163507017074918,-0.003600567817844728,-0.34910107327261286,-0.029936120465369406,-1.4029247738661135
beta_63,-0.02071046781428486,-1.4818553820775224,-0.0017241751858170283,-0.07177306400303048,-0.005606958695896076,-0.5737297492362844,0.015916654797062328,0.8472377009107588,-0.004264031202527539,-0.40010642694477544,0.021892465125592467,1.051337853967171,0.004412048448523796,0.24727983119782013,0.04914901611076818,1.5472150869942762,-0.001408379992505501,-0.09714471579181594,0.04172646414552966,1.4553876322792572,-0.00031331319201317333,-0.025040944989481846,0.04028644278853736,1.5484070290821568,-0.015422620320546428,-0.8468330185593638,0.0160436036160499,0.5300333600044332,-0.026150957246212525,-1.8616593316036447,0.023809917196388527,0.7956411205757219,0.009096319082379201,0.6242158394537082,0.04517535687735695,1.3430929648258245
beta_252,-0.0006021098254438248,-0.04018000963355816,-0.009227883030672887,-0.40721677055001676,0.0024115523862578746,0.29851166813739116,0.016279240193522716,0.9596089328139239,0.00039470123730603654,0.04046429368345536,0.028390106997554638,1.3697266728590665,0.012530720090661585,0.654394995205052,0.048869967482929676,1.4250718773419628,0.00249012464344201,0.15897780305443837,0.04049562738256269,1.4093691267299182,0.005859674914742622,0.44559805907719063,0.049639613850193505,1.7348001585755242,-0.007895855577745806,-0.4033827038712856,0.00716721712371364,0.22619646256662684,-0.02043393535414991,-1.3545121064958918,0.033742858071770805,1.078685380081534,0.015334473652053707,0.9971555983292003,0.054305698785451134,1.5249830721595972
beta_shift,-0.02451511855549883,-2.2595517032912174,0.0011848396380748237,0.06139458447650823,-0.008901233684443097,-0.9608965889586287,0.0020377494088570786,0.1309106912018775,-0.007018397624093615,-0.6918853535947203,-0.0007218932547129888,-0.037671825643384615,-0.017628297441788048,-1.645106068507654,-0.0019515360298817208,-0.11624749102453735,-0.009449042400041211,-0.8966059439873053,0.002322181789359744,0.14101117373537236,-0.01341253701899829,-1.3305468851554525,-0.010076717054363495,-0.5426011495329071,-0.015842699608870144,-1.3121101981072198,0.011254909570502672,0.6524871643901368,-0.020861553104564324,-2.045257493536613,-0.011040195559774467,-0.6867061726919444,-0.013645600300015439,-1.2231390364945058,-0.00858879994033997,-0.37837272926046506
corr_spy_63,-0.0016456343591278767,-0.13555995657587294,0.01008809945213045,0.4860380969093459,0.03340449879220388,3.443933695755357,0.04534966300715211,2.394964715660042,0.015927425093013824,1.5341688630272627,0.017844023862786874,1.2778530222406372,0.017457722514400607,1.0673607259763485,0.060445529614257996,2.025509974747673,0.008323595747578242,0.6037439965742004,0.043570968983087544,1.5545660719172418,0.007027170666695342,0.6256692037038585,0.03575478337430598,1.656041190619774,-0.004770799486229059,-0.31659595874570484,0.01668044222087258,0.6274539126144125,0.012164600357742543,0.9587400500099879,0.045646114279519374,1.6676709844449344,0.03698892870036705,3.045605987406985,0.018344416506891163,0.6662110507709209
idio_vol_63,-0.026239045533176658,-2.198798960133586,-0.016101946231068597,-0.6468773859968551,-0.04030140659077771,-4.209020490405014,-0.03939534187716828,-2.3016522432981747,-0.015723701643458786,-1.3737511309380286,0.0037613395651232184,0.20809543576364847,-0.028618655231821135,-3.1739764657719203,-0.03937851392625875,-2.3577417024527496,-0.01948753698921431,-2.3824184212057693,-0.023880178397950237,-1.6638168308737005,-0.0042931212974186735,-0.4470614802661099,0.008204476138379473,0.5108816414929017,-0.013876966546564026,-1.002768452518476,0.00836966222548899,0.3083267464692256,-0.03875736359103073,-3.186188634293283,-0.034335938478039264,-1.9070100899189983,-0.024292613646177266,-2.029523824252279,0.03243945207591156,1.498311198144282
up_capture_63,-0.0208872396049025,-1.8455249312749131,0.003225494161985356,0.17277105184065678,0.010866917083799672,1.1037974089471698,0.027488080362543518,1.5627691336682288,0.0045410930601023055,0.41500020678189325,0.017617100487190885,0.7866514211899941,0.010098296317033814,0.6801821737114908,0.05114828702330532,2.011047289857304,0.003090830491602772,0.23906256580722285,0.040315587016524386,1.531749727191853,0.0043838624972783085,0.37122612424423174,0.03599567527755332,1.3867116477696342,-0.023035556086865503,-1.4673632158424064,0.017736948788523436,0.6927307290417367,-0.010917181042228611,-0.8919661693748714,0.02395732321542202,0.8875799837857157,0.013495407284025351,0.9332796006157754,0.03774123108794884,1.0941644590745025
down_capture_63,-0.003714154359078005,-0.29222000487464533,0.01545487000471407,0.6669972705386592,-0.004398706742794127,-0.44444100463515324,-0.005057393610897137,-0.3146503554902433,-0.007363793300267676,-0.6841917664740169,-0.015716325608712868,-0.833481131214935,0.007221744618025731,0.4674967072493629,0.03343800861901811,1.182679344957393,0.000615343332679615,0.046346929012979286,0.02924430322219232,1.2119771523417096,-0.006125271172547357,-0.5363740663536414,0.005932757162206977,0.2780162059680485,-0.004996764618589377,-0.31101226965950096,0.016285857691910988,0.5940907475079391,-0.025608401497771275,-1.938436378060037,0.004848972915495443,0.18202545690326682,-0.003341590310274309,-0.26663105177604846,-0.008029147448919192,-0.29778998412181956
capture_spread_63,-0.015526056846297312,-1.4841276401532362,-0.019244830775274918,-1.0320742047819966,0.014297752392351093,1.3803414235679685,0.027329853081133882,1.9052940120383048,0.011482204003905412,1.0092481696567803,0.03668913164679142,1.8750489302676463,-0.006407217078396575,-0.6426569768957172,-0.0017310220770916302,-0.10149919403856221,0.005257662120427021,0.5100125615787766,0.007059899925388364,0.494277808204423,0.009841633502403382,0.9223581181848349,0.02789770436282049,1.5525129542184615,-0.023269517494452552,-2.015654482808233,-0.021221779630677062,-1.137917333263161,0.01657227497921804,1.5536653355969408,0.007313420081841,0.46889896877102843,0.018680178165042676,1.5977918784319296,0.05493157260991985,2.4218808779700445
px_accel_5,0.00040435688255008794,0.11179064023249538,-0.002316161897700228,-0.44515564852800654,-0.0007093634955009766,-0.22556575502061385,-0.004537306731699494,-0.7791550770135032,0.0002723293669880633,0.08298667315378158,0.00022464475407037358,0.04290734443178657,0.003784515795005523,1.0019550187305502,-0.006880615635115899,-1.2227631348598513,-0.0008853985572766066,-0.24707810309345682,-0.010358064368079905,-1.7239370461558,-0.000511791537823539,-0.1555810678491283,-0.0005674012992862777,-0.09830879072866629,0.0015783946437697574,0.4076287327443867,-0.0040385845616826115,-0.7485293508798955,-0.0016608695537310687,-0.4920955191517519,-0.0037633871987047957,-0.6005747999502856,-0.002333767233941337,-0.6557106653326233,-0.008498693985496202,-1.3234080763723404
px_accel_21,0.0013455889293777301,0.14761880080843354,0.006021510208854981,0.45929637621540376,-0.006864963050867621,-0.854136390808408,-0.008768000932620425,-0.5962328298875272,-0.0037401658298925286,-0.4421926531980213,0.009208565468200359,0.6763242934461392,-0.009112259692448195,-0.953205832346307,-0.0005211869792395761,-0.036933288371285,-0.00648053431794287,-0.7653626299926638,-0.006351809488909237,-0.4331580406006461,0.002013422069506658,0.23550973819017018,0.01872767216179235,1.2965912681093366,0.007031883470351575,0.7527056076829238,0.02633380179343205,1.9324513758916968,0.0023851735968562077,0.27743328579792537,-0.0011758053209784398,-0.07442454218234311,-0.01094207059710691,-1.293509072065052,0.002004944322737231,0.13496614152015446
rs_slope_21,0.0013891172372057332,0.15181890705574008,0.006587152555231435,0.4996388040720823,-0.0069786946178045164,-0.8670322560529355,-0.009014177167445256,-0.6122008596766922,-0.004091762047049184,-0.48445262480906326,0.008551592543153878,0.6311073470109682,-0.009024857378170709,-0.9414619189534723,-0.00023468974264928194,-0.016555501633116476,-0.006462827921919723,-0.7623573127182406,-0.006164575335491164,-0.42016776312031767,0.00210526478983222,0.24607131086980868,0.018763847126977384,1.3042913664580718,0.007037525419980087,0.7514602953622156,0.026986565313333537,1.9675669504031055,0.002329423735629387,0.2707778600745568,-0.001213121282552939,-0.0768309574584459,-0.010820563570628895,-1.2828065677713183,0.0019056804632920804,0.12876149329100414
dist_high_roc_10,-0.005891267298291496,-0.7569861770368825,-0.009162807764508106,-0.7640013050273512,-0.0022554552389626504,-0.35931433418149633,0.002042965414867272,0.17821656528918334,-0.01132168897343877,-1.6125747206947219,-0.007748012171046922,-0.6758565068672852,-0.0016906746993612688,-0.22173067440739352,0.0016736427029831653,0.1391210435410738,-0.01071956371419084,-1.6113970524810277,-0.011281483111354755,-0.9461523630109198,-0.007266452069342316,-1.0907853680088289,-0.0030266542106973356,-0.2606636832213957,-0.0034503792870471226,-0.4282530134405078,0.012312489101228312,1.0941330381777792,-0.0022226886802213194,-0.31173152126150033,-0.010975658972772147,-0.8955485290164472,-0.008536383163638282,-1.1223157629274094,0.0014766903849086999,0.09984533461993561
range_pos_roc_10,0.0018824968283084117,0.2844387275508343,0.0012209089074696922,0.12543544450701352,-0.0059463392621508845,-1.1466591258764918,-0.010656404148216213,-1.177209664821431,-0.0038007011045962918,-0.6238151591995146,-0.008282663610188671,-0.892941912602677,-0.00011282500328783384,-0.017212742832696228,-0.008773426146076383,-0.8402925604714678,-0.006349759574045265,-0.9912938662885484,-0.017146906514712852,-1.6675340737899935,-0.003966975941588939,-0.6650556313588577,-0.009129696644036877,-0.9264187101050535,0.005128207775601145,0.7159068527021146,0.009035837563044876,0.8648467903023813,-0.005051364229627952,-0.8556815339399139,-0.014141973292503378,-1.3765470252215193,-0.0071656370169646,-1.0820634269408407,-0.010946892274522748,-0.9598400294452231
vol_roc_5,-0.0027135435833855756,-0.9207175410935133,-0.00031584361785338516,-0.06194640783628005,-0.0004942836911205927,-0.1940793944126887,0.004812836568415363,0.975407982312738,-0.0010691717088346592,-0.36141289935027293,0.0027100086653595694,0.5161819534086861,-0.0035846797780543713,-1.3784065431637809,0.0011735487434481882,0.25776801095702256,-0.003060458072868391,-1.045900081618901,0.0017015995105015551,0.3318230371821829,-0.0006932542006814673,-0.22982705261318295,0.005107229552450302,0.8721336643286384,-0.006699154320727822,-2.177148210084247,-0.00806423256208967,-1.6091043405110033,0.001005878138995491,0.3993639478240173,0.010274404482347876,2.196108620229261,-0.0012753691137961686,-0.4043364615393546,0.0010662503435755577,0.1752745234927764
vol_roc_10,-0.0010805988038463871,-0.24972916991026015,0.001880251722802715,0.26934478219542085,-0.003908347705621552,-1.01056320711154,0.0021473598645393595,0.26380042378598295,-0.002545724393654351,-0.5768955207518499,0.001873089285443504,0.2509644119546135,-0.000873145049873999,-0.21444789405576498,0.00038810460127905016,0.053408673049835445,-0.0020077290542866912,-0.47419279970853184,-0.006106833818699499,-0.8052935831744884,-0.0029621551507356555,-0.6995640919916698,0.006236123432510726,0.7499064463566947,-0.007394613852953579,-1.5279188584228387,-0.01119844740261997,-1.4249847344783697,-0.0012190593288162702,-0.3076487823961064,0.0047845973141855255,0.6192414510272793,-0.0014745122134596875,-0.3104312389107676,0.0035743374559972754,0.420056300037647
vol_roc_21,0.00523544708168348,0.9822428138956829,0.010974989103792276,1.1189480800970049,-0.004179377285835418,-0.726537053315598,-0.018189109565973336,-1.6435919636659955,0.00183092132035334,0.32554771069864014,-0.0025691818001646535,-0.2568064131191638,0.00490925024864981,0.8000606012213294,0.0022074004279765288,0.19713612044358045,0.005738689143646071,1.011823425697786,-0.015517838319870783,-1.454827395005713,0.004295196992142591,0.6815125244102125,-0.01241445701178709,-1.0625812930172485,0.007734388812888734,1.2714050087082829,0.014023443465496195,1.2339007944063431,0.00044427415909175814,0.07595422628869238,-0.015381617291772553,-1.3939233463290404,-0.0040550795329703645,-0.6381122394047022,0.005381895149850022,0.4785078271945509
vol_accel_5,-0.0027241428064822305,-1.3958189543698982,-0.0018556989048989527,-0.5421501585470371,0.0001540783316745039,0.08530393695300079,-0.001306611790022417,-0.40160417982176044,-0.0011212056685576226,-0.528125004645562,0.00044332724701400737,0.11595579079424702,-0.0018527732309357196,-0.9655396359520642,-0.00012973505599159546,-0.0397858546738601,-0.001458388569914214,-0.6479619701205089,-0.0004915532394620478,-0.12264367270631185,-0.0008614162033991774,-0.39618120884947056,-0.0014175260837340428,-0.3543485063300278,-0.002287089086029685,-1.0363996821133992,-0.0024627384220228493,-0.6405900283486319,0.0002055275362304784,0.11230883503834782,0.0017046902507884736,0.557496962672464,-0.003720877688445813,-1.5803615787355765,-0.004011795373699199,-0.9012208531658128
dvol_roc_21,0.0019373764769049194,0.36597733422868983,0.009351373711029357,0.9976534493667033,-0.0015968989480916298,-0.28586526618716446,-0.011337330788790304,-1.0620608879887357,0.0014499894841682184,0.24613191461921555,0.006702678219291194,0.6344126149147086,0.004012897576723847,0.6630137335511312,0.006238449364782055,0.6120620655547782,0.005416390761165898,0.9860005768983606,-0.008780341504482259,-0.8778785125289217,0.005133287490361357,0.7994321783120963,0.0006390963701099118,0.059571146626793366,0.004257681378962263,0.7081261796628864,0.015665186193921876,1.4736043346266121,0.002368461757403955,0.39529184372106113,-0.011095036769881437,-1.0741199607353762,-0.0008053903053059538,-0.12006531512171392,0.01869594972921721,1.4714881387948233
updown_vol_roc_21,0.000594590350511616,0.07572643093374185,0.0030300018661875453,0.2373432983678117,-0.012511858468010815,-1.9649586149265912,-0.016995820371436703,-1.4285116797864594,0.0037401573682422956,0.5295914475581509,0.01328399579805017,1.3447486524435828,-0.008230036266844326,-1.076913311883418,-0.0008873760883458272,-0.07300094551827101,-0.002401919990120066,-0.3566271193915713,0.0020422556548916975,0.17169830809373063,0.0024985283775529462,0.3636089969199467,0.01227741647964316,1.1561195920421217,0.0007188254023578423,0.09009973774067903,0.017563272692525177,1.404671336903716,0.0027289042000278848,0.4044536166061001,-0.0006798016842148187,-0.054901322984216815,-0.000273437533615631,-0.03726081334802291,0.00804796462423895,0.6843606579653196
nvf_roc_21,-0.007388342369300365,-1.044698325546756,-0.012521732562251042,-0.972506684896664,0.0019298986254138626,0.28234992055115027,0.009133857497507504,0.7096307390395594,0.0009850541484106386,0.13007192451908753,-0.00041334301309420057,-0.03247988067653929,-0.0013207039497772975,-0.18250977363586535,-0.0012903931455880311,-0.10548331346660324,-0.0026214876145194284,-0.375448574920265,0.005329619698363803,0.4059128639813763,-0.001122802162987982,-0.1536435638716141,0.006111123288455065,0.4910576064977494,-0.011110836757272778,-1.4234819520390887,0.004414411032843611,0.3606180891336803,0.011864109993339512,1.6778878928617902,0.011288658721367924,0.8414370770762123,-0.004433363608232988,-0.5311804838554646,-0.011257244733286667,-0.7267871536640265
accum_roc_21,-0.009622775915395275,-1.334506299430479,-0.0041679057798534105,-0.3104650948382972,-0.006258540541829279,-1.035515884674375,0.010681065907933744,0.9387317759124301,-0.008764503895154561,-1.3204492361287938,0.001533419427831026,0.1429354940062209,-0.004899706365256261,-0.6836526564474192,0.002876567021146551,0.20619990718044795,-0.011076710539444912,-1.7187712159125292,0.011645416280850543,1.0233918701950155,-0.007953665973997083,-1.1622795519436995,0.015449881115827825,1.2265397546290226,-0.011574940100137647,-1.5359057037226012,0.010091234083574338,0.8262389691124297,0.00417549578124319,0.601073062483563,0.018619605306541737,1.3642109751096991,-0.010504164314443964,-1.4851298600915648,-0.012328317869619026,-0.932581668230437
vol_dry_roc_5,-0.004961350980591505,-1.2267519138245722,-0.0033341808625200545,-0.5304285850177102,-0.003813509302573074,-1.1126538402034942,0.0066839571962932845,0.9605245500470587,-0.002956822573699198,-0.7793074876110707,0.0036953231926567702,0.550605573506075,-0.005329156284196328,-1.4920536212929258,-0.001991547759213263,-0.343963831706729,-0.0046348661583605205,-1.250586570815421,-0.001330611500883782,-0.21073612616114876,-0.0033484189317268213,-0.8212155641413569,0.01143663433654091,1.4425531544051837,-0.010901566110638911,-2.5665293666503497,-0.01272922501993393,-2.1148394703923423,-0.0020472239033421766,-0.6001353425333621,0.009982810496051072,1.5684885466351788,-0.002686358489315684,-0.6066076642093449,0.0018687857203046753,0.21964575923174023
vol_cv_roc_10,-0.004593343442304068,-1.141294629949318,-0.011084525938439616,-1.8050724259255397,-0.0009710352683057292,-0.26198482064318773,-0.0016103805374133116,-0.2398220473882362,-0.005792538898558454,-1.3257197745173,0.0003556577775167982,0.041223886110985,-0.0029751593059665934,-0.6622269145337408,-0.006005634117344044,-0.7382616430166061,-0.00159700062188486,-0.42352602724445293,-0.011553474525415651,-1.585578038649647,-0.004155081652616691,-0.9328684033379002,-0.0019233417066160446,-0.23066213715737505,-0.004106834898212351,-0.891298316856867,-0.009064163649473366,-1.0934414360872626,-0.0032912008735358367,-0.8762990315039864,-0.0005788066900415627,-0.07373824381053475,-0.008356425791614122,-1.6110927262582906,-0.015480254038763913,-1.7762240554661135
rv20_roc_5,-0.005188859350713687,-1.0757805927182602,0.009109678556304035,1.1757829694983553,-0.0013646770026574501,-0.3124892979236824,0.010709344546177951,1.283371148395388,-0.0015073973601765053,-0.3086128675676393,0.006685648903348465,0.9101409519612532,-0.003973819765856156,-0.7330669778023459,0.0005383932171588362,0.06477611107445178,0.0024473487390842727,0.4953151684864576,0.0012631399799847103,0.1603098728110209,-0.003029022072510012,-0.6085201746777811,0.00225623706439469,0.25433200073449536,-0.007035704351798677,-1.2501661695951147,0.015875567134694818,1.7099547818500527,-0.0024763635029952666,-0.5781507285269464,0.0026646605985176193,0.38502329708817984,-0.00495393433491025,-0.9918033724914342,-0.0011784404952358757,-0.1345022180987144
rv20_roc_10,-0.003927579671144965,-0.6687470308355898,0.009275704457926933,0.984553622497501,-0.0026010929138781244,-0.4842994560949542,0.010685819306557832,1.0483964543192406,-0.0021046834602559267,-0.3461369240831153,0.007148465600600359,0.7987852118769772,-0.003989106542775998,-0.5773301354596077,-0.004591029551995427,-0.40960476765025566,0.006854755258613242,1.056806992510197,0.0015056356972336887,0.13187257310843872,-0.0011382692685629099,-0.18447135458243138,-0.0006313688250582663,-0.058994691167305345,-0.00482397458780867,-0.7029049126697958,0.02128016921258152,1.8688694856282175,-0.0025068895703117804,-0.4633681659594673,0.0009639712468444751,0.10668847262925406,-0.004725046395158385,-0.7850444806250985,-0.0003924765928894672,-0.037817464530330774
rv20_roc_21,0.00457202726970503,0.6663858398173781,0.015346743100503407,1.3522388590918286,-0.005237247566894189,-0.9127306184560359,0.0019889405311755005,0.19090095815884067,-0.00398407272861324,-0.5910783148336525,-0.009230981808456893,-0.9201430486069799,0.003642020441156559,0.4483492648377732,-0.006178950660864574,-0.4543668035128017,0.01541631284984375,1.7855441553762437,-0.0032781174868425677,-0.22200141991017608,-0.001696894258359716,-0.2222619237530156,-0.02173207013887632,-1.5761670772762768,0.002004650964934125,0.26042104775068103,0.019229336686505432,1.397648909275158,-0.0021666018694038135,-0.3584689145683282,-0.008816343106943013,-0.9387842123909454,-0.006787843295269607,-1.0250244514019753,-0.0072469193849505256,-0.6182813387145037
rv10_roc_5,-0.0031206562712392,-0.6657498405740662,0.007351649149781434,1.1475421968406863,0.0008307247645176825,0.23797889849307124,0.005535851417215704,0.8107660526527318,0.000901088059992608,0.23095030790134444,0.005262148249438332,0.8929837870610575,-0.005551747973604116,-1.3637101894958599,0.00422039138618721,0.7219297064779217,0.0007547163954176381,0.1841890153812081,0.006537934925559948,1.0623146389136953,0.0019155602144165951,0.48468484505313886,0.011764674794144626,1.64835792048933,-0.0069894444366195565,-1.4217560407156442,0.0024904174817874645,0.34942019816335823,0.0004092443411565264,0.11989649822435747,0.00637030790764002,1.0832404794218136,0.002237859275006118,0.5717874267308122,0.007663631564933825,1.1388867908297824
rv_accel_5,-0.0020420041307686178,-0.714879661638358,0.003753958847725466,0.886844470997736,-0.00043900565005727067,-0.18288781504472962,0.0029272388345633724,0.6331340220927939,0.0014894075183339514,0.5505253269200564,0.0028914897775292768,0.6449721631941848,-0.0005245010919966233,-0.17585729325531674,0.005172141726917648,1.0627054180133428,-0.002100873849220878,-0.730478252900896,-0.0005792375270252607,-0.1294318123243092,-0.000618932328464625,-0.2363843459796598,0.002434976579742978,0.46826498129018107,-0.004220573415142103,-1.3845725144627556,0.00011588711427760921,0.022543524983862924,0.0007638973119118109,0.32347320563662796,0.0036612094860598485,0.8778955057977867,-0.0011210752907388638,-0.370828814800545,-0.0008428391705707478,-0.16705187884467623
park_roc_10,-0.0027800871196077864,-0.4515247703291716,0.011910899533731915,1.2552343534029706,-0.002676073168813355,-0.46598914464913466,0.008740716496077027,0.8065176865160933,-0.005134770471321144,-0.7917027637309768,-0.010496056708095338,-1.0780762326736597,-0.003493354363581244,-0.559745906122042,0.0017013060232186487,0.1557720266910151,0.008238462387891884,1.295215667171241,-0.002334664699948012,-0.2321447554405692,-0.0013290410341361767,-0.19261892942526196,-0.004544786462901301,-0.37346635144113227,-0.0059841151118298925,-0.8466752696755728,0.011716119722916763,1.0306612580523609,-0.0026289457798568797,-0.4510651700190331,0.0026175430100137897,0.283971588656718,-0.004817196273276071,-0.7544009249839373,-0.00835459821857333,-0.7410771116338067
range_roc_10,-0.0013444583100307346,-0.25013833505437527,0.00975132508691632,1.3900270172487776,-0.0024006423696349,-0.5181272229048458,0.007824036160599315,0.9557172221249933,-0.00401515226610138,-0.8044232654945184,-0.002135707677234072,-0.2939249692709195,-0.0075196610029312164,-1.4972260720137778,0.003666109267903054,0.5418300254506181,0.004291770447482089,0.8183205179283053,0.0020969464385756404,0.26490735278462557,-0.0017792589404165013,-0.34113931896123817,0.012728284328798757,1.3651840129534218,-0.00744436426615272,-1.2180740406715407,0.0043620238424773965,0.4856415011785666,-0.0025093043232621306,-0.5726510696943726,0.006629172190505215,0.9162157515749614,0.0018348432129912113,0.36747960809059466,0.006562887712887304,0.7160598979232291
bbw_roc_10,-0.001358902214046048,-0.21889887579560152,0.005209701139057881,0.6030273588175253,-0.00530427520308493,-1.0456643683447184,0.007680073351919904,0.8381088805862189,0.0013245436283706863,0.23474316429657413,0.010888181590026951,1.244498302113492,0.0029033421945320026,0.49083709691363536,0.0035459290445008095,0.34831306551196717,-0.001681949400269506,-0.2991693068136503,-0.0017378272985888584,-0.17869230521718282,-0.0021611999623930792,-0.4120871144553733,0.008355742707588718,0.9567113880291599,-0.007063091845794515,-1.0914293045555885,-0.0005355269443198471,-0.05679939591743088,-0.0007016037404880887,-0.12903566662871346,0.008780540256686044,0.8985355766770525,-0.004593743889136543,-0.8056744803034488,0.0027082090278835545,0.2757648197291245
dnvol_roc_21,0.010932232936999273,1.287876687790971,0.02010939692769687,1.6691695010348582,-0.007733822801909201,-1.0508149478582165,-0.006359534189610541,-0.5478930703114718,-0.001266069964599524,-0.14997739982852648,-8.59136846138153e-07,-7.0004606523116e-05,0.011493870307417258,1.2950174182564442,0.007826792081536355,0.6051921412949525,0.007851894664656581,0.8711743003629228,0.005557361620045259,0.41276283383802054,-0.005309328830181388,-0.6634168550785704,-0.02537590869167234,-1.9890154820117034,0.01469178659215376,1.5237217880636293,0.013308297640289938,1.0320307998239273,-0.007685981061666153,-0.9365924468323913,-0.008729805028009694,-0.657745104430972,0.001991080383177852,0.225992192497438,-0.006909887617133856,-0.5460494664218022
asym_roc_21,0.007602008572852323,1.0411768615457373,0.012181954695470572,0.9903691642358929,-0.0032644616771208084,-0.4554926212745866,-0.007044483988695652,-0.573806238833041,0.006920859437508646,0.864670736703363,0.006038483692237805,0.5078925478157156,0.003078191060143685,0.3837191197277641,0.0017700168764509686,0.12310842163674823,0.0028715484380469405,0.356095709821123,-0.0023788962866590777,-0.16533222455095795,0.00010434166901267423,0.014441112208841502,-0.0142206095093474,-1.2363887886412936,0.00815847458060573,0.9662440724525553,-0.01170212368352768,-0.9859945304186298,-0.006325429832037561,-0.7678979550330973,-0.008859009883906116,-0.5731931437409414,0.003604931943139767,0.41727525471781607,-0.004571818064186246,-0.33199208456236934
beta_roc_21,-0.016082698751858113,-1.856667740692954,-0.011154038503941319,-0.7164115988226988,-0.016537251346691803,-2.250225884207394,-0.007047961230797377,-0.5182583822196293,-0.0032562887516428473,-0.35772827642238414,-0.0025675755801392998,-0.16629557159812952,-0.011247676411909283,-1.2989122178945862,-0.02350043293334033,-1.7755569052047206,-0.012161843918195714,-1.4403557678208572,-0.010804722949845452,-0.7853486684417925,-0.01579071464738508,-1.8338967982350425,-0.018862065287402363,-1.1951088089866457,-0.013932247629212467,-1.5482292980009702,-0.009481179641335932,-0.7309396061277933,-0.00899433885764177,-1.046730157603646,-0.012861805125019143,-0.8278000567652889,-0.0036791110372128904,-0.3665652415259552,-0.0033481831149522433,-0.17266128129396285
corr_roc_21,-0.015664364371418663,-1.7108935782398487,-0.0039809860563868975,-0.2392246344139717,-0.006344177600778728,-1.0115555449377285,0.010135810513946223,0.8110585036809363,0.0016587802765883769,0.20625569508180364,0.009273272840363724,0.7055799232654247,-0.016740648854493022,-1.9263817513181727,-0.013864190826942931,-0.9821521329705949,-0.01744305307975185,-2.259214198280016,-0.008709026688766318,-0.678191298608404,-0.007805043488275914,-1.011982383673613,0.002800914511055685,0.20586082976602865,-0.01924873183429021,-2.1521925369804515,-0.013565117572146967,-1.0253268181783757,-0.007240243224762877,-0.987885967506937,0.00040613104086873993,0.028837871632979933,0.0026513680409564746,0.3229334157320648,0.006688757983591826,0.4084378511057349
idio_roc_21,0.013529234637048835,1.830787705791541,0.012092654436578896,1.0273275576975711,-0.009826857370923594,-1.717757181799609,-0.022553242864302422,-1.9871550239460654,-0.004496097363889117,-0.6505943879149242,-0.013268639116503078,-1.0359307984663317,0.014003121474981202,1.9722212400686876,-0.0036694823036673347,-0.30123498314674313,0.012773855080806121,1.704766336531075,-0.0029459978897029867,-0.2274100386219345,-0.004928299996852008,-0.6514145212793997,-0.027425785878657835,-1.8232230387770811,0.019486938850832778,2.3667050958404676,0.02380979289919508,1.7414421847932744,-0.004035268849118653,-0.6559666778618606,-0.018024472391334447,-1.4654667389519984,-0.007452970008374345,-1.059433123021268,-0.02381480526071459,-1.9224033267480714
vov_roc_21,-0.0011217916629179374,-0.1526725319953789,-0.0015796365737645074,-0.14739134071609927,0.0006455778067685683,0.11269424533121845,-0.004404478603664101,-0.4078092154169999,-0.006087746462385667,-0.7870402612932152,-0.014698305811984393,-1.2045919272854535,-0.01426947992866346,-1.9011216914809368,-0.0032034858853526647,-0.2860687614951863,0.010669433144195465,1.5999803395046275,0.009650403591463734,0.8091139883282864,-0.005075857811281665,-0.7946128552466757,-0.029891884968734083,-3.12675991013247,-0.0014246248054851692,-0.17567127784191025,0.004242344264959313,0.3254967895662553,0.0021985490202171124,0.3375008465826842,-0.016641377407905528,-1.788763999419349,-0.013700457943797253,-1.9183554729601393,0.0029537355710025403,0.22478910023478543
vol_turn_off_dryup,0.0008320299362822618,0.3530572321723888,0.003622079258401119,1.025775731533364,0.0038551751588842722,1.888252994399084,0.006266266599688671,2.0066980814208675,-0.001255108541420185,-0.5282698163486028,0.003024949728713234,0.8793627241825035,0.00014221385790592333,0.06308295492396475,0.005904115176257644,1.6939490656622516,0.0003809659229114789,0.1741475441227556,0.002426908038033628,0.719656800576915,0.0013416332500319841,0.6181777991649317,0.0021074316917424336,0.5667051715867203,-0.0014547381768510947,-0.6484697308404322,0.0022236750966182065,0.5544272428519,0.002112781754768318,1.1065796012913705,0.005398672214306268,1.8257423159132635,0.001022872235555967,0.36367938487622686,0.001173252410117279,0.2933539047110999
rv_turn_off_compression,-0.004514939921941902,-1.2971434268534492,-0.0026767894557607817,-0.46718889186733714,-1.2568548518980483e-05,-0.0038061073039901638,0.005173763909987167,0.8786056876065667,0.0009720725463427648,0.26321806516690865,0.00369534636704305,0.6462778422099534,-0.00394518816266667,-0.8800624031364114,-0.012987264848630687,-1.8893289187409077,0.0017203422204718497,0.4716315228640533,-0.0002583219820646243,-0.04932602722756623,-0.0025052446304312578,-0.7292069109076684,-0.00639149670794984,-1.0823108651286704,-0.0014063914406795967,-0.40312320632812354,0.008839312585505903,1.5234067617579743,-0.0011342475210530394,-0.36379044532995886,0.0010713596428476517,0.22606737981381655,-0.006237056279541078,-1.6644722700606303,-0.00894005184889814,-1.423440121539995
vol_confirms_price_21,0.00041752595831875933,0.08296023823176336,0.002884848690724661,0.36312959330728295,0.0007311968254090533,0.13939322475759697,-0.008019540060324543,-0.8582568171913082,-0.006667564246366148,-1.1989298743788859,-0.00923788977536133,-0.974602063913306,0.00511976242490864,1.008454144628379,0.002519136151667851,0.32779953562721714,0.001158607129916702,0.24974608148344724,-0.011831466418150824,-1.634387995020502,-0.002360512572813759,-0.42225616618440387,-0.002931874467773694,-0.2627774398817721,0.005054033036980228,0.9403000919131878,0.010043063214866492,1.045428520877932,0.0010530633247747318,0.20933003523591853,-0.012408424515004018,-1.4238406444552372,-0.009937357429394797,-1.6064388522686133,-0.010157528541025999,-0.8809202663171959
quiet_accum_21,0.006526074958131773,1.2359546075914725,0.010199523145473854,1.0227324346146702,-0.0026250932001601313,-0.4823163547332971,-0.015974620207394083,-1.5088724247644263,-0.00031779875069553335,-0.06105358364297199,-0.004591856689844678,-0.4914944383473041,0.0048075488280025,0.8147630083922152,0.006237472788139618,0.5854544051909106,0.0047620550867072875,0.8895882341366124,-0.009305852943509213,-0.938069283719754,0.0033494769780344873,0.5609012020631954,-0.015605851218499098,-1.486248479166914,0.006639540590663944,1.1108667783550896,0.011664808322932003,1.0926558551006953,0.0023348514927167053,0.4112842494131467,-0.013373860571389737,-1.2442947871827623,-0.005405163346627317,-0.9108334745230735,0.0043534376311647315,0.4150982551147903
vol_roc_x_rv_roc,0.0030648006256977734,0.7124637697556355,0.00930672412153639,1.3563291085183768,-0.0059230605841331906,-1.615954983235039,-0.0014908148439735393,-0.25251756376485696,-0.004515916036460025,-1.1675731343238487,-0.00534318468281521,-0.8803319805804698,-0.0015338482521350244,-0.3770370415628687,0.005286532164627535,0.7181939755838135,0.0016762396589157164,0.4303641192044749,0.008617693539218813,1.4438383431858994,-0.0031369515169113126,-0.6848897208519348,-0.007530741346325351,-1.0191954127723861,0.0031230167050652316,0.680381499904452,0.010989849921290248,1.5120396460576644,-0.000373574074506903,-0.11134593260431305,0.00036935453029731345,0.06292866226664709,-0.007218785047692877,-1.5432855315858207,-0.007603615607785227,-1.058562082374525
vol_up_rv_down,0.0015025505129478561,0.3258342071954656,-0.0049990803112755005,-0.6181941316774261,-0.002433035413707058,-0.5915452140534722,-0.007072521470222694,-0.8936715850829334,-0.0001701131808791803,-0.04134118511568462,-0.00455178636974594,-0.7268731326899163,0.0028481256224659047,0.5431902245042551,0.0024256931436265837,0.30030194364983454,-0.007978021371598617,-1.5720339646197894,-0.007659954162800105,-0.8820465641188361,-0.001971513619586159,-0.4190611963450843,0.008987735813328042,1.0285464104563375,-0.0022466735941974003,-0.4280040772091214,-0.024896407467558643,-3.1238145003715205,0.00015509919646500284,0.03960192092324573,0.0035690750268720334,0.4801125239040962,0.0006423505071230678,0.1287767762077186,0.002772903205969216,0.3096040738380357
dryup_x_tight,0.0016974749997419748,0.18061974743147868,0.0018174421477049581,0.08845621692008948,0.022198923779015493,2.3314330719398066,0.02667962739013768,1.4642147801142853,0.011276481258101208,1.201997025843918,0.016716175231729927,1.0571228193185227,0.009798640868905256,1.225901335528976,0.025770880377726024,1.7889150601803876,0.00148553220654947,0.17982353494612982,0.020256847637529957,1.3183112602452631,0.00686345776744835,0.8037682154429713,0.01580568075871248,0.933695102738271,-0.004304578925118067,-0.39710094924318684,-0.007944128867125649,-0.3513690349064602,0.018737937736118027,1.998812814408113,0.007724845997170154,0.5438307784401694,0.01800765056190194,2.0186365633073433,0.017182148080710884,0.9922379961736996
ignite_x_rs,-0.015862226213974605,-1.7913005250463676,-0.013919160321858333,-0.8794467999479736,0.012639594313709918,1.3092496415659705,0.025469769496847625,1.7428971974274001,0.009860259679289786,0.9528034136343378,0.025239801398154064,1.3659070601563996,-0.0022768350972682365,-0.251882189425464,0.013133574768310653,0.8291646835228988,0.0008429150307640932,0.09610713551961865,0.0029446781771476785,0.21614430977648583,0.003142331409359897,0.32579064583683176,0.017606200669496967,0.9785909276878265,-0.02306111421315623,-2.24375782508342,-0.006084266885873375,-0.3450835455277915,0.009225707482436549,0.9780597631247308,-0.0039965617079329155,-0.27204006019249416,0.013822075727857264,1.2157941334450277,0.0335976431154935,1.409284881262799
