,t-20,t-10,t-5,t-0
z_dist_52w_high,-0.0014027500834598583,-0.0014754159377111664,-0.0020070573436203887,-0.07825761542134796
z_days_since_52w_high,-0.009511734839638852,-0.007425650780902904,-0.007073472819983051,-0.0003474528628838458
z_base_depth_126,-0.008362218109995878,-0.008239652681959697,-0.009947458505699336,-0.10195750402116749
z_base_depth_63,-0.013148323796797645,-0.01192889591716606,-0.012311054393359167,-0.12918569908064603
z_base_tightness_63,0.0020534563229257508,0.001158221164577422,0.0005778204632284067,0.023538214995273088
z_range_comp_10_252,-0.001970806482280485,-0.004699241709162361,-0.002232886952646007,0.029959504728383157
z_range_comp_z,-0.0011491605646183345,-0.004424360789422266,-0.003508277400185167,0.030139777721866823
z_bbw_pct_252,-0.007508809603963051,0.00219922842896092,-0.007122950453728183,-0.009090913397362788
z_bbw_squeeze_126,-0.005173241201993195,0.0051021396765238425,-0.003853076282596679,-0.005226577282933076
z_nr7_count_20,0.0010079020229716296,-0.005384672950052016,-0.005842357526460673,-0.006910389231432945
z_higher_low_cadence,-0.006219513306788604,-0.008662875007442172,-0.010447410365038767,-0.02438133029801942
z_gap_share_21,0.01157996497068492,0.007151257279740975,0.008851432857157171,-0.003680651117940581
z_net_gap_21,0.007048680998066215,-0.0002252610638077135,0.00269310840745296,-0.059741911370379486
z_up_gap_freq_21,0.009406187619571904,-0.0007121734619239817,0.002017847061032141,-0.024635932997122967
z_clv_21,-0.007140828604261962,-0.008424218170492437,-0.00923454198437873,-0.07682021597802668
z_clv_5,-0.007097066819475639,-0.004481857804329303,0.00046352239257008154,-0.1505832661036276
z_mom_12_1,0.012121854726941605,0.011935195760875983,0.010149357308426588,0.01264979023827395
z_mom_6_1,0.021886650833266685,0.015286785129292046,0.005991834916850847,0.0023700090538155694
z_ret_63,-0.007946998604262123,-0.012131868893707098,-0.01492454881032712,-0.080395511045254
z_ret_21,-0.009049628986368019,-0.01115514461721534,-0.009083260127264958,-0.12176044415532167
z_ret_5,-0.004928604541028003,0.0008349940203613571,-0.005454038528040439,-0.23880120585406445
z_pos_in_20d_range,-0.005009937399967246,-0.0020040998643149344,-0.0025905321945694504,-0.20365126546301
z_up_day_frac_21,0.0017006906902898855,-0.004307047689919796,-0.004325286518111038,-0.08910916918623835
z_up_day_frac_63,0.006837259660198214,0.0005434715098555642,-0.0035439293046452547,-0.05469912579175995
z_pullback_21,-0.007912499284357055,-0.004779825677311833,-0.005448509890620679,-0.1804309313514783
z_pullback_duration_21,0.00614715259043952,0.013026116605825977,0.01680687579030271,0.06685890545770334
z_mdd_63,-0.005260340902779714,-0.005480680596812282,-0.004843987511390979,-0.019311426994781167
z_dist_52w_low,0.012728032788009824,0.010525137077799562,0.009489787139830175,-0.041570737139613456
z_days_since_2x_low,-0.001331522778210914,-0.00044643325332643924,-0.0010471359582497897,-0.000265489622827797
z_streak_now,0.0018617203636878132,-0.007183797635370637,-0.006645093084493847,-0.21245507118641166
z_max_up_streak_21,-0.004244623445680107,-0.011456916766826364,-0.005877764178218059,-0.03033063937966113
z_days_since_20pct_dd,0.01145379949042924,0.009282911920915793,0.007931964328977026,-0.0003238664326969398
z_dd_from_252_high,-0.0027578530812402136,-0.002816426675751993,-0.0035574319077858463,-0.07997277297658928
z_vol_dry_10_50,-0.009366896271685743,-0.0007932894548450253,-0.004115769241971379,0.009058177710774551
z_vol_dry_20_250,-0.004904137242507267,-0.0017812991565220315,-0.0035516642787254415,0.005478257630092576
z_vol_ratio_5_50,-0.004609818098335383,0.0005230319010086637,-0.008974055838114336,0.02257816208832275
z_vol_z_1,-0.0010048839871544257,-0.004737874188964153,-0.006620638547927993,0.0745710576212133
z_accum_dist_50,-0.002134554978166836,-0.008135088520463296,-0.008149654078848378,-0.04809106249338296
z_updown_vol_ratio_50,-0.0033033417380323726,-0.009823924759504887,-0.010135116258699783,-0.06437983753577103
z_updown_vol_ratio_21,-0.000357990040081968,-0.006220969593200065,-0.006623387996827268,-0.09652687449036734
z_ignition_mult_10,-0.006552930653517419,0.0030877298269609277,0.006786840329087163,-0.03401152422846637
z_days_since_ignition,0.013699714772420823,0.015088937267355051,0.01586860346029173,0.03125790980781107
z_pullback_vol_21,0.005685629390443925,0.0027301822078860116,0.0032880573075416697,0.04219274092633174
z_net_vol_flow_63,5.190002040489361e-05,-0.005337895098389778,-0.008086440234735426,-0.061424235360334256
z_obv_price_div_63,0.008419106003962007,0.007665123436921717,0.006966494889842578,0.017624690172341362
z_dvol_trend_21_126,-0.009302520356894661,-0.010336167684591613,-0.012410897719861202,-0.007197362109643557
z_vol_cv_20,-0.004222409364530388,0.0020273437225010182,0.005966177488858859,0.019543601778484132
z_big_vol_updays_net_21,-0.0037832162567417726,-0.0033285546646080744,-0.004555320978086974,-0.053204652303236566
z_amihud_21,-0.002918129778855749,0.0012638482143232377,0.004060455268364738,0.01599864342057644
z_log_dvol_63,0.004263127880117512,0.0010099028331117532,-0.000300104877715035,-0.0008588624452141036
z_rv20,-0.0018584832468818147,0.0027552892786973926,0.0032324965284108442,0.032648658651666995
z_rv20_pct_252,-0.010912908018831047,-0.0037546799639817108,-0.002692634855443854,0.028561153432172914
z_rv20_vs_min_126,-0.008991433557865858,-0.004434669522161094,-0.004364908208803309,0.025937100540869618
z_rv_ratio_5_20,0.004132612398091595,0.009168231111822411,-0.0034085197795132305,0.05206239088474174
z_rv_ratio_20_60,-0.0082566217662981,0.0007005419161288939,0.0027455596578676023,0.027921958285544224
z_vol_of_vol_63,0.00786899944047792,0.008424764627599002,0.004572234157636412,0.0025642497301096023
z_comp_then_exp,-0.0033308536699498403,0.0038134876290732977,-0.007671835421638296,-0.007729101222105794
z_dn_up_vol_asym_63,0.014211841232063871,0.017032628809244943,0.01679971693322313,0.06403066311120487
z_dn_vol_63,0.014275270334179302,0.013767027132161047,0.012071390260900317,0.048980162225111146
z_parkinson_cc_20,0.012502996923901333,0.002455058656827269,0.0028862739276201976,-0.028580748445622084
z_overnight_intraday_vol_20,0.0018749064968029971,0.004117597026771724,0.0031820154888014818,-0.005182863687047734
z_skew_63,-0.0077340541027854925,-0.007993634101012448,-0.005704147956358041,-0.021150797022260137
z_kurt_63,0.007936341242442357,0.0017736212859699174,-0.0026539931017453,-0.004690617830138855
z_sharpe_63,-0.007783076645321185,-0.0121407230206107,-0.014525517594396908,-0.08050765049630282
z_sharpe_126,0.014090979917798396,0.007117484901350557,0.001463726352690542,-0.04939834348123767
z_sharpe_21,-0.005802282423410632,-0.006877728473940081,-0.006075061783465285,-0.11999740757646632
z_jump_21,0.001696491137083811,0.007053033608608761,3.672107772312305e-05,-0.0009235233182227631
z_rs_spy_21,-0.006740584230743141,-0.00824643247483725,-0.007124395933343686,-0.11961823583533515
z_rs_spy_63,-0.011543272145054462,-0.013391233207199815,-0.015954597715991115,-0.08036548392894577
z_rs_spy_126,0.0091131140397962,0.005285068323189646,-0.0015897923523693347,-0.05191084501132859
z_rs_sec_21,-0.006948135172155312,-0.008632944265737519,-0.005651029412282904,-0.09900617592140393
z_rs_sec_63,-0.004463929335965233,-0.006899119700125855,-0.00939057685980449,-0.06159080614501239
z_rs_dist_high_126,-0.006735054908532601,-0.009568380031688917,-0.011146156972690557,-0.08703618515117872
z_rs_lead_126,0.004973609661495071,-0.000574581260774587,-0.0009416578198722103,-0.0029631829067465754
z_rs_newhigh_price_not_20,-0.0012537534038632447,0.0019455821324502187,0.00041071902553146966,-0.005665044161531296
z_beta_63,0.014436084429789942,0.013049697777184122,0.011578438439472039,0.01618929864779295
z_beta_252,0.016865591264377477,0.018576969491867823,0.019155131433880923,0.018791020073772313
z_beta_shift,0.002397100771949545,-0.0012696209721240193,-0.001832521580421076,0.0029428286132094916
z_corr_spy_63,0.013876030664881078,0.014090843392538521,0.01653075393116732,0.016744199860858844
z_idio_vol_63,0.001366859848146662,-0.0003769397457543122,-0.005898499129863122,0.0050273949524393124
z_up_capture_63,0.009537585046944574,0.004865310142634693,0.0029601467022551953,-0.03629783358760458
z_down_capture_63,0.012229674043541028,0.00995614598634309,0.008118266426098253,0.046545686859346014
z_capture_spread_63,-0.0015892328754273932,-0.005437493481369904,-0.007390675983435513,-0.0706841691154464
z_dryup_x_tight,0.0008069401168249168,0.002995236510270227,0.001155348154214364,-0.051378776779509416
z_ignite_x_rs,-0.00926622097219465,-0.009930358628776115,-0.010031409221098408,-0.0825450665502846
