window,bucket,factor,mean_rank_excess,t_cluster,n_clusters,lift_top_q,lift_bottom_q
full,all,z_dist_52w_high,-0.08404656069121574,-29.7344739235158,8970,0.9912971117609368,0.9894540160653074
full,all,z_days_since_52w_high,0.014793421760868505,4.847797810418913,9010,1.079695939220121,1.0049025749399259
full,all,z_base_depth_126,-0.09983267743591724,-36.37389017548775,9028,1.0064322261829304,0.9929398341997365
full,all,z_base_depth_63,-0.12543975145231742,-47.27740513889185,9046,0.9906351622753461,1.0193147460570466
full,all,z_base_tightness_63,0.014940853946806066,4.83963074063331,9046,0.9446450681177824,1.1295079670415598
full,all,z_range_comp_10_252,0.024928382720058945,8.163087526235492,8970,0.9088331401868593,1.1264193103342046
full,all,z_range_comp_z,0.027243237854296228,8.888861370357747,8968,0.915345040375647,1.1244602568021282
full,all,z_bbw_pct_252,-0.006894643058343163,-2.2720891695963017,8966,0.9123806892453546,1.0943932753270138
full,all,z_bbw_squeeze_126,-0.0056700134802475195,-1.8760780645646742,9026,0.9142230129299291,1.0963229788531565
full,all,z_nr7_count_20,-0.011615088580754692,-3.8435055075425204,9078,0.9938292180078785,1.0143882847748285
full,all,z_higher_low_cadence,-0.015101439525089192,-4.928245034382454,9044,0.954908552675332,1.0633314961654352
full,all,z_gap_share_21,-0.0046614927713181055,-1.5267260092306538,9066,1.0674884275148695,0.986341094748777
full,all,z_net_gap_21,-0.05639894165297807,-18.695775140234996,9066,0.93322415882687,1.0348923612201628
full,all,z_up_gap_freq_21,-0.026567976487810282,-8.857081911776053,9078,0.9607526760464155,1.0238669632265718
full,all,z_clv_21,-0.0744822073528624,-25.243410727185097,9060,0.9873974416694877,1.039349379549526
full,all,z_clv_5,-0.15804391887510524,-58.355791802451776,9068,0.9991120901793875,1.0408982449850126
full,all,z_mom_12_1,-0.0038907207638573882,-1.276420938903611,8970,0.9627098552924404,1.0025721584805485
full,all,z_mom_6_1,-0.0028583114564853366,-0.9359888651191739,9027,0.9600403321549852,1.0118235332154413
full,all,z_ret_63,-0.07173294691780278,-24.06670978639701,9046,0.9344942784850341,1.0701423016086655
full,all,z_ret_21,-0.1256690590155809,-44.43662979449379,9066,0.9114835965205451,1.0541888207495151
full,all,z_ret_5,-0.24210862334568303,-107.63017009895107,9070,0.9580056242052473,1.0422000772986153
full,all,z_pos_in_20d_range,-0.20656762935812098,-83.61214395728766,9068,0.9783479980535923,1.0499844849525803
full,all,z_up_day_frac_21,-0.08996682685316998,-30.89255394626884,9066,0.9667697261127092,1.023379277676269
full,all,z_up_day_frac_63,-0.04870785256542906,-16.191837131108816,9046,0.9841259928203546,1.001343600149143
full,all,z_pullback_21,-0.18078482665500809,-74.4534851583392,9067,1.0162499562175844,1.012942905141397
full,all,z_pullback_duration_21,0.0657046818239459,23.655570687885668,9078,1.083212529262028,0.9637972409209792
full,all,z_mdd_63,-0.010522952820789631,-3.4543647340873878,9046,1.0544441904412298,0.9857272767563279
full,all,z_dist_52w_low,-0.057298998790079214,-18.780942442814798,8970,0.9446282271383118,1.0629373573884329
full,all,z_days_since_2x_low,0.012057783790389787,3.1388062212010883,5468,1.1322833328488295,1.0677521881730527
full,all,z_streak_now,-0.2131455803685999,-87.78136049588089,9078,0.9973078561107774,1.0475253756822465
full,all,z_max_up_streak_21,-0.028082619017068298,-9.170739492511219,9078,0.9289173692135635,1.0111838112587108
full,all,z_days_since_20pct_dd,-0.0014954452964039936,-0.4772951514875973,8596,1.067356578163298,0.9664512826725445
full,all,z_dd_from_252_high,-0.08536419534949502,-30.313028324830228,9028,0.9748053910872035,0.9976065436599849
full,all,z_vol_dry_10_50,0.020446690885772018,6.696192757355092,9045,0.9714140608263436,1.009341883091982
full,all,z_vol_dry_20_250,0.010299408853847829,3.3677198673828954,8948,0.9520827520453906,1.0512165067527577
full,all,z_vol_ratio_5_50,0.029550598975955713,9.626374975673922,9045,0.9725368096039881,0.9988894995461451
full,all,z_vol_z_1,0.07688417650225446,24.569736207327757,9045,0.9939281284201653,1.0091626993740535
full,all,z_accum_dist_50,-0.04722766575337979,-15.56792533830425,9051,0.9588247178923998,1.071691174423434
full,all,z_updown_vol_ratio_50,-0.06506710295455834,-21.662086495419963,9045,0.9519759385764925,1.0653069309916914
full,all,z_updown_vol_ratio_21,-0.09915071482039857,-34.197989717589834,9065,0.9562592622359696,1.0320335753666545
full,all,z_ignition_mult_10,-0.03458872282356589,-11.899953348031652,9045,0.9502000181329524,0.9600663606616083
full,all,z_days_since_ignition,0.028140529814994954,9.473202604685834,9077,1.0960159406991203,0.9445934384626866
full,all,z_pullback_vol_21,0.04628759771910531,15.17556696836059,9069,1.0251065405295943,0.9429327927953906
full,all,z_net_vol_flow_63,-0.05526324548635391,-18.283794754791188,9038,0.9794012703986987,1.0561112284256207
full,all,z_obv_price_div_63,0.01543233698338713,5.02559877473091,8916,0.98442516427751,1.0062895694647158
full,all,z_dvol_trend_21_126,0.002850116352421748,0.9333304056849017,9011,0.949234113012057,1.0511891604481234
full,all,z_vol_cv_20,0.016370025005109215,5.36104393214337,9066,0.9562243998550446,1.0370061019432992
full,all,z_big_vol_updays_net_21,-0.05578297232792199,-18.381873320607685,9066,0.9550839000180817,1.0112694808425546
full,all,z_amihud_21,0.005267255191922194,1.7157642742450676,9064,0.9525074032343979,1.078948705439087
full,all,z_log_dvol_63,-0.0018430707291595494,-0.6047594520048755,9038,1.0050244546751188,1.0114233422974783
full,all,z_rv20,0.02447508151706702,8.06839738782855,9067,0.9507283569099169,1.0908950411739884
full,all,z_rv20_pct_252,0.026617884583693397,8.795964581816753,8965,0.9193592131973033,1.0817878375797294
full,all,z_rv20_vs_min_126,0.027478647487389284,9.157063287684334,9026,0.9101217073150946,1.0578339347866508
full,all,z_rv_ratio_5_20,0.04711148762590114,15.453325180594632,9067,0.9909381104664612,0.9787442131313271
full,all,z_rv_ratio_20_60,0.02760528374576724,9.150948591658183,9048,0.9697544856928972,1.0106405594500176
full,all,z_vol_of_vol_63,0.0018040268076905492,0.5942017427331917,9040,0.9769231658897171,1.0037370858970003
full,all,z_comp_then_exp,-0.010876154781665195,-3.55834743050197,8965,0.9532941815283563,0.9828279941319744
full,all,z_dn_up_vol_asym_63,0.060848129992164705,20.255073138696133,9046,1.094497471842234,0.9158827131798924
full,all,z_dn_vol_63,0.03527363024516145,11.7099957262757,9046,1.0178208183345694,1.0434469721360904
full,all,z_parkinson_cc_20,-0.026331910264533298,-8.65209453083428,9067,1.0058066072713168,1.0104705061721428
full,all,z_overnight_intraday_vol_20,-0.006336183023434821,-2.0714668193884953,9067,0.9866899685222168,1.0123788546257257
full,all,z_skew_63,-0.02354284192535389,-7.816072299660104,9046,0.9207273862944035,1.0703811859887333
full,all,z_kurt_63,0.005065415038275439,1.667909120157857,9046,1.0184545952356179,1.0028366275245666
full,all,z_sharpe_63,-0.07246638142030114,-24.285478436284734,9046,0.9471385485656992,1.0714561656990382
full,all,z_sharpe_126,-0.05616292024747068,-18.550896260633284,9027,0.968569285688844,1.0485822841410835
full,all,z_sharpe_21,-0.1263052745735268,-44.90983414000154,9066,0.9419293199672438,1.053313768393065
full,all,z_jump_21,0.010607435476557467,3.4799135026918484,9066,0.9588042752109567,1.002025701310173
full,all,z_rs_spy_21,-0.12273703955579886,-43.42958199307715,9066,0.902397082158546,1.0341105618806332
full,all,z_rs_spy_63,-0.07089493400345402,-23.909242875845564,9046,0.9096784213173739,1.0477468909773104
full,all,z_rs_spy_126,-0.05367807525169849,-17.89789706976506,9027,0.9292413332827172,0.999550660349388
full,all,z_rs_sec_21,-0.10013331410862594,-34.472006413098526,9066,0.9497177608489574,0.9939746675239052
full,all,z_rs_sec_63,-0.05684925385127973,-18.85694175892468,9046,0.9936978234421664,1.0080920838860579
full,all,z_rs_dist_high_126,-0.09049452046511097,-32.39299288439491,9028,0.9509371990580315,1.038419260349953
full,all,z_rs_lead_126,-0.020641238448608712,-6.823647720482267,9028,0.9243604673562371,1.1777252455243066
full,all,z_rs_newhigh_price_not_20,-0.01291543833800227,-3.860176417793334,7343,0.9967455259064995,1.1210869789084579
full,all,z_beta_63,-0.00030046549007686074,-0.09991184900182977,9046,0.8956161022556998,1.0445816729414124
full,all,z_beta_252,0.00184467058746569,0.6044983363884133,8970,0.9856915085194283,1.007148845993017
full,all,z_beta_shift,-0.0012972335126557532,-0.4285106140536313,8970,0.8993735542161809,1.0914540101942605
full,all,z_corr_spy_63,-0.000175990324274812,-0.058352243975488376,9046,0.965395929196192,0.9914896194713468
full,all,z_idio_vol_63,0.0021621937644221386,0.7112916916972848,9046,0.9060986388954912,1.0742630571648346
full,all,z_up_capture_63,-0.04860426750474466,-16.063807885648067,9068,0.9177452561115996,1.0853368336330862
full,all,z_down_capture_63,0.03664256362705007,12.18265209491882,9067,0.9893843974896944,1.0106303947421487
full,all,z_capture_spread_63,-0.068610138712981,-23.059166632044906,9067,0.9424513132895512,1.0370883637625834
full,all,z_dryup_x_tight,-0.05365260616764471,-17.996585825937096,8948,1.0437660092178696,0.9103342670895438
full,all,z_ignite_x_rs,-0.08117565526252898,-27.652905187744043,9038,0.9262437831340489,1.0519054758995912
full,low,z_dist_52w_high,-0.08429884443603218,-17.51446104773404,3356,0.915395527699928,1.0210825282376161
full,low,z_days_since_52w_high,0.009828573115631274,1.9060343198543128,3377,1.0939396508563815,0.9763829291091057
full,low,z_base_depth_126,-0.10155521081815713,-21.82098194383358,3372,0.9172709482559266,1.014974459568059
full,low,z_base_depth_63,-0.13442963287430243,-29.870979306383635,3378,0.8744441240070331,1.0656167239233616
full,low,z_base_tightness_63,0.005392385051432568,1.0236832967051632,3378,0.9123472861666754,1.1392008627529555
full,low,z_range_comp_10_252,0.032848793866426765,6.501683622187813,3356,0.9334141169093971,1.0729612633370118
full,low,z_range_comp_z,0.03457546725337215,6.74078502682456,3356,0.9481379848797994,1.0712037787296063
full,low,z_bbw_pct_252,-0.005963092330449657,-1.18092632445523,3356,0.9060486741556144,1.1071954209988573
full,low,z_bbw_squeeze_126,-0.0008302844453131067,-0.1637517148301693,3371,0.9150211976707688,1.0982139425328192
full,low,z_nr7_count_20,-0.008099366689696696,-1.635173715155506,3387,1.00144547210917,1.0499516365828914
full,low,z_higher_low_cadence,-0.01681302249262549,-3.2643718443897134,3378,0.8789117086830013,1.1154539380534074
full,low,z_gap_share_21,-0.032897558172837085,-6.504857862602758,3386,1.020090990467243,0.9846893283663986
full,low,z_net_gap_21,-0.05060428461170708,-9.94854675322348,3386,0.9357294462941219,1.0234531685226496
full,low,z_up_gap_freq_21,-0.05050087342164585,-10.32647282263731,3387,0.932943066315552,0.9918139538414367
full,low,z_clv_21,-0.07861087229135655,-15.985731744520866,3383,0.9054807562579158,1.1138628298689208
full,low,z_clv_5,-0.16710378164729567,-37.135496285231774,3386,0.9615594308630216,1.0573807709133143
full,low,z_mom_12_1,0.001596586778171565,0.30248236167624093,3356,0.9177729638296415,0.9935289733583069
full,low,z_mom_6_1,0.0113328353670681,2.1565963388269584,3371,0.9989953707808533,1.009005076017296
full,low,z_ret_63,-0.07368408412031004,-14.477068589851676,3378,0.8345778268879036,1.1183102201831618
full,low,z_ret_21,-0.1367305484429916,-28.5422368693581,3386,0.8330369893598912,1.0935460562642083
full,low,z_ret_5,-0.255071055448939,-68.10757097584775,3387,0.8990336624488826,1.0654674021194175
full,low,z_pos_in_20d_range,-0.22138198890618732,-54.26954809278802,3387,0.8943984300939857,1.0768769583640956
full,low,z_up_day_frac_21,-0.10066282986358467,-20.83293406617749,3386,0.8903869049324962,1.0717189982169681
full,low,z_up_day_frac_63,-0.0520099924650325,-10.500816162761698,3378,0.8806973996947699,1.0454985183553076
full,low,z_pullback_21,-0.19194916653545938,-46.579676155433425,3386,0.9453610199703323,1.0438472975746693
full,low,z_pullback_duration_21,0.07038399264137565,15.138908567150615,3387,1.0993930145756818,0.9088477495038517
full,low,z_mdd_63,0.011930188277273098,2.2807079650788187,3378,1.0504934314111942,0.9278743783798546
full,low,z_dist_52w_low,-0.07266023075220676,-13.981773041223782,3356,0.9337668563398375,1.0517890873061335
full,low,z_days_since_2x_low,-0.021939097487600614,-3.27116307926628,1355,1.161516822138579,1.0054532805588734
full,low,z_streak_now,-0.237543823475927,-61.36692521820576,3387,0.9577290017959978,1.0378662997663417
full,low,z_max_up_streak_21,-0.03731868554984624,-7.385475567661709,3387,0.8383965136797347,1.0791760384282978
full,low,z_days_since_20pct_dd,0.01557718683918926,2.845029603559992,3020,1.0056797127403212,0.912077392023015
full,low,z_dd_from_252_high,-0.08539877127342688,-17.764655240156863,3372,0.9121174606420324,1.0276130461035726
full,low,z_vol_dry_10_50,0.024729710351101993,4.8992343189697465,3375,1.001641594480518,0.9940914088894484
full,low,z_vol_dry_20_250,0.009989366201007441,1.9883140829348869,3345,0.9828286847287782,1.0619564629675922
full,low,z_vol_ratio_5_50,0.031126461977437788,6.101954261599858,3375,0.989398840734258,0.9821284387183264
full,low,z_vol_z_1,0.08099250413465126,15.851703843918282,3375,0.9962330376670848,1.0028495482444362
full,low,z_accum_dist_50,-0.05379312633244171,-10.668238771425031,3378,0.8708639804253772,1.1372608554964239
full,low,z_updown_vol_ratio_50,-0.06985387234790602,-14.020560283893415,3375,0.870110930723385,1.1247520980690258
full,low,z_updown_vol_ratio_21,-0.10865106161467858,-22.521674327307903,3385,0.9005980018155963,1.0643454728664155
full,low,z_ignition_mult_10,-0.03953132960802545,-8.101858129812406,3375,0.9494008938935352,0.9875241843095248
full,low,z_days_since_ignition,0.015840654860397065,3.333746436708377,3386,1.0801470591163054,1.007695089373577
full,low,z_pullback_vol_21,0.045272972800900715,8.98867488378679,3387,0.9808028854388153,0.9619112580499493
full,low,z_net_vol_flow_63,-0.05560472155866162,-11.062190483331522,3374,0.899929363042467,1.114866383727833
full,low,z_obv_price_div_63,0.014132062433915649,2.8048635063438847,3341,0.9628735635996515,0.9860896862304045
full,low,z_dvol_trend_21_126,0.007426099095389479,1.4821805609141043,3362,0.944397837080712,1.0540040958266574
full,low,z_vol_cv_20,0.027712083350429507,5.583873603340186,3386,1.007804282710771,1.0089105078431306
full,low,z_big_vol_updays_net_21,-0.052644194518793604,-10.402530557142768,3386,1.002163329368366,0.9831076647225311
full,low,z_amihud_21,-0.0014144070642547106,-0.2819817278969885,3385,0.9824794634569234,1.0320914558053498
full,low,z_log_dvol_63,0.008455867884329255,1.7461196501793868,3374,0.9733321267490793,1.0565077870061443
full,low,z_rv20,0.025734850629176704,5.088059400558058,3386,0.995613639488115,1.016302050696292
full,low,z_rv20_pct_252,0.0395135987600743,7.824358450146904,3355,0.9814293093043339,1.0159731389238984
full,low,z_rv20_vs_min_126,0.042101948534744214,8.446148627365961,3371,0.9502154621893539,0.981078090196403
full,low,z_rv_ratio_5_20,0.05453927302951988,10.685313380887305,3386,0.9899226402142461,0.979791941246444
full,low,z_rv_ratio_20_60,0.045474378708580905,9.090312009820423,3378,1.0439702629764702,0.9324970032839726
full,low,z_vol_of_vol_63,-0.0025802196844570556,-0.5096464327723923,3376,0.9871183149326951,1.0040663643794585
full,low,z_comp_then_exp,-0.013796411573094665,-2.7270126012723748,3355,0.9591174352090998,0.9873896319348048
full,low,z_dn_up_vol_asym_63,0.062000959707247054,12.265308628884966,3378,1.0925938387356247,0.8472953233720503
full,low,z_dn_vol_63,0.021457426560532452,4.246222794807197,3378,0.9836612238802199,0.9954481609556801
full,low,z_parkinson_cc_20,-0.029733650357089993,-5.907785279272978,3386,0.9542285216605346,1.0753921311817978
full,low,z_overnight_intraday_vol_20,-0.032810874750806254,-6.370356800150649,3386,0.9237988178723574,1.0351741265237033
full,low,z_skew_63,-0.023364820473699192,-4.6918517735402325,3378,0.9026290748984768,1.0093826641131394
full,low,z_kurt_63,0.009883567279243765,1.9650130851112113,3378,1.011255717681814,1.0286540825204948
full,low,z_sharpe_63,-0.07247450170871597,-14.311345916305442,3378,0.8612026978998523,1.109346573151079
full,low,z_sharpe_126,-0.047626402763753475,-9.204982537301138,3371,0.9411437651883738,1.0210330472017202
full,low,z_sharpe_21,-0.13732934484599074,-28.91897702392424,3386,0.8391018631156595,1.0810487461652203
full,low,z_jump_21,0.018310017228320714,3.620001684000665,3386,1.0078484667904624,0.9576096633876638
full,low,z_rs_spy_21,-0.12818701309483027,-27.756379559977,3386,0.8379484509122896,1.0981923275456038
full,low,z_rs_spy_63,-0.06904248855254225,-14.321929272487424,3378,0.8123153359272242,1.12111111930117
full,low,z_rs_spy_126,-0.04064281660497252,-8.355082310667484,3371,0.9346382816182595,0.9906952420299487
full,low,z_rs_sec_21,-0.09466740026796137,-19.657406611895745,3386,0.9125181224323954,1.0308407894710914
full,low,z_rs_sec_63,-0.050252696222474566,-10.117362620796127,3378,0.9263379799072444,1.0671737843325613
full,low,z_rs_dist_high_126,-0.09373558007697391,-20.74254955921857,3372,0.8670314539090462,1.0828797819272529
full,low,z_rs_lead_126,-0.03529306636046507,-6.825589278188901,3372,0.9234020427680876,1.1701263639987804
full,low,z_rs_newhigh_price_not_20,-0.05978816821237709,-11.959985420039178,3120,0.9675360237848686,1.121631358208366
full,low,z_beta_63,-0.07352553494283143,-15.80423926868248,3378,0.8460373874743516,0.9922794343339405
full,low,z_beta_252,-0.13244893572891228,-30.103142210749812,3356,1.0459225823811138,0.9817283330946442
full,low,z_beta_shift,0.01603333113112308,3.326653506973114,3356,0.8294985622191575,0.9931995234592979
full,low,z_corr_spy_63,-0.07251704067273128,-15.0815525016799,3378,0.9090662280815832,0.9563534427402831
full,low,z_idio_vol_63,0.012819476414846025,2.6365818243597996,3378,0.8812863681358329,1.036970697954943
full,low,z_up_capture_63,-0.10487654710155554,-22.209414098480323,3387,0.8013240055610376,1.1076496496941837
full,low,z_down_capture_63,-0.017743953564640116,-3.7023601384281655,3386,0.989762871338155,0.9263337912554247
full,low,z_capture_spread_63,-0.05818459329258982,-11.932629681784528,3386,0.8567372660481745,1.1040510820390999
full,low,z_dryup_x_tight,-0.052515237781525684,-10.759363528063142,3345,1.0236446837160333,0.97326095319133
full,low,z_ignite_x_rs,-0.07949457816516234,-16.48353405439215,3374,0.8571894255073619,1.1082341045919761
full,mid,z_dist_52w_high,-0.07797882183428569,-15.78395466633112,2831,0.9806826210490929,0.9808997593277362
full,mid,z_days_since_52w_high,0.019253434642633998,3.6528053891856547,2846,1.062999375483317,0.9568098721851231
full,mid,z_base_depth_126,-0.09109844479934749,-18.787133563838534,2848,1.0086090184392273,0.9962860027694357
full,mid,z_base_depth_63,-0.11017117286005439,-23.49648845260745,2858,1.0181049139147966,1.0041366317098783
full,mid,z_base_tightness_63,0.0005755092606885803,0.10618204305149959,2858,0.9015275709346129,1.159466072789808
full,mid,z_range_comp_10_252,0.016718283487191066,3.081730715108033,2831,0.9016635956111663,1.1988209928241984
full,mid,z_range_comp_z,0.01926632653116586,3.5569572315716442,2830,0.8953347747330874,1.2009748758730592
full,mid,z_bbw_pct_252,-0.0065104182935608376,-1.2190669480440592,2828,0.8755202869911717,1.1066929316504044
full,mid,z_bbw_squeeze_126,-0.007659575085530945,-1.4458744687859246,2848,0.8794612907597569,1.0946520234238737
full,mid,z_nr7_count_20,-0.01926063320009399,-3.5629024889103076,2865,1.0088766751905665,0.9742738621838307
full,mid,z_higher_low_cadence,-0.011838923524711336,-2.1968458908923187,2856,0.9584892538185171,1.0358465733872382
full,mid,z_gap_share_21,-0.0070775967166719946,-1.332053880316733,2863,1.043439046694849,0.9900259881683323
full,mid,z_net_gap_21,-0.04829247319748428,-9.388123972566172,2863,0.9164491954309509,0.9823818480756739
full,mid,z_up_gap_freq_21,-0.030140461618812252,-5.829348813122128,2865,0.9671594525346849,1.0464027187150207
full,mid,z_clv_21,-0.07139913140502546,-13.867564318982188,2861,0.9778117069600484,1.0034427032088016
full,mid,z_clv_5,-0.15244751867122283,-32.44001519518356,2864,0.9878516994367544,1.0293903356058411
full,mid,z_mom_12_1,-0.009631828962770574,-1.8419772366678604,2831,0.9381068587145722,1.0554897559210714
full,mid,z_mom_6_1,-0.01184328710548868,-2.2462291133459162,2848,0.8463949623975373,1.0380766242679909
full,mid,z_ret_63,-0.06567747814563317,-12.725211106718817,2858,0.9275843956576018,1.054387954489035
full,mid,z_ret_21,-0.11552287110174961,-23.757499942103603,2863,0.8583605971992624,1.0195785524353738
full,mid,z_ret_5,-0.2285357999827601,-57.629709801300265,2864,0.9370627911694585,1.0090440116375419
full,mid,z_pos_in_20d_range,-0.19508740127271304,-44.03587612795669,2863,0.9667734662029732,1.0406003507089543
full,mid,z_up_day_frac_21,-0.07965571998487975,-15.498321678278247,2863,0.9630191536907503,0.9921582167374766
full,mid,z_up_day_frac_63,-0.04029795470718205,-7.487563048540219,2858,1.0208321932052407,0.9862052671689552
full,mid,z_pullback_21,-0.16224043005613387,-37.79462251281611,2863,1.0119671873149587,0.9862984094764244
full,mid,z_pullback_duration_21,0.06555450851381897,13.539916826089001,2865,1.1031003890780495,0.9555985340942279
full,mid,z_mdd_63,-0.006842457698579984,-1.300737896058514,2858,1.0189077188908502,0.9756385575734469
full,mid,z_dist_52w_low,-0.0634553907266239,-12.041269341230109,2831,0.8450208319554601,1.094575807233296
full,mid,z_days_since_2x_low,0.02808826925512616,4.58006500024492,1803,1.298880631095865,1.0421391049298883
full,mid,z_streak_now,-0.19940695236074765,-46.27097223629965,2865,0.9856256542508831,1.0514870454744971
full,mid,z_max_up_streak_21,-0.02139550698771048,-3.94116234700394,2865,0.9767052918373965,1.0009434490970037
full,mid,z_days_since_20pct_dd,0.002662452881447544,0.4863738585178783,2772,1.1695466409587594,0.899718296128735
full,mid,z_dd_from_252_high,-0.07994950402683773,-16.221060964389757,2848,0.9603314922597406,0.9843641394811651
full,mid,z_vol_dry_10_50,0.01705974296215281,3.1597844241604522,2860,0.9286962201922021,1.033528197256372
full,mid,z_vol_dry_20_250,0.021022250701960836,3.8607142991881775,2824,0.9400819225502541,1.03465712789894
full,mid,z_vol_ratio_5_50,0.026370184912217803,4.870450096434526,2860,0.9444849002512188,1.0087666574789735
full,mid,z_vol_z_1,0.06665448974114041,11.911435526311672,2860,0.9814680137903105,1.0144248072223243
full,mid,z_accum_dist_50,-0.037240122776182064,-6.89266363902158,2862,1.0131287399478803,1.0593648052269713
full,mid,z_updown_vol_ratio_50,-0.057248918783653256,-10.823249855706683,2860,0.9377080776496367,1.0498844986652696
full,mid,z_updown_vol_ratio_21,-0.0877280160693663,-17.133584503560243,2863,0.9366278248453629,1.0212349527773497
full,mid,z_ignition_mult_10,-0.025669325957515823,-5.053630267657222,2860,0.9489382338067783,0.9167851169638933
full,mid,z_days_since_ignition,0.02078679908142502,3.9477587693891176,2865,1.1330410929510701,0.9035247775295411
full,mid,z_pullback_vol_21,0.03910482808581967,7.250899933258863,2864,1.0469427462501522,0.9332262508179787
full,mid,z_net_vol_flow_63,-0.04756507656553501,-8.885931500109354,2856,0.9431760268176558,1.0412862432558623
full,mid,z_obv_price_div_63,0.01844771129048347,3.384096179299256,2814,0.989553782995438,1.045590793155175
full,mid,z_dvol_trend_21_126,0.008723410102278553,1.6086323237922355,2843,0.9142032035779207,1.044045111118582
full,mid,z_vol_cv_20,0.009186752996199976,1.6975141075038824,2863,0.9080950999814467,1.0369102226443854
full,mid,z_big_vol_updays_net_21,-0.049285186830806876,-9.136432282380433,2863,0.9080790961878054,1.0711118615756359
full,mid,z_amihud_21,0.003391825575640196,0.6296205011965864,2863,0.9916098651765064,1.1028090916613296
full,mid,z_log_dvol_63,-0.005260136618835002,-0.963822089683113,2856,0.990170660201715,1.008770987160743
full,mid,z_rv20,0.0026618518305741422,0.5014678582492098,2863,0.8946887994187265,1.1541380072529461
full,mid,z_rv20_pct_252,0.022879549217117448,4.31581656999772,2828,0.8623758433041626,1.1541682001561542
full,mid,z_rv20_vs_min_126,0.02129818954848654,4.0387565693583936,2848,0.8832687369871083,1.1269973856196709
full,mid,z_rv_ratio_5_20,0.04176785183518246,7.795619425642505,2863,0.9835604428599889,0.9606530885554696
full,mid,z_rv_ratio_20_60,0.022601415215606473,4.252673118096369,2860,0.8852319830370561,1.039352297715524
full,mid,z_vol_of_vol_63,-0.001521473819700372,-0.2842646798368519,2855,0.9305589663604903,0.9995391391370788
full,mid,z_comp_then_exp,-0.006637945009518965,-1.2300526190774317,2828,0.9237594983588746,0.9933440773028329
full,mid,z_dn_up_vol_asym_63,0.05342305034203952,10.11908521883442,2858,1.102684687618594,0.9113907773882896
full,mid,z_dn_vol_63,0.017198894669700197,3.2535781980045675,2858,1.0096660714538688,1.0488718263600958
full,mid,z_parkinson_cc_20,-0.018130476725066413,-3.347255685995522,2863,1.046384280719706,0.9652819789905566
full,mid,z_overnight_intraday_vol_20,-0.0041309141933994235,-0.7763648683535085,2863,0.9862265401917276,0.9707926889489661
full,mid,z_skew_63,-0.020130503230766,-3.79361620247338,2858,0.8709806979553958,1.0800404950632656
full,mid,z_kurt_63,-0.0018713695195929862,-0.3529341080351376,2858,0.9262321582347102,1.0014796522206204
full,mid,z_sharpe_63,-0.06747335419290046,-12.817786306709134,2858,0.9477368587298483,1.080901239066671
full,mid,z_sharpe_126,-0.06005944880062508,-11.352919318458758,2848,0.8881167858431844,1.0877188554244959
full,mid,z_sharpe_21,-0.116471296074533,-23.780214671693713,2863,0.9327936973668141,1.0280170934471669
full,mid,z_jump_21,0.009043883561220503,1.6850322792614087,2863,0.8880077060366877,1.036190293517236
full,mid,z_rs_spy_21,-0.11691848953150613,-23.672022548931658,2863,0.8421465738569871,1.0022636430988503
full,mid,z_rs_spy_63,-0.06674394396571813,-12.73512385023822,2858,0.89854881617186,1.037729379417347
full,mid,z_rs_spy_126,-0.06018990112889603,-11.390223589882993,2848,0.8473788464580346,1.0311627156692382
full,mid,z_rs_sec_21,-0.09526317650180895,-18.53544224029225,2863,0.9176794285036547,0.9728350126907068
full,mid,z_rs_sec_63,-0.0528637713657218,-9.942770674026782,2858,0.9636417468229073,0.9703704227562601
full,mid,z_rs_dist_high_126,-0.08194800043114839,-16.37023900256958,2848,0.9521991170766443,1.0173456879240044
full,mid,z_rs_lead_126,-0.014836438592078458,-2.8120889947416647,2848,0.9150461887455471,1.2048650792090154
full,mid,z_rs_newhigh_price_not_20,-0.0193542558511422,-3.218989987114277,2331,0.98932900825259,1.0121945948232312
full,mid,z_beta_63,0.0018981130238187342,0.3630939378965685,2858,0.9337044040480121,0.9618780404999544
full,mid,z_beta_252,0.0015400206311392535,0.2970920649110051,2831,1.1132163966847968,0.9294740256050605
full,mid,z_beta_shift,0.0010310570834168023,0.1948161324467166,2831,0.9304051417513657,1.0601110809216157
full,mid,z_corr_spy_63,0.019255109267227507,3.689300949646634,2858,1.085584448788786,0.9097398240511753
full,mid,z_idio_vol_63,-0.01880187032617069,-3.460690852742721,2858,0.8557382230746913,1.1325750518999287
full,mid,z_up_capture_63,-0.04628223341208831,-8.73400798164007,2863,0.931453877505912,1.017028454820666
full,mid,z_down_capture_63,0.03705854780462952,7.076804083634501,2863,1.0623158144827876,0.9436602510675784
full,mid,z_capture_spread_63,-0.06681682624993958,-12.77050330868014,2863,0.9095477651019439,1.0477912919487493
full,mid,z_dryup_x_tight,-0.053433776849347345,-9.949279915090381,2824,1.0458690922273028,0.9064315682661288
full,mid,z_ignite_x_rs,-0.07360451305532274,-14.267128096285575,2856,0.9058080570866107,1.0460345997056308
full,high,z_dist_52w_high,-0.08991472614445506,-18.335265350222574,2783,1.0829602173668975,0.9440416093659951
full,high,z_days_since_52w_high,0.01625488470075423,3.0020902780615617,2787,1.0658998049112047,1.071713755003564
full,high,z_base_depth_126,-0.10662281703137227,-22.519536627039066,2808,1.1067659301084856,0.9445248190251581
full,high,z_base_depth_63,-0.13016209243922927,-28.51627903620683,2810,1.1069292466907272,0.9520673592774507
full,high,z_base_tightness_63,0.04103013616797883,7.761199033675382,2810,1.014092715387916,1.0386131463917352
full,high,z_range_comp_10_252,0.02372891851633582,4.385523587499429,2783,0.8737885655461329,1.115111634778668
full,high,z_range_comp_z,0.026512719227826116,4.9283555665654815,2782,0.8777737636426529,1.1059876259208168
full,high,z_bbw_pct_252,-0.008408975149505999,-1.5591635920062523,2782,0.9445019544273073,1.0576788454421613
full,high,z_bbw_squeeze_126,-0.009463549328098148,-1.7733017135599678,2807,0.9341996812183865,1.0832588742722442
full,high,z_nr7_count_20,-0.008899878500996947,-1.6532544089188117,2819,0.9669331890319722,1.0102911389075893
full,high,z_higher_low_cadence,-0.016359809074107532,-3.040784311594898,2810,1.038456772790764,1.0118929204581055
full,high,z_gap_share_21,0.03173347458583185,5.82760862291807,2817,1.1521701726951006,0.9452718795238876
full,high,z_net_gap_21,-0.07160289192980528,-13.195686197357587,2817,0.9304081438082692,1.0852489713021278
full,high,z_up_gap_freq_21,0.004707403126920017,0.8536213800209123,2819,0.9971789972218873,1.0133980233116215
full,high,z_clv_21,-0.07265458192666774,-13.764886347540854,2816,1.0913058113228942,0.9795265820694901
full,high,z_clv_5,-0.15284569135107492,-31.28682650293579,2818,1.0462672424097195,1.0234078855128044
full,high,z_mom_12_1,-0.004667697695199806,-0.886705102461319,2783,1.0151587608308705,0.9359999378439899
full,high,z_mom_6_1,-0.010781796247737872,-2.042513709619969,2808,0.9774185656578614,0.9744374982729881
full,high,z_ret_63,-0.07554632353018398,-14.518745241109515,2810,1.0592165746804114,0.9963346381328734
full,high,z_ret_21,-0.12268515159495126,-24.44655640766846,2817,1.0491112931326303,1.0117840877801845
full,high,z_ret_5,-0.2403238800245347,-60.50944929605841,2819,1.0364946616689206,1.0216015574343333
full,high,z_pos_in_20d_range,-0.2004255630767946,-46.27012656859994,2818,1.084772685317027,1.0046373265141402
full,high,z_up_day_frac_21,-0.087589841681232,-16.93290651106182,2817,1.0581363185760626,0.9861853652358082
full,high,z_up_day_frac_63,-0.053291788329845255,-10.009398115099918,2810,1.0723027198908193,0.9592603982579644
full,high,z_pullback_21,-0.18621071474137035,-44.73587973184156,2818,1.0952202889495712,0.9806026230399022
full,high,z_pullback_duration_21,0.06120765264037864,12.385812457499762,2819,1.0240802507776692,1.0292124501722615
full,high,z_mdd_63,-0.041258029578274,-7.872459290675805,2810,1.0408044693188057,1.0563652320623154
full,high,z_dist_52w_low,-0.03251242313889056,-6.103764454398227,2783,1.0292578078106969,1.0035086842151346
full,high,z_days_since_2x_low,0.0194875711664752,2.940485342370092,2310,1.1183186349535101,1.1617541812889147
full,high,z_streak_now,-0.1975387552246223,-44.301765073986815,2819,1.0500080256580522,1.036377330780042
full,high,z_max_up_streak_21,-0.02476226670749284,-4.538753993826799,2819,0.988780968977133,0.9335849165308108
full,high,z_days_since_20pct_dd,-0.023495712624137154,-4.448417616512405,2801,1.0191810079983599,1.1026549796366758
full,high,z_dd_from_252_high,-0.09081449836638597,-18.671220506869236,2808,1.0500374988045529,0.9614341316866738
full,high,z_vol_dry_10_50,0.018749708809637597,3.4427084001394883,2810,0.9772935812797746,1.0031074221027483
full,high,z_vol_dry_20_250,-0.00022387747408309324,-0.041066389932330784,2779,0.9275261398854002,1.0521021298678126
full,high,z_vol_ratio_5_50,0.03089488601947472,5.664413735665222,2810,0.9777594324047106,1.0073569869683388
full,high,z_vol_z_1,0.08236150688568752,14.715500500793379,2810,1.0024777203793571,1.0101589131823498
full,high,z_accum_dist_50,-0.04950664909193142,-9.289767409041689,2811,1.0088299343001967,1.002020465259282
full,high,z_updown_vol_ratio_50,-0.06727516702083595,-12.562711659749537,2810,1.0630828009052282,1.0022114640916653
full,high,z_updown_vol_ratio_21,-0.09934401003714245,-19.373462861945377,2817,1.0358640192916815,0.9933369209424715
full,high,z_ignition_mult_10,-0.0377304228731574,-7.337512169334271,2810,0.9467783439245882,0.9539373167805344
full,high,z_days_since_ignition,0.0512263770443088,9.369319266256745,2819,1.11415632387196,0.8997277874881583
full,high,z_pullback_vol_21,0.0548071104329765,10.066559270604758,2818,1.055429625617248,0.925599165724008
full,high,z_net_vol_flow_63,-0.06268270067506208,-11.740781930228579,2808,1.109132450336426,0.9949829567816715
full,high,z_obv_price_div_63,0.013932501405558502,2.530697909707116,2761,1.0003045670738941,0.9847387556758068
full,high,z_dvol_trend_21_126,-0.008583322034142905,-1.5698253990255469,2806,0.9908003348327383,1.0591011529403704
full,high,z_vol_cv_20,0.010037578503246467,1.8125011620964708,2817,0.9436312798515801,1.0759527527922093
full,high,z_big_vol_updays_net_21,-0.06615963599137578,-12.438841605814282,2817,0.9327352231030358,0.981030984850741
full,high,z_amihud_21,0.015205743021671547,2.7199115435684793,2816,0.9009311065609805,1.0959899850495807
full,high,z_log_dvol_63,-0.01074245773093951,-1.9142110133969994,2808,1.0466599386265856,1.0023166846557818
full,high,z_rv20,0.045122951772150664,8.387575624502917,2818,0.9482831435003596,1.1024457993910866
full,high,z_rv20_pct_252,0.014866227989487377,2.7673142784500397,2782,0.8783295563425744,1.0846900139796256
full,high,z_rv20_vs_min_126,0.01618787313019711,3.0315447628307535,2807,0.8656740764043083,1.077434784759492
full,high,z_rv_ratio_5_20,0.043615514557119886,8.105207493270669,2818,0.9892859043897878,0.9834226709156368
full,high,z_rv_ratio_20_60,0.011217120475971952,2.093602940338115,2810,0.9417366361871793,1.0731574638009658
full,high,z_vol_of_vol_63,0.010453197490741953,1.9467520198118948,2809,1.0081344017098415,0.9925192006674157
full,high,z_comp_then_exp,-0.01166270967037248,-2.1397117232424336,2782,0.9678654991195687,0.961527235853596
full,high,z_dn_up_vol_asym_63,0.06701418652686564,12.721083150433946,2810,1.0720111542627069,0.9984436678347672
full,high,z_dn_vol_63,0.07026606096450132,13.372341539398729,2810,1.0633326939506482,1.0726086522315377
full,high,z_parkinson_cc_20,-0.030576911070103477,-5.676045014064768,2818,1.016437667053119,0.9799594190717406
full,high,z_overnight_intraday_vol_20,0.0232343001307484,4.333422170985038,2818,1.0640429730266727,0.976640220988529
full,high,z_skew_63,-0.02722747553845772,-5.049920501810255,2810,0.9865059047715203,1.1299961140499317
full,high,z_kurt_63,0.006328622154430935,1.1567110734740151,2810,1.113971025011151,0.9698329811641044
full,high,z_sharpe_63,-0.07753493710771958,-15.047391554716267,2810,1.0466090335144296,0.9930919189272497
full,high,z_sharpe_126,-0.062458962668491644,-11.948727966808155,2808,1.0557406521360455,1.0283844522941274
full,high,z_sharpe_21,-0.12304903690936511,-24.862999734814622,2817,1.075824950416167,1.022162430206233
full,high,z_jump_21,0.0029381090023435337,0.5410101012620748,2817,0.9548103557651612,1.0194122425231376
full,high,z_rs_spy_21,-0.12209980076147507,-23.62734745506282,2817,1.0331486479673342,0.989418574646229
full,high,z_rs_spy_63,-0.07734372057321527,-14.333597407129048,2810,1.0346539686586278,0.9805713146642955
full,high,z_rs_spy_126,-0.06272229775876922,-11.445314802599505,2808,0.9925442303582207,0.9926610827985525
full,high,z_rs_sec_21,-0.11165294074434026,-21.667932965491286,2817,1.0243294101893954,0.9717434796502122
full,high,z_rs_sec_63,-0.0688327700839589,-12.729158033798031,2810,1.101754747814279,0.9763287575320272
full,high,z_rs_dist_high_126,-0.09527074412804672,-18.893992566436964,2808,1.0517369419915346,1.0083568971224939
full,high,z_rs_lead_126,-0.008934011337717866,-1.7109817406745405,2808,0.9142121359125013,1.1226752889926412
full,high,z_rs_newhigh_price_not_20,0.07231278620278982,11.426190319793488,1892,1.0595992494698088,1.15711896052583
full,high,z_beta_63,0.08548983601123678,15.798384997267755,2810,0.9470788659589588,1.1867840062771084
full,high,z_beta_252,0.16409828425046413,33.832424699737416,2783,0.9966397524640723,0.9299699933293822
full,high,z_beta_shift,-0.024564486700583588,-4.333079278708415,2783,0.9493864937745772,1.2281126206416828
full,high,z_corr_spy_63,0.06702471623962994,12.507801297554265,2810,0.9642376076949414,1.0570561521311437
full,high,z_idio_vol_63,0.01067286792021659,1.9214966764231463,2810,0.9778360090565369,1.0671355606799144
full,high,z_up_capture_63,0.016671185790898806,3.0061400696018534,2818,1.0213815621831561,1.0483335675669403
full,high,z_down_capture_63,0.10156867594452806,18.715684849779777,2818,0.9876965840822287,1.2011717740967265
full,high,z_capture_spread_63,-0.08295902103204844,-15.413951340995498,2818,1.0760373078219614,0.9823655881645873
full,high,z_dryup_x_tight,-0.05524399560501061,-10.465494445678514,2779,1.0623837998835581,0.847667876178283
full,high,z_ignite_x_rs,-0.09089614538727833,-17.139627869804183,2808,1.026224443985036,1.0038963076977683
recent,all,z_dist_52w_high,-0.07825761542134796,-15.64735109469743,2805,0.9286653347153698,0.9189678859932615
recent,all,z_days_since_52w_high,-0.0003474528628838819,-0.06590883415231762,2801,0.8951976287495867,0.9696741258248595
recent,all,z_base_depth_126,-0.10195750402116749,-20.90143772965021,2819,0.9245775098174857,0.9970550808521779
recent,all,z_base_depth_63,-0.12918569908064603,-27.556019347693066,2822,0.9428727734535932,1.0084245018553788
recent,all,z_base_tightness_63,0.023538214995273123,4.270919896101799,2822,0.9912488053338692,0.9770215645394476
recent,all,z_range_comp_10_252,0.0299595047283831,5.457241374700477,2805,0.9298436612261037,1.0444681675016756
recent,all,z_range_comp_z,0.030139777721866805,5.522278255794158,2804,0.8914366064231436,1.038413568321859
recent,all,z_bbw_pct_252,-0.00909091339736277,-1.6721205376504495,2804,0.9362179429848875,1.0366787181246468
recent,all,z_bbw_squeeze_126,-0.005226577282933146,-0.9712597983385367,2819,0.9197658618669549,1.006916983343113
recent,all,z_nr7_count_20,-0.006910389231432933,-1.2708513520482334,2828,1.0200428622369377,1.0085446254194843
recent,all,z_higher_low_cadence,-0.02438133029801943,-4.46576697410057,2822,0.9635514479295282,1.083013769385348
recent,all,z_gap_share_21,-0.003680651117940587,-0.6624251612380101,2826,1.1270833703237801,1.0631693344766082
recent,all,z_net_gap_21,-0.059741911370379486,-11.0444781237935,2826,0.9411973528038223,1.0659554176382344
recent,all,z_up_gap_freq_21,-0.024635932997123,-4.5691776619124855,2828,1.0077389515869968,0.9693688308753917
recent,all,z_clv_21,-0.07682021597802671,-14.627754685135656,2826,1.0382668597731333,1.0308403078167245
recent,all,z_clv_5,-0.15058326610362766,-31.01152894203553,2826,1.0100459075090675,0.9986199034263966
recent,all,z_mom_12_1,0.012649790238273916,2.3366961478350787,2805,1.0562373761246768,0.9180542005105434
recent,all,z_mom_6_1,0.002370009053815526,0.4370676206306383,2819,0.9691416506533569,0.9766206075516128
recent,all,z_ret_63,-0.08039551104525397,-15.085067192063638,2822,0.874640089530056,1.0939110592486545
recent,all,z_ret_21,-0.1217604441553217,-24.077984393085917,2826,0.950390528744473,1.0104194932831496
recent,all,z_ret_5,-0.23880120585406447,-59.100873079344034,2826,0.981758609403476,1.0092244911302466
recent,all,z_pos_in_20d_range,-0.20365126546301004,-45.3973875709212,2826,0.980340584297506,1.0326871971180123
recent,all,z_up_day_frac_21,-0.08910916918623829,-16.960153979758356,2826,1.0101461723587029,1.026764514498024
recent,all,z_up_day_frac_63,-0.05469912579175999,-10.188618050116498,2822,0.9754398306578101,1.0411387234534077
recent,all,z_pullback_21,-0.1804309313514783,-41.822656626619896,2826,0.9945077819218838,0.9871921146028632
recent,all,z_pullback_duration_21,0.06685890545770341,13.45665618445021,2828,1.0557090165813805,0.9550724508758887
recent,all,z_mdd_63,-0.019311426994781247,-3.5742734609081874,2822,0.9312845985164928,1.0671424201502562
recent,all,z_dist_52w_low,-0.04157073713961345,-7.7123966997180755,2805,1.0229901182652712,0.9163571817716898
recent,all,z_days_since_2x_low,-0.0002654896228277246,-0.04157605034634743,2062,1.1063806795301259,1.2183268000744119
recent,all,z_streak_now,-0.21245507118641163,-49.57142202650534,2828,1.0007548041931784,1.0211699999644999
recent,all,z_max_up_streak_21,-0.030330639379661052,-5.521915670999139,2828,0.9410219646407849,0.9988899272380017
recent,all,z_days_since_20pct_dd,-0.0003238664326969764,-0.05922068338835899,2820,1.100882265243311,0.9717875529138459
recent,all,z_dd_from_252_high,-0.07997277297658925,-16.123946354938397,2819,0.9080113191179886,0.9263947058570589
recent,all,z_vol_dry_10_50,0.009058177710774513,1.6450448726772824,2824,0.9409104426415479,1.0300290415787456
recent,all,z_vol_dry_20_250,0.005478257630092554,0.9993015386112711,2805,0.9073827317895714,1.0772225914951041
recent,all,z_vol_ratio_5_50,0.02257816208832274,4.114400631721441,2824,0.9521292731734351,0.9937996651162898
recent,all,z_vol_z_1,0.07457105762121326,13.511532753140916,2824,0.9811878834035689,1.0097777490946036
recent,all,z_accum_dist_50,-0.048091062493382936,-8.844328096332278,2823,0.9534262612626119,1.0811327274955869
recent,all,z_updown_vol_ratio_50,-0.06437983753577108,-11.869379194873089,2824,0.9576467308120681,1.0749906267270242
recent,all,z_updown_vol_ratio_21,-0.09652687449036733,-18.438712070933835,2826,0.993956196906952,1.010780712637588
recent,all,z_ignition_mult_10,-0.034011524228466324,-6.531660091456833,2824,0.9462439850255598,0.9947286234871219
recent,all,z_days_since_ignition,0.03125790980781098,5.8314163158630015,2828,1.1557158132958585,0.9714210260140649
recent,all,z_pullback_vol_21,0.04219274092633182,7.59197275726413,2825,1.0522656360395886,0.9714423214079256
recent,all,z_net_vol_flow_63,-0.06142423536033432,-11.337049627566559,2822,0.9658748917186801,1.0656667105131703
recent,all,z_obv_price_div_63,0.017624690172341386,3.209959677690165,2799,0.9814104177569623,0.9875580841172473
recent,all,z_dvol_trend_21_126,-0.007197362109643619,-1.3185092269538279,2819,0.9137174514700376,1.0931903805165897
recent,all,z_vol_cv_20,0.019543601778484174,3.5833647009580907,2826,0.9821791825426253,1.053675264253684
recent,all,z_big_vol_updays_net_21,-0.053204652303236545,-9.708032410852201,2826,0.9356814472394319,0.9859019614608379
recent,all,z_amihud_21,0.015998643420576563,2.9010255428511864,2826,1.0432416057450455,1.0204493926650045
recent,all,z_log_dvol_63,-0.000858862445214117,-0.15549954569445348,2822,1.094622683344193,1.0299791807231187
recent,all,z_rv20,0.03264865865166697,5.998747746603544,2826,1.0079296839518888,0.9563597738645612
recent,all,z_rv20_pct_252,0.02856115343217298,5.2593268894239955,2804,0.9465895105712877,1.0066689621224416
recent,all,z_rv20_vs_min_126,0.0259371005408696,4.81924207683128,2819,0.9429861385511007,0.9907535329832379
recent,all,z_rv_ratio_5_20,0.05206239088474178,9.612132445348987,2826,0.970973487951464,0.9606317246897476
recent,all,z_rv_ratio_20_60,0.027921958285544234,5.150866468303379,2822,0.9588562169572316,1.02141089445224
recent,all,z_vol_of_vol_63,0.002564249730109626,0.4743852816147396,2821,0.9745222828910116,0.9448814178642533
recent,all,z_comp_then_exp,-0.007729101222105729,-1.4140802392317053,2804,0.9587797364635229,0.9758439422489321
recent,all,z_dn_up_vol_asym_63,0.06403066311120494,11.983838315195747,2822,1.072744690250113,0.9214718774951721
recent,all,z_dn_vol_63,0.04898016222511105,9.176330040227203,2822,1.0786308065203467,0.9136675179761566
recent,all,z_parkinson_cc_20,-0.028580748445622053,-5.23735460355345,2826,0.9147118164284289,1.0391984724746979
recent,all,z_overnight_intraday_vol_20,-0.005182863687047691,-0.9364541946821793,2826,1.0305446695640894,1.0469994261554731
recent,all,z_skew_63,-0.021150797022260092,-3.969385688876927,2822,1.005974058809648,0.9918969312500966
recent,all,z_kurt_63,-0.004690617830138872,-0.8693831946835456,2822,1.0057901176762032,1.0214420065720833
recent,all,z_sharpe_63,-0.08050765049630278,-15.18012862717788,2822,0.8864123220705237,1.0730994338646136
recent,all,z_sharpe_126,-0.049398343481237755,-9.214722959449267,2819,0.9599380262406945,1.0102779437981555
recent,all,z_sharpe_21,-0.11999740757646628,-24.030091096664275,2826,0.9711671063703438,0.9885023057450225
recent,all,z_jump_21,-0.0009235233182227587,-0.17194145351218978,2826,0.911963053312553,1.008562104508732
recent,all,z_rs_spy_21,-0.11961823583533521,-23.61162609904469,2826,0.9514937098573512,1.000203855023853
recent,all,z_rs_spy_63,-0.08036548392894573,-15.084981335582984,2822,0.8446576847785525,1.0771874317079073
recent,all,z_rs_spy_126,-0.0519108450113286,-9.688545488971334,2819,0.9240438910313109,1.0110217523339906
recent,all,z_rs_sec_21,-0.09900617592140395,-18.927399569234236,2826,1.024303663307305,0.9875736113578136
recent,all,z_rs_sec_63,-0.06159080614501243,-11.197396371474863,2822,0.9739683015902517,1.0285030937559543
recent,all,z_rs_dist_high_126,-0.08703618515117864,-17.08785216126275,2819,0.9510834149366809,1.031641474928736
recent,all,z_rs_lead_126,-0.0029631829067465593,-0.5533765298024632,2819,1.035386918718566,1.0139763811799563
recent,all,z_rs_newhigh_price_not_20,-0.005665044161531291,-0.9778645608420962,2470,0.9840214812700923,1.1277851393961502
recent,all,z_beta_63,0.01618929864779303,2.99716431984922,2822,0.9675303619196834,0.9710853058660555
recent,all,z_beta_252,0.018791020073772313,3.4064586620062216,2805,1.11716411680396,0.9355931051446003
recent,all,z_beta_shift,0.0029428286132094504,0.5401653273556157,2805,0.8997121456216955,1.1360640216346232
recent,all,z_corr_spy_63,0.01674419986085879,3.076457086598026,2822,1.0330134054260347,0.9640242186821846
recent,all,z_idio_vol_63,0.0050273949524392665,0.9129378872055375,2822,0.934604899033063,1.0115936481314212
recent,all,z_up_capture_63,-0.03629783358760458,-6.550986978676197,2826,1.0132922122900865,1.021213076731519
recent,all,z_down_capture_63,0.04654568685934605,8.644563591218946,2826,1.0248037753293635,1.0034962324660577
recent,all,z_capture_spread_63,-0.0706841691154464,-13.197355658531,2826,0.979276777836509,1.0273425841036798
recent,all,z_dryup_x_tight,-0.0513787767795094,-9.51894963715755,2805,0.9973323004307579,0.9075926747421275
recent,all,z_ignite_x_rs,-0.08254506655028464,-15.62110681209676,2822,0.9410428387036314,1.0586056233292993
recent,low,z_dist_52w_high,-0.11714683851027255,-13.52764046526867,948,0.8340313423228295,1.06872683300612
recent,low,z_days_since_52w_high,-0.004032147133129871,-0.4470597303553296,947,0.9559840750053292,0.9028606113467114
recent,low,z_base_depth_126,-0.14540846644029376,-17.490069830018964,949,0.802174471936815,1.1178667885484417
recent,low,z_base_depth_63,-0.1767683097216188,-22.438738526765583,949,0.7236279773975312,1.1787948635653582
recent,low,z_base_tightness_63,0.01870036477022042,1.9029616303948744,949,0.9766998525624465,1.0363241908705396
recent,low,z_range_comp_10_252,0.05888590387876491,6.253901925997287,948,0.9692054538100947,1.042551138275803
recent,low,z_range_comp_z,0.05149082191355177,5.46049545234199,948,0.9170362559598788,0.9895658387066174
recent,low,z_bbw_pct_252,0.006200334634727255,0.6596175098386223,948,0.8735866855653215,1.1433800182841214
recent,low,z_bbw_squeeze_126,0.008431728674525211,0.9047545531383059,949,0.889110558263819,1.0360296021601978
recent,low,z_nr7_count_20,-0.016476917440727337,-1.7714511089739715,949,1.0001573331672502,1.0715564703280538
recent,low,z_higher_low_cadence,-0.05869348573006261,-6.179616303629555,949,0.7660854321632625,1.213941511436809
recent,low,z_gap_share_21,-0.030153374494252393,-3.079852030137452,949,1.0715616034751565,1.1137398308280804
recent,low,z_net_gap_21,-0.07194903276426019,-7.343214359313932,949,0.9267880721323158,1.0962462567955658
recent,low,z_up_gap_freq_21,-0.04372266814980257,-4.873962199414106,949,0.8769073164657073,0.9655107953354015
recent,low,z_clv_21,-0.10806863527597078,-11.965204589297725,949,0.8937586687253876,1.1789866188032307
recent,low,z_clv_5,-0.17028930303779546,-20.634625777567994,949,0.934200894219579,1.0139862059689868
recent,low,z_mom_12_1,0.008911683098665722,0.8878621233534473,948,1.0427417601274263,0.9956652304294155
recent,low,z_mom_6_1,-0.0165479897829378,-1.6820531691279617,949,1.0457422286178732,1.0096142042271
recent,low,z_ret_63,-0.13371045559954403,-14.618573960114624,949,0.655690122448621,1.2741567190107055
recent,low,z_ret_21,-0.16986113187132584,-19.662868772382847,949,0.7518246750848796,1.142488853729476
recent,low,z_ret_5,-0.2635320206145006,-38.51817268871674,949,0.8560081067483774,1.0479216341277195
recent,low,z_pos_in_20d_range,-0.23596840093369645,-30.609314997070754,949,0.7829294214292745,1.1357344985078544
recent,low,z_up_day_frac_21,-0.13573756836566964,-15.455023287645908,949,0.7951204151286783,1.1682401089454326
recent,low,z_up_day_frac_63,-0.09819325807679744,-10.957962142084533,949,0.683362425473366,1.2108356737696535
recent,low,z_pullback_21,-0.2110091652253231,-28.15273429858208,949,0.8447907481390222,1.0659943039176223
recent,low,z_pullback_duration_21,0.0995654906012331,11.65797202421452,949,1.1551732398894152,0.7628460178230656
recent,low,z_mdd_63,-0.01674720932609571,-1.7269828298451946,949,0.9645843984588602,1.0338441270094632
recent,low,z_dist_52w_low,-0.09597925618076979,-9.951457447971945,948,0.9256444010775189,1.0100074488258752
recent,low,z_days_since_2x_low,-0.06291088640973462,-5.498778543435751,459,0.881647839774284,1.177605552521757
recent,low,z_streak_now,-0.24783760553031617,-34.46468834771566,949,0.9204814856051646,1.047816448344552
recent,low,z_max_up_streak_21,-0.056397082600267295,-5.9863650953888845,949,0.7615428281073178,1.1809923515648888
recent,low,z_days_since_20pct_dd,0.04032478074899922,3.9402759052847576,941,1.0220391277286773,0.9698627744634452
recent,low,z_dd_from_252_high,-0.11902409198375653,-13.786152266499782,949,0.8355682587678458,1.0738347981647538
recent,low,z_vol_dry_10_50,0.02779298675066461,2.9112187344501885,949,0.9445337486714568,0.9460906024223219
recent,low,z_vol_dry_20_250,0.01625893908073378,1.7400683641146897,948,0.8629474242622084,1.1464881258223258
recent,low,z_vol_ratio_5_50,0.033949400618443835,3.5753403842361773,949,0.953490943250944,0.9248054771477491
recent,low,z_vol_z_1,0.08791690605355174,9.332893018149303,949,0.9698611436460574,0.9803389303370079
recent,low,z_accum_dist_50,-0.09363190423865445,-10.080116019956264,949,0.7098091802525157,1.2531771149026052
recent,low,z_updown_vol_ratio_50,-0.10818710634218628,-11.908448272496859,949,0.7091210057191722,1.2436751156417538
recent,low,z_updown_vol_ratio_21,-0.1379940011646225,-15.727316617831436,949,0.8002380207553597,1.1744983142245768
recent,low,z_ignition_mult_10,-0.05643167450698599,-6.038778640280894,949,0.9588553191880655,1.1193974391075663
recent,low,z_days_since_ignition,0.02993779799870911,3.237576892018392,949,1.27092348366999,1.053642388928026
recent,low,z_pullback_vol_21,0.04548928283450684,4.8676631010964675,949,1.0157465865243105,0.9137322596620783
recent,low,z_net_vol_flow_63,-0.09502036926529586,-10.312725801968458,949,0.7368716764319294,1.2453633482918818
recent,low,z_obv_price_div_63,0.019531045310045122,2.0059075404457167,948,0.9554303932138175,1.0506754425550844
recent,low,z_dvol_trend_21_126,-0.010834774745208027,-1.16704944219777,949,0.7925739497703757,1.164504064378067
recent,low,z_vol_cv_20,0.022642548536704183,2.445815094295471,949,0.9307464392272298,0.9615207981520354
recent,low,z_big_vol_updays_net_21,-0.06625655969863861,-6.866318944894953,949,0.9519891307347748,1.0701588217814804
recent,low,z_amihud_21,0.010688066384202504,1.1248285336297774,949,1.0569021686443025,1.007309941663788
recent,low,z_log_dvol_63,0.01772365205927922,1.962292580900778,949,0.9900138321917891,1.0279295730391282
recent,low,z_rv20,0.03416911831384566,3.6219287548496633,949,0.9723621438780444,0.9798891522491114
recent,low,z_rv20_pct_252,0.0498916385294841,5.280553958235518,948,0.9732621806611895,1.0131207728799805
recent,low,z_rv20_vs_min_126,0.047262065521982234,5.0386566793255545,949,0.982203668225841,0.9539870172391889
recent,low,z_rv_ratio_5_20,0.047839804326401676,4.952712740874664,949,0.996869912600566,0.9498088359817808
recent,low,z_rv_ratio_20_60,0.05333994959478853,5.751253117770603,949,1.0062931675227702,0.951163687928352
recent,low,z_vol_of_vol_63,-0.02008111807190219,-2.105730552650257,949,0.9548290524420594,0.9274483918371459
recent,low,z_comp_then_exp,-0.008482339097207126,-0.8819874351041869,948,0.9651598621590113,0.968575050114804
recent,low,z_dn_up_vol_asym_63,0.09301302891308683,9.954614213650077,949,1.1521025235529616,0.808278938644305
recent,low,z_dn_vol_63,0.0479726033149959,5.097195585063625,949,1.0256324769570544,0.9699037939607439
recent,low,z_parkinson_cc_20,-0.04022412552237873,-4.236458239857005,949,0.9448224738221255,1.0427659636180382
recent,low,z_overnight_intraday_vol_20,-0.02290058556753101,-2.303259268034872,949,0.9688840040127101,1.0825200981274892
recent,low,z_skew_63,-0.026128264150072376,-2.8912476352150698,949,0.9472498096373072,0.902465792849297
recent,low,z_kurt_63,-0.0256970256164745,-2.7679277787822367,949,0.8770320933506887,1.026460255791479
recent,low,z_sharpe_63,-0.12769156283691865,-13.859952522243281,949,0.6951832796571012,1.2521783799310535
recent,low,z_sharpe_126,-0.08662474868756574,-9.026109433856117,949,0.9256710721715024,1.1004458109591562
recent,low,z_sharpe_21,-0.1673347842742754,-19.59262153921095,949,0.7760831681534718,1.1341395256123343
recent,low,z_jump_21,0.00021797975216696585,0.023335692728789704,949,0.9164206928415792,0.9505646466786849
recent,low,z_rs_spy_21,-0.16170249529140635,-19.604877960484412,949,0.7337317991744797,1.1482001246976716
recent,low,z_rs_spy_63,-0.12977441179573215,-15.535391843320202,949,0.5508342418084827,1.2713829013858384
recent,low,z_rs_spy_126,-0.0912360972161164,-10.596419150002268,949,0.8606557820315379,1.0815576137873957
recent,low,z_rs_sec_21,-0.12184656498755818,-13.934911745785211,949,0.8625562745396959,1.0830975989988965
recent,low,z_rs_sec_63,-0.09394316511756846,-10.216157467713087,949,0.7733736607998953,1.2515924178454612
recent,low,z_rs_dist_high_126,-0.13355949835783584,-16.23506060089729,949,0.75494160700293,1.1637804020665323
recent,low,z_rs_lead_126,-0.008855176177261209,-0.8934553831573079,949,1.0527840836689273,1.047723298276999
recent,low,z_rs_newhigh_price_not_20,-0.08012225130267486,-8.677205923325323,920,1.0581324251396929,1.243619539056372
recent,low,z_beta_63,-0.09086301515051755,-10.506962509013505,949,0.8545112817234738,1.0171458852076722
recent,low,z_beta_252,-0.16620219464515673,-22.778374042855887,948,0.8806024108313754,1.0706296660004044
recent,low,z_beta_shift,0.024129006698899353,2.645551949082527,948,0.9151333421319973,1.0000772332018664
recent,low,z_corr_spy_63,-0.06531819028658074,-7.159754982099477,949,1.0427987085853154,0.9387944911172657
recent,low,z_idio_vol_63,7.448986182437708e-05,0.008051441283009525,949,0.8534388904662102,1.0994653709992854
recent,low,z_up_capture_63,-0.12604525655792925,-14.398541361061413,949,0.6789661680339126,1.1037928299861908
recent,low,z_down_capture_63,-0.006949694492091993,-0.7674119663285691,949,1.1668714931724795,0.9055303846515483
recent,low,z_capture_spread_63,-0.08939286566805726,-9.835834411446884,949,0.8251795301630914,1.2251653701679392
recent,low,z_dryup_x_tight,-0.07947363389175179,-8.742955936983218,948,0.967182886936525,0.9982163333346569
recent,low,z_ignite_x_rs,-0.12356199735902677,-14.31883459555517,949,0.6918271641228322,1.2142661852851715
recent,mid,z_dist_52w_high,-0.04939748734218118,-5.33756599582634,816,0.86054315287232,0.7788680586621635
recent,mid,z_days_since_52w_high,0.011209425867688165,1.1405027967119457,817,0.9543844318256174,0.8836588486407267
recent,mid,z_base_depth_126,-0.06506976529257337,-7.108513488702359,820,0.9708915760434449,0.8765949267892169
recent,mid,z_base_depth_63,-0.08164509814926729,-9.305422306656972,822,1.0749566772788786,0.8285918260080603
recent,mid,z_base_tightness_63,-0.013460760738129312,-1.319425477786708,822,0.8398407323852064,1.0587335467717474
recent,mid,z_range_comp_10_252,0.014468145859311485,1.4333138649594475,816,0.8921557389429284,1.0939571079982637
recent,mid,z_range_comp_z,0.01646577801567536,1.6430775929613788,816,0.8673763155616184,1.084585341062058
recent,mid,z_bbw_pct_252,8.298207548303318e-05,0.008230466607108211,816,0.9180290373487214,0.9824364094257312
recent,mid,z_bbw_squeeze_126,-0.004640702466516372,-0.46614366792227196,820,0.8431715598719491,1.0234015048452352
recent,mid,z_nr7_count_20,-0.0019265978659001558,-0.18869635065447735,823,1.0464313699077723,0.9495810625180989
recent,mid,z_higher_low_cadence,-0.010197700885095095,-1.0148497235569036,822,1.0430879133684372,1.010481846902148
recent,mid,z_gap_share_21,-0.04171901777566581,-4.216821976249576,823,1.0155543106580132,1.1116512390633135
recent,mid,z_net_gap_21,-0.038838485157099915,-4.174845501325141,823,0.9723299411114533,0.867327520952163
recent,mid,z_up_gap_freq_21,-0.04717631016133292,-4.82927772013606,823,1.0267875659787464,1.0138246719314414
recent,mid,z_clv_21,-0.06469782969887207,-6.756639057783314,823,1.107380280881656,0.9194186989238962
recent,mid,z_clv_5,-0.14608699467723754,-16.66579864297918,823,1.0142860761159622,0.9683622782359549
recent,mid,z_mom_12_1,-0.009957146672105942,-1.0550512802003502,816,0.9002874734208108,0.948034049579557
recent,mid,z_mom_6_1,-0.009096446846416757,-0.9444858335549327,820,0.784424018018202,1.0046568670849414
recent,mid,z_ret_63,-0.05203286744727209,-5.4080508591616825,822,0.9731469031884739,0.9443945482216941
recent,mid,z_ret_21,-0.08718315991819965,-9.5070089203722,823,0.968951695306587,0.8200939829045742
recent,mid,z_ret_5,-0.21886882498182317,-29.680558220612525,823,1.0041925379811718,0.9460913176759908
recent,mid,z_pos_in_20d_range,-0.17935624988117727,-21.043578251883165,823,1.0630251460476068,0.9159930349634896
recent,mid,z_up_day_frac_21,-0.06757197365638716,-7.006988733106516,823,1.0810104412217523,0.8775247747319669
recent,mid,z_up_day_frac_63,-0.04221826558542057,-4.238652836045265,822,1.0964468834755723,0.972623842387935
recent,mid,z_pullback_21,-0.14049174905847098,-17.419824819244013,823,1.091054159460314,0.8454985264972423
recent,mid,z_pullback_duration_21,0.054497538155115786,6.019315957933449,823,0.9748580079504975,1.0472034164048172
recent,mid,z_mdd_63,-0.0033975820658724626,-0.34347696954011725,822,0.9615264496415058,0.941654779946818
recent,mid,z_dist_52w_low,-0.04337785759463558,-4.651543129382445,816,0.8947270625505505,0.8416237060386615
recent,mid,z_days_since_2x_low,0.04538449932150862,4.43798223497411,634,1.314086596738269,0.8725109166503345
recent,mid,z_streak_now,-0.19573109794671642,-24.546198481580152,823,1.007049489391214,1.0170565106956027
recent,mid,z_max_up_streak_21,-0.016680271469807828,-1.6886344108520512,823,1.0382974888411824,0.9073950120187765
recent,mid,z_days_since_20pct_dd,0.008429752670733525,0.8336940942355573,823,1.2522824594400703,0.8627498332755098
recent,mid,z_dd_from_252_high,-0.05155591702502802,-5.605840441812244,820,0.8431604894320387,0.8000855982858611
recent,mid,z_vol_dry_10_50,-0.002211644407109448,-0.2182543620155784,823,0.9126303402229982,1.1456984667494499
recent,mid,z_vol_dry_20_250,0.014368360574972022,1.3912657252458607,816,0.874238575103344,1.0372768945909583
recent,mid,z_vol_ratio_5_50,0.007795347879140856,0.7653364597994755,823,0.9136996130065662,1.09282054915545
recent,mid,z_vol_z_1,0.059447023591964965,5.8042966917125405,823,0.9709843280912045,1.0313742559004453
recent,mid,z_accum_dist_50,-0.025588463830037215,-2.519149300661277,823,1.114244161323197,0.9723905176706988
recent,mid,z_updown_vol_ratio_50,-0.043987160243969654,-4.380420144099767,823,1.0791151283676155,1.0233350339070613
recent,mid,z_updown_vol_ratio_21,-0.0739441731474694,-7.6262951057708666,823,1.0853390438443289,0.886565086469334
recent,mid,z_ignition_mult_10,-0.009629929986266434,-1.0304486625645302,823,0.9663186934075529,0.858194863071948
recent,mid,z_days_since_ignition,0.004267898955765946,0.4339786243386914,823,1.0029443343831583,1.063316578600106
recent,mid,z_pullback_vol_21,0.03260662470448156,3.086597600196737,823,1.0970007938505468,1.0360331553830258
recent,mid,z_net_vol_flow_63,-0.04581443972471916,-4.591354255459173,822,1.0190476176420715,1.037932784494123
recent,mid,z_obv_price_div_63,0.008013013539803174,0.796154485990578,813,0.918240568736214,1.0785088259568572
recent,mid,z_dvol_trend_21_126,-0.006132952514084404,-0.5984517610685609,820,0.899049744037826,1.0669234110404808
recent,mid,z_vol_cv_20,0.027606326842360397,2.7800615640259294,823,0.9705148734848987,0.9697112406823883
recent,mid,z_big_vol_updays_net_21,-0.040764514260506354,-3.9892788806297736,823,0.9569330452711312,0.9757753450120971
recent,mid,z_amihud_21,0.016055597165421664,1.6208682390602067,823,1.0755285228088967,0.9984487847059335
recent,mid,z_log_dvol_63,-0.010939008467419813,-1.0632884228513473,822,1.1398008968549902,1.0244132618053157
recent,mid,z_rv20,-0.00047810271783968477,-0.04745362318723248,823,0.8851041040944791,1.0603759599907452
recent,mid,z_rv20_pct_252,0.03522766188582246,3.5508609891473,816,0.9100650805788761,0.9996434667819721
recent,mid,z_rv20_vs_min_126,0.017155546893312706,1.7232434372797665,820,0.9222664060321679,1.085951559658619
recent,mid,z_rv_ratio_5_20,0.05343279139146635,5.493251888206645,823,0.9419419674029257,0.9435666312421636
recent,mid,z_rv_ratio_20_60,0.024454516431319216,2.46232201508608,822,0.8923577980016152,0.9980744309103592
recent,mid,z_vol_of_vol_63,0.00505212382555252,0.49596902777271434,822,0.959686569618787,1.0104375798289573
recent,mid,z_comp_then_exp,-0.010723215581347288,-1.0773740107753866,816,0.9304021053321878,1.009879652991607
recent,mid,z_dn_up_vol_asym_63,0.033524867774739404,3.368246846027259,822,0.9845951896482059,1.0515575603427763
recent,mid,z_dn_vol_63,0.0044847092735352465,0.4549770349553633,822,0.8800806084937578,1.0003855729697888
recent,mid,z_parkinson_cc_20,-0.025371572749475567,-2.5231194058704114,823,0.9090232144480141,1.0532751142537182
recent,mid,z_overnight_intraday_vol_20,-0.024000504460598454,-2.41510760508316,823,1.0109815692929223,1.0550049852644414
recent,mid,z_skew_63,-0.0017860116429578737,-0.17766977148840904,822,1.0089401779700335,0.9916981148391585
recent,mid,z_kurt_63,-0.00034811316912525166,-0.03483847087417422,822,1.021703463690439,1.07768041534065
recent,mid,z_sharpe_63,-0.053066386579889505,-5.453202617905925,822,1.0150861677781977,0.9522436185262355
recent,mid,z_sharpe_126,-0.0405330861787697,-4.19915153107849,820,0.8403549558464264,0.973691056767356
recent,mid,z_sharpe_21,-0.08526292526724519,-9.262490692188363,823,1.042408017640739,0.8264319687521255
recent,mid,z_jump_21,0.007241856735350348,0.7273300785519973,823,0.904146055283398,1.0005137945107816
recent,mid,z_rs_spy_21,-0.09102630456623863,-9.76149280205505,823,0.9372775540585265,0.8420500732096781
recent,mid,z_rs_spy_63,-0.057695320582001,-5.846887037818326,822,0.931542721205015,0.9277006798786445
recent,mid,z_rs_spy_126,-0.047711050373960055,-4.852162785014886,820,0.8406474988816155,0.9814703936854091
recent,mid,z_rs_sec_21,-0.07570601289896202,-7.6440815436206275,823,1.0591994521198431,0.8606080561913764
recent,mid,z_rs_sec_63,-0.04305110495851543,-4.204623149082864,822,1.037325002764234,0.8736601790920409
recent,mid,z_rs_dist_high_126,-0.05886365060855168,-6.095853359020371,820,1.0155084741430562,0.9384557844067072
recent,mid,z_rs_lead_126,-0.017439131840029806,-1.7674465754655668,820,1.041181421879387,1.0862551218755876
recent,mid,z_rs_newhigh_price_not_20,-0.01833064057479274,-1.6684892464563512,717,0.8794281165367062,1.0324781448138207
recent,mid,z_beta_63,0.0037673598057466795,0.4018253202984891,822,0.90319903242508,0.9399204286327832
recent,mid,z_beta_252,0.0011675513381450247,0.12159010261950015,816,1.2623781216374084,0.8956725057063638
recent,mid,z_beta_shift,-0.0019709416478782826,-0.20525284861011944,816,0.9161002493673899,1.0160813181106985
recent,mid,z_corr_spy_63,0.011373012684917366,1.174438408705359,822,1.0612810308494607,0.9770994492591248
recent,mid,z_idio_vol_63,-0.011872534964288717,-1.1526429028081324,822,0.8135522330206719,1.1057197234100669
recent,mid,z_up_capture_63,-0.03135696214128957,-3.1471171332177783,823,1.0728146737529265,0.9442011707707118
recent,mid,z_down_capture_63,0.03729716080947361,3.9148380044411115,823,0.945053915332549,0.9497398067969058
recent,mid,z_capture_spread_63,-0.056642394511646016,-5.8208880016188544,823,0.9895203117126457,0.9446667675510715
recent,mid,z_dryup_x_tight,-0.033908959648591294,-3.3102208869672336,816,0.966854032743723,0.8243108289322486
recent,mid,z_ignite_x_rs,-0.05688002288664094,-5.772523386258145,822,1.0370034147082727,0.9465618098529062
recent,high,z_dist_52w_high,-0.06546499392691915,-8.131783131211444,1041,1.0671226326580519,0.8813677707709168
recent,high,z_days_since_52w_high,-0.006087630730728061,-0.7031457727514012,1037,0.8095694913156873,1.080527277684643
recent,high,z_base_depth_126,-0.09149367775611637,-11.683335937580761,1050,0.9936922975380788,0.9750521642036636
recent,high,z_base_depth_63,-0.1234030886784673,-16.314240246380752,1051,1.0332208273238146,0.957067417773473
recent,high,z_base_tightness_63,0.05684390283203032,6.579450108544488,1051,1.074872882688984,0.878162650231883
recent,high,z_range_comp_10_252,0.015760390840391242,1.7432467816885826,1041,0.9382820690538365,0.9907855853736179
recent,high,z_range_comp_z,0.021406310285842646,2.3877933920700043,1040,0.9021845431525419,1.0262958184689588
recent,high,z_bbw_pct_252,-0.030227453628385383,-3.4154766783274284,1040,1.0221657829092086,0.9760604648504327
recent,high,z_bbw_squeeze_126,-0.018028624619209083,-2.052373709964162,1050,1.010169311109672,0.9619427847631268
recent,high,z_nr7_count_20,-0.0030967598892047104,-0.34887336794345825,1054,1.01609107707461,1.0031147119310817
recent,high,z_higher_low_cadence,-0.0044923748959402945,-0.5080232423474954,1051,1.070375030529658,1.0207520544063564
recent,high,z_gap_share_21,0.04985653127620339,5.5630873951284965,1054,1.1799002790000894,1.0198608526815303
recent,high,z_net_gap_21,-0.06507299445456953,-7.301910154608042,1054,0.9060865028332347,1.1763402991374903
recent,high,z_up_gap_freq_21,0.009375906879262654,1.0235198922895294,1054,1.0329773744253774,0.9684049687991317
recent,high,z_clv_21,-0.058150362082386636,-6.710115527633073,1054,1.106977110436915,0.976474023655789
recent,high,z_clv_5,-0.1363512000062783,-16.65542838646133,1054,1.0695047638047663,1.0082923392753158
recent,high,z_mom_12_1,0.033774656796601035,3.9308498762519872,1041,1.1389571828390395,0.8369805087971957
recent,high,z_mom_6_1,0.02842303261026255,3.2732093054538867,1050,0.9978425664584911,0.9524684159868205
recent,high,z_ret_63,-0.05443757636924999,-6.228092591841713,1051,0.9723335024677966,1.0241012682440798
recent,high,z_ret_21,-0.10545072146524913,-12.687650876779054,1054,1.07889126297085,1.00407433897915
recent,high,z_ret_5,-0.23209798597759448,-34.41310198467537,1054,1.06046998507095,1.009182667398827
recent,high,z_pos_in_20d_range,-0.1935239753891646,-27.132062421818386,1054,1.085062529950194,1.019429405366501
recent,high,z_up_day_frac_21,-0.063942908370097,-7.3083612349368705,1054,1.1266531639311874,1.005341317821535
recent,high,z_up_day_frac_63,-0.025187551625357008,-2.829919881868738,1051,1.1127861401803376,0.9438316019129749
recent,high,z_pullback_21,-0.1840848242175754,-26.937194402434425,1054,1.0450740640519873,0.9871183079886021
recent,high,z_pullback_duration_21,0.04787165802396498,5.848579777886805,1054,1.0253570122455973,1.040542937702178
recent,high,z_mdd_63,-0.034073199686641936,-3.969534608741866,1051,0.8977225584924795,1.1898840180910972
recent,high,z_dist_52w_low,0.009393610931773941,1.0816526272499902,1041,1.117446861346058,0.9012221914010721
recent,high,z_days_since_2x_low,-0.00045935532511768803,-0.04433771399132807,969,0.9927892913736462,1.2049068850048428
recent,high,z_streak_now,-0.19328568036952695,-27.353893254093705,1054,1.055085925320137,0.999844566665064
recent,high,z_max_up_streak_21,-0.01834483174459532,-1.9932045296998855,1054,1.0167124009782524,0.9077381766413938
recent,high,z_days_since_20pct_dd,-0.04252844924915618,-5.280875369468314,1054,1.1563153538174933,1.0985990574430085
recent,high,z_dd_from_252_high,-0.06687003025514016,-8.432098159003846,1050,1.0199426783918697,0.8867744304216725
recent,high,z_vol_dry_10_50,0.0009742706995224129,0.10813968165234501,1052,0.9659453004353694,1.015343161867899
recent,high,z_vol_dry_20_250,-0.011307919140541002,-1.2643837452601236,1041,1.0035277253039534,1.0285884097581737
recent,high,z_vol_ratio_5_50,0.023885149473371944,2.670215453450429,1052,0.9861235072726056,0.9818561086299615
recent,high,z_vol_z_1,0.07436370956397194,8.166517664498564,1052,0.9993317330108081,1.0159023152069138
recent,high,z_accum_dist_50,-0.02459094820572441,-2.7994369105142045,1051,1.043291180758033,1.000687827340266
recent,high,z_updown_vol_ratio_50,-0.040815270343627086,-4.540972561082398,1052,1.071862744214317,0.9563026900234359
recent,high,z_updown_vol_ratio_21,-0.07682408510833405,-8.858700935059693,1054,1.0862658857444547,0.948390598557605
recent,high,z_ignition_mult_10,-0.0328606967066178,-3.9237479825004624,1052,0.9226497530699928,0.9448560260073683
recent,high,z_days_since_ignition,0.05385679142603645,6.114448687627537,1054,1.1340595350673677,0.8388949828528818
recent,high,z_pullback_vol_21,0.046714066073268855,5.119503459183677,1053,1.0498633742051546,0.9819594153513472
recent,high,z_net_vol_flow_63,-0.04329723339712513,-4.83483985008359,1051,1.1077014107475818,0.9188837893485606
recent,high,z_obv_price_div_63,0.023411846657611552,2.6501922042373773,1038,1.0549876001711893,0.8682655415381959
recent,high,z_dvol_trend_21_126,-0.004741087135555939,-0.5285676033453471,1050,1.0151306713472321,1.0487052209049432
recent,high,z_vol_cv_20,0.01045771638842638,1.1392939757042466,1054,1.0306257904995622,1.1617164325158922
recent,high,z_big_vol_updays_net_21,-0.05116667648817996,-5.843767147143259,1054,0.913227368564568,0.9203062267381438
recent,high,z_amihud_21,0.020735706680075093,2.239527433860896,1054,1.0026199332817372,1.0382984737533312
recent,high,z_log_dvol_63,-0.009754130032760355,-1.0375072648645747,1051,1.1460573719924585,1.0185929884314562
recent,high,z_rv20,0.0571461998164643,6.48417708105547,1054,1.0663853652107134,0.8748334082329218
recent,high,z_rv20_pct_252,0.0038869507682990287,0.43801738792535894,1040,0.96213461825793,0.9867979508070289
recent,high,z_rv20_vs_min_126,0.01352136932555605,1.5508027739856727,1050,0.935396278647583,0.9473113328626082
recent,high,z_rv_ratio_5_20,0.05479426472423933,6.216290400893864,1054,0.9712181539396634,0.9784642760683886
recent,high,z_rv_ratio_20_60,0.007682722749578611,0.8558286117903188,1051,0.9710976976176794,1.0857122941995676
recent,high,z_vol_of_vol_63,0.021083698813590727,2.4778553475512277,1050,1.0085933398461533,0.9221686574009714
recent,high,z_comp_then_exp,-0.004693267738704542,-0.5264700012751727,1040,0.9732117885050258,0.9564504055617904
recent,high,z_dn_up_vol_asym_63,0.06172000528112763,7.235282800127673,1051,1.0698888940086437,0.9213157369530655
recent,high,z_dn_vol_63,0.08469037700331712,10.036146657152042,1051,1.1917134093183457,0.8213418136022006
recent,high,z_parkinson_cc_20,-0.020603126768284727,-2.3133723188994684,1054,0.9025591435491336,1.0106021057308243
recent,high,z_overnight_intraday_vol_20,0.02546328092510691,2.872402257880198,1054,1.060589214406989,1.0520652419414065
recent,high,z_skew_63,-0.03180183153937957,-3.647017809294537,1051,1.0512841819739431,1.0725705890923063
recent,high,z_kurt_63,0.01088078289096418,1.231646105716469,1051,1.0969247550485486,0.985364578041096
recent,high,z_sharpe_63,-0.059365106374558926,-6.953106539373361,1051,0.9580418585555599,0.9896462660348871
recent,high,z_sharpe_126,-0.022676107716683977,-2.648717209501636,1050,1.054708596069727,0.966903103291725
recent,high,z_sharpe_21,-0.10449770022757458,-12.906315218425707,1054,1.0798571065414049,0.9591121128792544
recent,high,z_jump_21,-0.00832712312646803,-0.9535657108386449,1054,0.9106717284152618,1.0797853749655733
recent,high,z_rs_spy_21,-0.10405200927997946,-12.086471523045098,1054,1.0716613533364587,0.9721939880058786
recent,high,z_rs_spy_63,-0.05348232667452919,-5.796103406047631,1051,0.9312897007530382,1.0224275761855708
recent,high,z_rs_spy_126,-0.019648147163993927,-2.128561709448623,1050,0.9646129822424457,0.9986133767526447
recent,high,z_rs_sec_21,-0.09663473848657407,-11.218416114995062,1054,1.1098766411056398,1.0030244247624056
recent,high,z_rs_sec_63,-0.046878385317557496,-5.119512077077027,1051,1.0606252492636463,0.9611803232010103
recent,high,z_rs_dist_high_126,-0.06698937952435617,-7.887153216999321,1050,1.0011903133483513,0.9932406278309301
recent,high,z_rs_lead_126,0.013667083511358835,1.672759423499593,1050,1.0024129993990911,0.9470896826817015
recent,high,z_rs_newhigh_price_not_20,0.08747044587227489,9.546395604036187,833,0.9830449854737058,1.2162672820483078
recent,high,z_beta_63,0.12256749039161684,14.152394415770667,1051,0.9310801604036548,1.0763548750666532
recent,high,z_beta_252,0.2010718251091389,26.372456998030426,1041,0.9731332532158111,0.7821377589905408
recent,high,z_beta_shift,-0.012498919986393275,-1.3221688403417922,1041,0.8554229173866893,1.2737775466420997
recent,high,z_corr_spy_63,0.09504327132474458,10.84204187045805,1051,0.9461605118019234,1.120213883120811
recent,high,z_idio_vol_63,0.022717261101386874,2.4850427701664506,1051,1.0377966849401685,0.8804659551981544
recent,high,z_up_capture_63,0.040650901894863034,4.391769155667276,1054,1.0254750067141298,1.062865663731023
recent,high,z_down_capture_63,0.10193340397657538,11.303999423943736,1054,0.9409397961302406,1.3011487426527875
recent,high,z_capture_spread_63,-0.06480355001724902,-7.191858092874406,1054,1.1021099886561643,0.9268475211257095
recent,high,z_dryup_x_tight,-0.03948775491248098,-4.482161952865383,1041,1.026818231000925,0.9127518604451244
recent,high,z_ignite_x_rs,-0.06558179210120646,-7.372140881998865,1051,1.0384507942864487,1.0028865774784985
