,2014,2015,2016,2017,2018,2019,2020,2021,2022,2023,2024,2025,2026
dist_52w_high,0.0012771284424581636,0.07328370994169016,-0.03502041140125869,0.05666428622661328,0.012578976528354721,0.05515173184559923,-0.002067088108001684,-0.0633725937855682,-0.01664679149253044,0.0298025487692852,0.06481938291856605,-0.033573203013650174,-0.054202450992508984
days_since_52w_high,0.03733919163443631,-0.05550892286129909,0.08268350975180287,-0.032667633409042586,-0.004247277577532013,-0.03631561659460844,-0.005467202338883312,0.0978002522685982,0.024903418509367354,-0.07120117549880164,-0.03676285097843388,-0.00668813800352951,0.0308760969162795
base_depth_126,0.013473722983449421,0.05368011881677378,-0.010221852513522514,0.056517955584438735,0.004179963038884973,0.025183007567149186,0.00943908238624802,-0.040516853419855385,-0.009960544594024881,-0.0005785334054382161,0.057238125260002465,-0.03690385048832011,-0.06728347827404539
base_depth_63,0.021364197330287635,0.02795843665798101,-0.02755083824857766,0.055789425954345606,0.0013985710180457903,0.016435418057989627,0.003990169576144147,-0.041887209616134305,-0.03100431652209214,-0.011042263663384939,0.05415578842716833,-0.046736370376606155,-0.061845160064172906
base_tightness_63,-0.09067425547889643,-0.03996212027631801,-0.005696000078546745,-0.050730308157804056,-0.002023630071822807,-0.08890589695692472,0.09600206496039833,-0.06073249927797718,0.02701011135765779,0.028145029189495893,-0.032790266940235145,0.09908618467105665,0.03251600471852776
range_comp_10_252,-0.03702791809028721,-0.02050650287377289,0.000683399422174329,-0.004472121050406155,0.007626368087426858,0.04907189967962194,-0.0797029791813882,-0.05048877461796304,0.02546214065185171,-0.014310982495077503,-0.02549195350189421,0.04957464904286526,0.005869919616962463
range_comp_z,-0.03283541842212261,-0.021115296623997814,0.002300807576146095,-0.017750552349802193,0.012143699644630307,0.050324525284169676,-0.056122527487287896,-0.04620413595171538,0.02433731348739638,-0.010690610537248419,-0.02561998303244852,0.0323671530698668,-0.019713238871233642
bbw_pct_252,-0.024320933841282383,-0.03399247229330163,-0.02666614630557154,-0.014602378229261255,-0.0025599552071086766,0.039760681524191495,-0.04736792975331649,-0.017720066478512493,0.015668557417747895,-0.026037257759973193,0.0023102917981096486,0.05232873652557286,0.01335191630906689
bbw_squeeze_126,-0.027386507671868923,-0.017155217973332287,-0.025077922768752415,-0.01719092283960804,0.0013863800092609104,0.03349560142272415,-0.030976469614259605,-0.03548899147703834,0.014973729395851326,-0.025213181789594696,0.008153558649538348,0.06837220938628585,0.005653853146679819
nr7_count_20,-0.008408649570058902,0.01226937223083048,-0.008753779991155708,-0.0072973520416701266,-0.005544877242467148,-0.009985431401923855,0.008219581472632489,-0.01207959185993261,-0.014974990613289992,-0.0019698279888303444,0.004827905115470496,-1.3158626848187706e-05,-0.0013579732233428526
higher_low_cadence,-0.013619834763997148,0.0028659811236263007,-0.026397666000407712,0.06493547913610373,-0.00077475393624388,-0.0014851070398120899,0.03703210014108605,-0.04823717110697072,-0.029067373866664928,-0.0069630857653137194,-0.00403632779596329,-0.015013084189428835,-0.043278269344097516
gap_share_21,-0.033806178879539205,-0.0030477372244247,0.037771372077978635,0.05046362684566822,-0.05869388913984893,-0.0276826053675368,0.025887176480754514,0.026794257486891224,0.01273028925868742,0.034529144953145983,0.012539025750414542,0.05888338835809392,0.0609618014985439
net_gap_21,-0.022649915436236692,0.0007088367851844118,-0.03692524034997991,0.005058300415458432,-0.04319059868496471,-0.042256025613953536,0.02346470103777393,-0.12218372080729335,-0.029382226092959304,0.007122721192500052,0.054973172211273444,-0.03187362541602025,-0.008226273229361196
up_gap_freq_21,-0.09172865708142752,-0.03287640058058205,0.029521623479611764,-0.015393341158175566,-0.0959909575950916,-0.08576983383162064,0.08711976923313568,-0.054692908560253876,-0.0007207379125740394,0.061423804160605486,0.005812885583634049,0.05339879932509465,0.04490590721272125
clv_21,-0.01808892052284607,0.031114734838745252,-0.018199566700618654,0.0006751950541787212,0.01230322941860137,0.02056750365043039,0.026260707183994363,-0.07710499439005776,-0.034653136468754286,-0.021179795334146583,0.03164371722521791,0.0022529470527582053,-0.0035553823975747407
clv_5,-0.01680040296450992,0.013908943674943292,-0.006909061185893113,-0.010592319925832162,-0.00825298691098446,0.007939412190395581,-0.0071757409598538924,-0.0303508184780393,-0.02445790392774276,-0.002187396760184109,0.022516858282068536,0.009519813775228392,-0.00665046383434133
mom_12_1,-0.06373830393070025,0.06559474125092074,-0.09741795817046603,0.028774397705103778,-0.02330878140173754,0.04593028928982623,0.005636594349128794,-0.11083336343908748,-0.0018980316312282822,0.07407942512192882,0.07783920992250314,0.019318549830621513,0.04717113828231745
mom_6_1,-0.05050776151697888,0.03089764277919543,0.0005844251870508551,0.017829696028600687,0.006779748253869764,0.0057574138281602195,0.07011559025436294,-0.10592781985837031,0.0014404339216718672,0.05169927333409565,0.004063706945816411,0.010410142821462071,-0.013950027137118333
ret_63,-0.01834074081355174,0.012090182350214146,-0.0626536709205826,0.05233407806205975,-0.004563879202174285,-0.03730092727200665,0.052995939149258764,-0.0649205811580317,-0.022533041610597555,-0.006587426656311602,0.01786000981170997,-0.028348275668264162,-0.054973333389647494
ret_21,-0.013543544659914492,-0.005859713834687651,-0.030766097350115526,0.003536948177499922,-0.016993844920465608,-0.03846213781925125,0.025813925983280216,-0.09347087579914663,-0.021945001030034494,-0.00729626424350578,0.04920487686653533,-0.0016767072379510139,-0.004233716048453399
ret_5,-0.017047226474005774,0.0017134782652724876,-0.007492889820065522,-0.021110307493979505,-0.022068325199153454,-0.009274112690992395,0.002357245093325026,-0.032679435678411195,-0.026839482276748355,0.0006687145003799415,0.027151215863379475,0.0015807248574017296,0.00474584569851605
pos_in_20d_range,-0.0148553937978072,-0.007384726152803711,-0.019482455624602376,-0.0046720338191097366,-0.01924166443726757,-0.011334429968398748,0.012952315670771456,-0.047285388574703185,-0.04520586701792146,-0.012675116393121572,0.04410854118819572,0.0026442656152626306,0.004252377156965198
up_day_frac_21,-0.006105752347585737,-0.005544163401952731,-0.01033529388083402,0.0031145777430213266,-0.03334667047885566,0.007730018604111058,0.03652849045373564,-0.06338030640863239,-0.05032069689006679,0.000834362102281731,0.023096561764023592,0.010909322389850826,-0.003950868036522803
up_day_frac_63,-0.019071129549933327,0.028466172217377433,-0.01715538761949764,0.07291512448197383,-0.0014039750232951054,0.020099903657295533,0.0303112439225275,-0.05930429304492073,-0.04606957672951736,-0.005943329120006992,0.015414626950370977,-0.0073373175837641675,-0.0330795548240139
pullback_21,0.02344322947089238,0.017185106439856605,-0.011585377131552698,0.01577494363054481,-0.00039993549441691753,0.0069254063138808365,-0.00608910582910377,-0.01689053473237413,-0.03758328435447488,-0.013613679073560061,0.05279818815424169,-0.03933404134965663,-0.025095530415959758
pullback_duration_21,0.011736917086338441,0.008785285394461566,0.03192076722474292,0.001293379392851282,0.016206000700725583,0.00935466914680006,-0.011662366945184124,0.0744146346619309,0.011356716517453515,0.013705371009110503,-0.029672450811133434,0.01552724372550382,0.02206926424067648
mdd_63,0.030980372860427565,0.07028993720909135,-0.029111073972517044,0.06930749218004648,0.032634213997200394,0.07147029612080394,-0.061852337035460586,0.017856405993047046,-0.0013509187136138993,-0.0009890746725970023,0.035236499595415256,-0.0786366396710935,-0.07003628174510906
dist_52w_low,-0.07288822899647016,0.014781101521921561,-0.08302479313720755,0.016280516788475592,-0.006787770167548482,-0.03464219680182534,0.09456835611658267,-0.10702178637624835,-0.03163182486545389,0.06876379298379592,0.0622401636168735,0.07096119796357472,0.03282120037390326
ceiling_2x_low,-0.0023254964001521252,0.010794746170151432,-0.0011385721685063953,-0.037592944990035085,0.012600123464858132,-0.01608488744471093,0.0711457685063721,-0.08103322104100344,0.013289070032255202,0.05138293722540766,0.04840232784403863,0.04547864817432429,0.03598704119359337
days_since_2x_low,0.05719739741464117,0.01396433981632275,0.03235819507608576,0.040890628279880346,0.01213032942038163,0.0340060434089297,-0.0875662145300489,0.03141393049928305,0.02553194000995708,-0.04267996347693316,-0.03417460332473436,-0.06598773198993535,-0.04437388582280522
streak_now,-0.009451077908024087,-0.0036427041160491903,-0.0017688084150061022,-0.011653885963048317,-0.017970678226635353,0.0036026051044574904,-0.005058884417131669,-0.010750563019500859,-0.02270287143440665,-0.00021382998362938485,0.009524365507756696,-0.0022394366185611607,-0.0034493938160471984
max_up_streak_21,-0.011853675353893315,-0.026148264539106115,-0.015424559730650761,0.009866652856699973,-0.02772827597612648,0.008511049906680179,0.01055363573986166,-0.04894051721098577,-0.052734073471200904,-0.007448181722269172,0.024116944049648332,-0.0013385823470235005,-0.036244030275562895
days_since_20pct_dd,0.05457324974666298,0.08140442195607431,-0.05539462108750946,0.08662942680046197,0.014086042294186392,0.11065988212089678,-0.049281635075125695,-0.01836633610758935,-0.05302530437710083,0.023542092063663474,0.07539005639921306,-0.057059550200965266,-0.04199933010008627
dd_from_252_high,-0.0039434772327979,0.07565650141071892,-0.03565517473919476,0.05681752581868378,0.01211537888466062,0.05296483078631798,0.0012282007916748635,-0.07622516627504664,-0.013530916666823411,0.02965377022886721,0.06613441715002343,-0.03447433073532211,-0.04834745916885362
vol_dry_10_50,-0.005335341869962253,0.026195755104913572,0.008227480135942183,-0.010237878687584022,0.007039851924148806,0.019802262351552524,-0.03323924376633703,0.006770382282595017,0.008919526662306967,-0.005622191982081613,-0.00746762712907004,-0.0002111857127495571,0.009596698760703131
vol_dry_20_250,0.0014561567912491824,-0.006168001408403987,0.024732060895699143,-0.006838078683989051,-0.016440369224953587,0.0363195326285003,-0.01217835408459539,0.03278170206891282,0.015551774199780283,-0.031129244603217334,-0.027272267799869767,0.0189428390038583,-0.0006690874139512177
vol_ratio_5_50,-0.010751632803799809,0.027438268359399314,0.0002957863664258293,-0.014614420370523367,0.008094899692516545,0.016596652847695507,-0.030437293207327423,0.006845352410730147,0.011801213326355706,-0.004846215347968779,-0.004572970567596885,-0.001120136018689466,0.009732540259127476
vol_z_1,-0.011297159291552235,0.027268441905336258,0.008744740917784686,-0.010525867947271556,0.011378137458278825,0.020233068679934057,-0.024544243481763536,0.0013213786631995148,0.020377791974941613,0.0026209805208667683,-0.008835952017602653,0.0018098756790366967,0.015040495462171335
accum_dist_50,-0.011156286778982056,-0.010904067415684445,-0.017459466073144168,0.05012666506596998,-0.01917054572803885,-0.01095590490748073,0.03638750050959181,-0.048993771867612064,-0.034734951386381926,-0.013954093327379225,0.027349829045387283,-0.041608176332368414,-0.062170609661877534
updown_vol_ratio_50,-0.003474033671185425,0.019684705498848053,-0.04207077613263836,0.05994102595727793,-0.011977185267467712,0.0058389204115830455,0.044162196844931056,-0.07453274058006577,-0.04788610681700283,-0.021759246887570388,0.03787089686695201,-0.018964532909702087,-0.06426910046791226
updown_vol_ratio_21,-0.010464415852082503,-0.004955679098855919,-0.01692845050409021,-0.0009120688040831737,-0.022075177829954568,-0.003664859037026475,0.040256307669251694,-0.07602242951266876,-0.039522820779612666,-0.0021881433834202127,0.04058178328122737,8.445483000444148e-05,-0.018518322687273787
ignition_mult_10,-0.009078989927091621,0.01203898744393351,-0.027885757587150593,-0.005866840649293094,0.01186237054296993,-0.008876860906507265,-0.008163953090944047,-0.03113799241957941,-0.006236620840732482,0.003473119606963896,0.0039041992096774756,0.022934705513420847,-0.012616310326079818
days_since_ignition,0.03390770361779863,-0.015240554622571314,0.04820058836861859,0.0002579711459584845,-0.009542156760878122,-0.0024550887912331565,0.0027289674361580364,0.03691490360760439,-0.01614984730441569,-0.005637773429759848,-0.016420560206988594,-0.020808176106145566,0.0490069954654306
pullback_vol_21,0.011871152103813419,0.006709550485989294,0.015514203234612568,-0.0013772595177404296,-0.014961748351606378,0.023038270708124642,-0.015220712065490834,0.036410937545278875,-0.0228591553408068,-0.0001190531980998882,-0.04533677320706061,0.020768209169074393,0.03800090725179113
net_vol_flow_63,-0.025511884397652933,0.019171094602157813,-0.03572890769002376,0.05167628556766172,0.0005279800291174413,0.0062368016183121065,0.03269548390175443,-0.05812102133482228,-0.04598433044704649,-0.015505249883997561,0.034020142028613753,-0.019347213669958587,-0.0553722140260004
obv_price_div_63,-0.03804435438324697,0.018351940240230815,0.02928377771514432,0.015920170780529232,0.011119110446129236,0.025804479631700825,-0.026071511030311013,-0.03034394149939524,-0.021605983933680913,-0.0052905923142186895,0.015904338823867162,0.021564516558817724,0.01459007288135545
dvol_trend_21_126,-0.018020940699645573,0.015804207468603185,0.02491177528665191,0.005921665923292529,-0.0062579104203814165,0.026358151899775223,0.0034483514963533266,-0.024313582637802655,0.0034499018967289515,-0.03396067022436522,-0.020268626830597748,0.0076560722490917645,-0.00866996985038969
vol_cv_20,-0.012205213808922002,0.0031630554747971514,0.029140944640755652,0.03935364144378614,0.02478399234444267,0.013642328715403093,0.01675358143920057,-0.010441746828298383,-0.001295972577652651,0.007018467482194849,-0.008553368887405509,0.0116269122601293,0.02660443803890363
big_vol_updays_net_21,-0.008252026988567081,-0.014462158838090483,-0.01999389173007907,0.010559434633949339,-0.013425999619618881,-0.0010509187440603234,0.01992252442474428,-0.05021829243699518,-0.0011055182773161312,-0.013082768416616963,0.04732324263858819,-0.01196811632116076,-0.04001257561684262
amihud_21,0.028372816788355276,0.026936440341679913,0.054451998505652355,-0.024338669043518727,0.06261758947649818,0.005315200853556002,0.015651683321691912,0.027572394053467664,0.05907768494195382,-0.025541331100402305,0.011701167596694914,0.013147955280722465,0.019704051972480853
log_dvol_63,-0.05016895882432833,-0.04928912748404348,-0.053742498104766716,0.0023540584643847724,-0.07136341067527556,-0.029874735859281153,0.0021132364033880843,-0.044000471021902174,-0.055115919647142644,0.04023774778748552,-0.0242809560354021,0.027161210357161573,0.004824272430414427
rv20,-0.08599902943557451,-0.0634936628609356,0.003900859768427024,-0.050271099348365794,-0.034242241063583895,-0.06545083100577825,0.057335530272836145,-0.06611591062640569,0.01138631778157733,0.04027787182701488,-0.04000724867465621,0.09797665406422237,0.058020933121889676
rv20_pct_252,-0.024079244459167082,-0.026321631899512383,0.014305002378648114,-0.014391912217698859,0.006629851980091947,0.029736422255935268,-0.08520556867298724,-0.011844958307254566,0.03582858671282094,-0.016251451411943157,-0.0200509937439179,0.06909912303867252,-0.014005334627426752
rv20_vs_min_126,-0.019675293926692254,0.0014764030398559122,0.0171263636485898,-0.012946190687374922,0.013631844790217597,0.05520327394873458,-0.07920007931133825,-0.03867623866570384,0.004124803391434746,-0.01972675050060337,-0.020588617898107116,0.08514279438882348,-2.4365795205477958e-05
rv_ratio_5_20,-0.008335742959669615,0.010207113182432248,-0.009499494989172665,-0.0021161727936210573,0.020048255161294694,0.0018360979608035314,-0.0030526398354064287,-0.01419230346496555,0.006109597663103198,0.014766911376850406,-0.0032087700191663973,0.010566484652887407,0.002531344610668666
rv_ratio_20_60,-0.010709396602002342,-0.006523587219194765,-0.0009854725254980824,0.00733012892004055,0.03229796798074925,0.02122745344218658,-0.04320795649257123,-0.0211849644158569,0.049832230029274,-0.009254490679498933,-0.03223539990551181,0.03792745975626,-0.013577822444676042
vol_of_vol_63,-0.03934616636133365,0.05080929832874901,0.07905045662158273,0.04314374622109545,0.01945993757339772,0.01635291591350344,-0.022093111349110305,-0.03350609528417066,0.0040352973619841685,0.0063103976835187335,-0.002050960814519155,0.047503910795867015,-0.012932073422149488
comp_then_exp,-0.009790923210327098,-0.01292403820280821,0.011730114197735843,0.008214019423847644,-0.011245864393416002,0.01903099014434528,-0.01493745926659202,-0.006434052203877087,0.008003805400880649,-0.007758544589503898,-0.01479309980064064,0.015100821521643463,-0.005956443310218045
dn_up_vol_asym_63,-0.0014541277035495309,-0.009521287563805922,0.1054303127370131,-0.018624281606649886,-0.004356663119589313,0.02834742342294235,-0.027543305948239276,0.021818913563414286,0.013846368787168833,0.008526680969082103,-0.018083773999826396,0.015630071847121983,0.08062745884812449
dn_vol_63,-0.09776842019528138,-0.06904237809572432,0.06067266215546001,-0.05974772655976462,-0.05546988642397261,-0.06494049973494927,0.07043153843245385,-0.053948861117059786,-0.004753094072907632,0.04676088260895434,-0.03017774488259868,0.08206145853372787,0.08378951404771544
parkinson_cc_20,0.005459718269809163,0.051083275022731085,-0.019964664383137033,0.015870629937764048,0.004061844663933193,0.019593475381108345,-0.026881532901622606,-0.02416621318131834,-0.016422441234533444,-0.028199362126519214,0.009641964313525545,-0.07730121422035496,0.018777934848103407
overnight_intraday_vol_20,-0.03259339800642688,-0.016358667728540225,0.03473035881124537,0.03419154610173,-0.03498452790053442,-0.03498277866786341,0.021259996675585095,0.03202814731965241,0.031030155951879412,0.026306248017392814,0.010504726528332682,0.04576187434527555,0.04783104518473906
skew_63,0.007727280452748722,0.008141848745305255,-0.10653181574346908,-0.026359057296268248,0.016126854986334774,-0.032988469757798275,-0.00040423238346945755,0.019731281693852354,0.0059819777020371405,-0.006691505682151873,0.0257612360846623,0.001996378201368464,-0.047018147276274555
kurt_63,-0.02823883228522115,0.020418828699739513,0.07112151117543325,0.022736664215965173,0.003845881803347193,-0.003851215844581305,0.012633390662721882,-0.005737679559493075,0.012197959746695724,0.00914159003464799,-0.0044654335518932615,0.02286359654946045,-0.02311219842930569
sharpe_63,-0.011121590767348371,0.010342803269923522,-0.07268967069710593,0.06758763050375531,0.004018024328955786,-0.011560990634374812,0.043183107010722394,-0.05401678423025916,-0.033897907241485184,-0.007049997781998511,0.014592114102425596,-0.023292894144110912,-0.06775182553252682
sharpe_126,-0.03377037654331808,0.024037845014536582,-0.03292387012884967,0.0248820629640499,0.0054439938128606575,0.011535735086244739,0.05013036932471973,-0.11678772563069087,-0.018950260661276815,0.05118542781354165,0.028870355821441717,0.03632123078428563,-0.029015016961974522
sharpe_21,-0.0077177107907232005,-0.008590927504763864,-0.040128433261854196,0.005817025851341925,-0.014229863685243352,-0.022149297042307066,0.024335223639328583,-0.08543228014707703,-0.03681941873168054,-0.008127624493912125,0.04432998208421705,-0.0010772056383272263,-0.002793322173762289
jump_21,-0.01731481308122567,-0.003923524053398141,-0.0002095479734619416,0.023036713484850296,-0.02008852270925796,-0.010424968684373436,0.04606735663474423,-0.011958784293226336,0.009813429212751839,-0.005858294344452362,-0.01769143951829111,0.03414253775158624,-0.019952310043336863
rs_spy_21,-0.013543543039146438,-0.005859713834687651,-0.030766097350115526,0.003536948177499922,-0.016993844920465608,-0.03846218857067121,0.025813925983280216,-0.09347087579914663,-0.021945001030034494,-0.00729626424350578,0.04920490044093147,-0.0016767072379510139,-0.004233716048453399
rs_spy_63,-0.01834074081355174,0.012090129417005236,-0.0626536709205826,0.05233407806205975,-0.004563879202174285,-0.03730093643676771,0.052995939149258764,-0.06492054779752747,-0.022533041610597555,-0.006587426656311602,0.01786000981170997,-0.02834829199012667,-0.05497333242218682
rs_spy_126,-0.05457139336335225,0.03327270354222362,-0.004711713679597674,0.014131435465677912,0.004162032791586766,-0.006825297974822855,0.08574162655794303,-0.12858114177381436,-0.0008710186870095534,0.05354053440204523,0.030066126762520223,0.01637060682763242,-0.02036829653273105
rs_sec_21,-0.02344645705039931,0.026318959969925268,-0.0343144447224814,0.029970419170789825,0.008360273042658671,-0.018132634057707462,0.011360829039686387,-0.052641310990512696,-0.0037626329977207525,-0.0029282514528993554,0.06472343786749049,0.027048113068321722,-0.0037895566742422574
rs_sec_63,-0.012401792520084007,0.028719321017366316,-0.0565732599242291,0.05034227957808598,0.017116915991206086,-0.019445559533019827,0.028121683356795737,-0.046689816287058615,-0.023322898578744356,-0.014456080446148682,0.04526391762214898,0.0059474170980466515,-0.03451870861994716
rs_dist_high_126,-0.023220228769799123,0.04079262029666952,-0.011281225888653587,0.04631951266322922,0.00247749180212583,0.0033188561736352882,0.04897724292863562,-0.07271527106474633,-0.025872620301368093,0.019754711767263948,0.0402956409491118,-0.006901026918312816,-0.04717416874620801
rs_lead_126,-0.06557810970349505,-0.06529771036527285,-0.026055321377727408,0.01084431530489035,0.006677901149343601,-0.04112401513968348,0.04141893717577639,-0.09016377742404706,-0.019311485735240164,0.09321095825525974,-0.01364284707725818,0.10722895308727033,0.08178591992058047
rs_newhigh_price_not_20,-0.015183631331975277,0.011402523868678223,-0.013063388957015618,,-0.03070809119921753,0.008165860978477844,0.026214308231313113,-0.02530308075162005,-0.004586352048161907,-0.014575118495054773,-0.0035655473703065568,-0.052923602077325035,-0.0111634387475577
beta_63,-0.13741907350588659,-0.0498271001854228,0.04912083932196339,0.012697190207811541,-0.08876645424324539,-0.08915878748947802,0.036392741145069865,-0.0034815442378172954,-0.019684574737578397,0.1227019720874425,-0.003307216837457842,0.09483504216985687,0.060673506908350924
beta_252,-0.13199108810688917,-0.07500112665722908,0.056894665937095454,0.04934609815785846,-0.10212770190373797,-0.06790934777569735,0.09925091189569699,-0.01301439022070705,-0.02461383756290375,0.10559046838885885,-0.0016886570217776256,0.09434050336624657,0.09676861360509394
beta_shift,-0.02199311241837476,-0.015785487261499153,0.0310797295607856,-0.047516860318860814,-0.031420216275656596,-0.08796502074134478,-0.1348684858699496,0.03548216380187006,-0.003434572609529034,0.03534334788852801,-0.00556251083970454,-0.005690880303046406,0.011475051731282174
corr_spy_63,-0.05515710195868281,0.032368513064426084,0.06664956952407106,0.08058805328565297,-0.07179782823672437,-0.036711756542346395,-0.02492686640166229,0.029134558554451233,-0.017033900704130973,0.12218493674878922,0.012926775357792738,0.07387966701722765,0.07349985243707043
idio_vol_63,-0.053469415553080914,-0.059191686514073805,-0.010036001502995988,-0.07360249069875471,-0.02499385832179321,-0.09091708760532069,0.06301648334300367,-0.07011916130331194,-0.019662531791599,0.011736889702186051,-0.032733691756101836,0.026942160617499822,0.042915696842583194
up_capture_63,-0.10601760430934254,-0.039951649673716325,0.018611136290284026,0.058973497334992984,-0.040972427793114885,-0.07249044926641686,0.062247769494376624,-0.028323752560423673,-0.028943450772625463,0.10172216186300055,0.02450470020840356,0.09910054187583704,0.03587884581405915
down_capture_63,-0.09139658562061646,-0.05145254489769178,0.07259931657145685,0.004884235313093385,-0.026418381736353608,-0.05352065818127866,0.02886566167426447,0.033035173995911694,-0.01748365114329785,0.0848400893101109,-0.010827133872197846,0.06017399131890461,0.03606674827268025
capture_spread_63,-0.002288104032507659,0.013254250066906347,-0.06389687579706713,0.028363793384835,0.0067765604317548975,0.003957438651449735,0.061310769150166165,-0.07768170398395284,-0.03536087186989997,-0.01392671974231587,0.03136604841879196,0.008297704793669012,-0.022944333129744216
dryup_x_tight,0.01139329682738502,0.049259479572575524,-0.02545573586707222,0.03144376085427056,0.01081317127989542,-0.01596024791401452,0.03977408502635632,-0.025234222159517247,-0.02454195253471269,0.03250649058555774,0.05491309259550345,-0.049000885191501725,-0.025764822070641773
ignite_x_rs,-0.011789662472037847,0.021993945830494424,-0.06155743214553065,0.05397022067586718,-0.0027053717158021977,-0.019242768814572573,0.04584725357101488,-0.07899721315619279,-0.04145378633224361,-0.011984236818248844,0.030776429209954395,-0.016660548500996603,-0.05836170876239318
