factor,window,component,ic,t_nw
comp_bucketed,full,raw,0.013403412391274776,0.8205883493604919
comp_bucketed,full,persistent,0.01530722724564251,0.6566985269452155
comp_bucketed,full,deviation,0.013971484854026968,0.8497830186213087
comp_bucketed,recent,raw,0.04408520269017711,1.4777001385729678
comp_bucketed,recent,persistent,0.04874971682661473,1.3327450013284476
comp_bucketed,recent,deviation,0.031104311911196038,1.2138140818509127
z_mom_12_1,full,raw,-0.004963506339665754,-0.3372701355005518
z_mom_12_1,full,persistent,0.006260645643779901,0.45264605504473454
z_mom_12_1,full,deviation,-0.0010099331908377204,-0.07280442531122336
z_mom_12_1,recent,raw,0.02563487085368423,1.2549890882677492
z_mom_12_1,recent,persistent,0.029787228543204907,1.4577488083768546
z_mom_12_1,recent,deviation,0.022702003237368453,1.107732915721876
z_rs_lead_126,full,raw,-0.01719870940303922,-1.5397195556611443
z_rs_lead_126,full,persistent,0.02069237308382333,1.6968237701715836
z_rs_lead_126,full,deviation,-0.020332788516856312,-1.8070394780312096
z_rs_lead_126,recent,raw,0.01322613915625444,0.6660940214303689
z_rs_lead_126,recent,persistent,0.042741557948758814,2.011162364197738
z_rs_lead_126,recent,deviation,0.006601524562216657,0.33178766769376544
z_vol_dry_20_250,full,raw,-0.00017823712885577906,-0.02709394809098623
z_vol_dry_20_250,full,persistent,-0.005476352388813373,-0.55483329583597
z_vol_dry_20_250,full,deviation,0.0012340215223957678,0.18285607877213644
z_vol_dry_20_250,recent,raw,-0.005043692338982264,-0.4912556168686096
z_vol_dry_20_250,recent,persistent,0.007113671340831341,0.5690030012075551
z_vol_dry_20_250,recent,deviation,-0.006736739679453742,-0.6596172720134017
z_rv20_pct_252,full,raw,-0.006708863428905843,-0.6646651274861153
z_rv20_pct_252,full,persistent,0.011094103521712109,0.7269756942783845
z_rv20_pct_252,full,deviation,-0.007768789547981052,-0.7604477835059202
z_rv20_pct_252,recent,raw,0.00393404180065579,0.2644241103737098
z_rv20_pct_252,recent,persistent,0.04439289688040241,2.829494115305064
z_rv20_pct_252,recent,deviation,0.0013534126625230412,0.09160279472665618
z_obv_price_div_63,full,raw,0.0026225139750958876,0.37647934435677577
z_obv_price_div_63,full,persistent,0.0030329706298263346,0.5876445002899587
z_obv_price_div_63,full,deviation,0.0015282437771024107,0.2164491196446474
z_obv_price_div_63,recent,raw,0.0032731547571997386,0.33363124292824037
z_obv_price_div_63,recent,persistent,0.00021047309235760258,0.022789896905465342
z_obv_price_div_63,recent,deviation,0.004073367392283642,0.4148173893538649
dist_52w_high,full,raw,0.009013637520225453,0.5915222887073099
dist_52w_high,full,persistent,0.01462711910252785,0.7584533663733716
dist_52w_high,full,deviation,-0.0004066069302367287,-0.03022576415713637
dist_52w_high,recent,raw,-0.003756611232722205,-0.1469342270585179
dist_52w_high,recent,persistent,-0.03209005816251807,-1.083691584421228
dist_52w_high,recent,deviation,0.005471149278518331,0.22626679514526235
days_since_20pct_dd,full,raw,0.00883278838355935,0.5148257330260282
days_since_20pct_dd,full,persistent,0.005859302861296398,0.3464571800499419
days_since_20pct_dd,full,deviation,0.008126186008669769,0.6196704014923063
days_since_20pct_dd,recent,raw,-0.00771945480422532,-0.27396072603928895
days_since_20pct_dd,recent,persistent,-0.04277381821071559,-1.3187801458898891
days_since_20pct_dd,recent,deviation,0.02116486472808103,1.0104735961400604
sharpe_126,full,raw,0.002830982033727815,0.20039423366638315
sharpe_126,full,persistent,0.02103974741232975,1.2003957950627362
sharpe_126,full,deviation,-0.006265766523727096,-0.4678198163409158
sharpe_126,recent,raw,0.01582620183058057,0.6847469204262073
sharpe_126,recent,persistent,0.008842364022224679,0.4268729951257382
sharpe_126,recent,deviation,0.011786122425825073,0.5389852514370553
mom_12_1,full,raw,0.007478839443989342,0.4444151208137629
mom_12_1,full,persistent,0.02177409307797808,1.2709069201733365
mom_12_1,full,deviation,0.003238920549800918,0.21476559123677913
mom_12_1,recent,raw,0.03925893196144114,1.5506938817210252
mom_12_1,recent,persistent,0.01929089224162401,0.7690889811828775
mom_12_1,recent,deviation,0.04428369511140719,2.0433045433035213
rs_lead_126,full,raw,0.004244451634617059,0.2859051528366626
rs_lead_126,full,persistent,0.03207247366377136,1.5115284912095337
rs_lead_126,full,deviation,-0.012763073882502658,-1.1042713747879913
rs_lead_126,recent,raw,0.06823517689310593,2.3861513078177174
rs_lead_126,recent,persistent,0.06688509502603203,1.6411587193801644
rs_lead_126,recent,deviation,0.031227168360424523,1.5170697276402265
idio_vol_63,full,raw,-0.023690643018143907,-1.564021697396918
idio_vol_63,full,persistent,-0.008077750589373971,-0.5012913521725154
idio_vol_63,full,deviation,-0.017230722065927205,-1.821796739066527
idio_vol_63,recent,raw,0.006447789400781696,0.2740472185979023
idio_vol_63,recent,persistent,0.02767167215809992,0.9859423810949329
idio_vol_63,recent,deviation,-0.01781535056744524,-1.3503318544353988
vol_dry_20_250,full,raw,0.0007934823827740903,0.12156763948938598
vol_dry_20_250,full,persistent,-0.018151357576195678,-2.238266527347224
vol_dry_20_250,full,deviation,-0.00012633153937466443,-0.018235854595609512
vol_dry_20_250,recent,raw,-0.009858650201206548,-0.8630262017149881
vol_dry_20_250,recent,persistent,-0.02131660981879281,-2.1955620421309097
vol_dry_20_250,recent,deviation,-0.009113236668036484,-0.8265946439194677
obv_price_div_63,full,raw,0.006351846228040768,0.9319204249686148
obv_price_div_63,full,persistent,0.010163848868997285,1.1181518377385868
obv_price_div_63,full,deviation,0.004379910148906676,0.6221410336464528
obv_price_div_63,recent,raw,0.01033927272648252,1.0189055954176085
obv_price_div_63,recent,persistent,0.023427406385527698,1.5419901952933666
obv_price_div_63,recent,deviation,0.006946801758127692,0.6995233335216136
dryup_x_tight,full,raw,0.006109964229528202,0.5357494552345374
dryup_x_tight,full,persistent,0.017944808530871548,0.9660204621593301
dryup_x_tight,full,deviation,0.0010509131751473238,0.09700888710664068
dryup_x_tight,recent,raw,-0.0026010203950517677,-0.12584406589261246
dryup_x_tight,recent,persistent,-0.015408739840428995,-0.5649377481308359
dryup_x_tight,recent,deviation,0.0012200808553736186,0.06161733614732071
corr_spy_63,full,raw,0.028045528148013168,1.4966329152059823
corr_spy_63,full,persistent,0.032738804627049985,1.721776385213004
corr_spy_63,full,deviation,0.006882506948177742,0.47507465968756757
corr_spy_63,recent,raw,0.07697833363570258,2.1371683538317527
corr_spy_63,recent,persistent,0.05487070304787678,1.627646558347963
corr_spy_63,recent,deviation,0.0582923435551704,2.2497385408679755
up_capture_63,full,raw,0.014038744398603016,0.6807973749060021
up_capture_63,full,persistent,0.02056530786629788,0.8385037410586924
up_capture_63,full,deviation,-0.006506162142985321,-0.4410777769435408
up_capture_63,recent,raw,0.07278365963309484,1.9174027965787193
up_capture_63,recent,persistent,0.06427882232802302,1.4332720340142633
up_capture_63,recent,deviation,0.02843870570734066,1.1141460504110234
