,date,ticker,roc_5,roc_10,roc_21,roc_63,roc_126,roc_252,xs_spy_21,xs_spy_63,xs_spy_126,xs_spy_252,xs_sec_63,xs_sec_126,off_high_21,off_high_63,off_high_126,off_high_252,off_low_252,days_since_high_252,days_since_high_63,mdd_21,mdd_63,mean_dd_63,mdd_126,mean_dd_126,mdd_252,eff_21,up_share_21,eff_63,up_share_63,eff_126,up_share_126,up_pair_10_63,up_pair_21_63,new_high63_share_63,new_high252_count_63,gain_pain_63,gain_pain_126,higher_lows_6,close_loc_21,gap_share_21,mad_21,mad_63,mad_252,vol_roc_21_252,vol_roc_5_63,vol_roc_21_vs_21ago,vol_pctile_own_252,range_comp_10_252,range_roc_21_252,down_up_move_63,worst_day_63,volume_roc_5_63,volume_roc_10_63,volume_roc_21_252,volume_pctile_own_252,up_volume_share_21,pullback_volume_21,up_volume_share_63,pullback_volume_63,accum_minus_dist_50,log_dollar_vol_63,up_capture_63,down_capture_63,beta_l1_63,up_capture_252,down_capture_252,beta_l1_252,capture_spread_252,defend_share_63,rs_off_high_252,roc_63_pctile_own,xs_spy_63_pctile_own,off_high_252_pctile_own,volume_roc_21_252_pctile_own,up_capture_63_pctile_own,cs_roc_5,cs_roc_10,cs_roc_21,cs_roc_63,cs_roc_126,cs_roc_252,cs_xs_spy_21,cs_xs_spy_63,cs_xs_spy_126,cs_xs_spy_252,cs_xs_sec_63,cs_xs_sec_126,cs_off_high_21,cs_off_high_63,cs_off_high_126,cs_off_high_252,cs_off_low_252,cs_days_since_high_252,cs_days_since_high_63,cs_mdd_21,cs_mdd_63,cs_mean_dd_63,cs_mdd_126,cs_mean_dd_126,cs_mdd_252,cs_eff_21,cs_up_share_21,cs_eff_63,cs_up_share_63,cs_eff_126,cs_up_share_126,cs_up_pair_10_63,cs_up_pair_21_63,cs_new_high63_share_63,cs_new_high252_count_63,cs_gain_pain_63,cs_gain_pain_126,cs_higher_lows_6,cs_close_loc_21,cs_gap_share_21,cs_mad_21,cs_mad_63,cs_mad_252,cs_vol_roc_21_252,cs_vol_roc_5_63,cs_vol_roc_21_vs_21ago,cs_vol_pctile_own_252,cs_range_comp_10_252,cs_range_roc_21_252,cs_down_up_move_63,cs_worst_day_63,cs_volume_roc_5_63,cs_volume_roc_10_63,cs_volume_roc_21_252,cs_volume_pctile_own_252,cs_up_volume_share_21,cs_pullback_volume_21,cs_up_volume_share_63,cs_pullback_volume_63,cs_accum_minus_dist_50,cs_log_dollar_vol_63,cs_up_capture_63,cs_down_capture_63,cs_beta_l1_63,cs_up_capture_252,cs_down_capture_252,cs_beta_l1_252,cs_capture_spread_252,cs_defend_share_63,cs_rs_off_high_252,cs_roc_63_pctile_own,cs_xs_spy_63_pctile_own,cs_off_high_252_pctile_own,cs_volume_roc_21_252_pctile_own,cs_up_capture_63_pctile_own
CORT|launch,2026-04-10,CORT,-0.013650313,0.08772388,0.24214576,0.14727625,-0.5260658,-0.40544757,0.2347742,0.15916058,-0.5412474,-0.78969073,0.21181203,-0.55399114,-0.013650313,-0.0932497,-0.5256904,-0.53598315,0.30357692,258.0,127.0,-0.070916794,-0.30441365,-0.1528859,-0.63614756,-0.36457726,-0.6440434,0.3457632,0.61904764,0.074879594,0.52380955,-0.17766859,0.515873,0.46031746,0.3968254,0.0,0.0,1.2461913,0.8047205,4.0,0.39488116,0.45320207,0.02056304,0.016939193,0.014882571,1.381686,0.53578323,1.7694252,0.7797619,1.123558,1.1329494,0.96386635,-9.415748,0.73824483,1.0860599,1.3100783,0.5,0.71533567,0.83215404,0.53588367,0.8980375,0.0,17.768229,3.604344,2.5570204,3.0697663,1.5971341,2.6411648,2.014396,-1.0440305,0.25,-0.55120814,0.7619048,0.79761904,0.26587301,0.74206346,0.8630952,0.21675977653631284,0.794413407821229,0.9787709497206704,0.7865921787709497,0.01452513966480447,0.024581005586592177,0.9787709497206704,0.7865921787709497,0.01452513966480447,0.024581005586592177,0.8960893854748604,0.008938547486033519,0.553072625698324,0.5273743016759777,0.016778523489932886,0.03243847874720358,0.4955257270693512,0.761744966442953,0.8949720670391061,0.4770949720670391,0.12737430167597766,0.13966480446927373,0.005592841163310962,0.008948545861297539,0.008948545861297539,0.9407821229050279,0.8793296089385475,0.6458100558659218,0.6044692737430167,0.07158836689038031,0.5536912751677853,0.423463687150838,0.35307262569832404,0.23910614525139665,0.44692737430167595,0.6871508379888268,0.12192393736017897,0.8804469273743016,0.3229050279329609,0.17988826815642459,0.870391061452514,0.8111731843575419,0.8344519015659956,0.7404921700223713,0.15307262569832403,0.924022346368715,0.6297539149888143,0.42393736017897093,0.4272930648769575,0.46420581655480986,0.12527964205816555,0.2424581005586592,0.841340782122905,0.8243847874720358,0.5514541387024608,0.9776536312849162,0.0930493273542601,0.6536312849162011,0.12625698324022347,0.6067039106145251,0.07486033519553073,0.976536312849162,0.9687150837988827,0.9854748603351955,0.8489932885906041,0.9955257270693513,0.9485458612975392,0.007829977628635347,0.08156424581005586,0.049217002237136466,0.7782754759238522,0.7267637178051511,0.3325842696629214,0.7876404494382022,0.9171332586786114
CORT|breakout,2026-04-20,CORT,0.07020787,0.13439417,0.35974172,0.33429313,-0.4168869,-0.2826625,0.28266466,0.3068295,-0.4957731,-0.64636624,0.3838242,-0.46140885,0.0,0.0,-0.47334924,-0.48693535,0.44136852,264.0,0.0,-0.070916794,-0.30441365,-0.15210898,-0.63461757,-0.35338306,-0.6440434,0.5050257,0.7619048,0.16069189,0.5873016,-0.13532329,0.53968257,0.53968257,0.4920635,0.015873017,0.0,1.485112,0.8803645,4.0,0.5566032,0.41090944,0.016431853,0.01493396,0.014275923,1.1510185,0.33726206,1.3526328,0.70039684,0.92666036,1.1502135,0.84480876,-9.815865,0.6146816,0.66798276,1.3212612,0.34126985,0.8046068,0.9703932,0.5771384,0.9774648,6.0,17.768229,3.6020489,2.484448,3.079141,1.8211135,2.7413223,2.185966,-0.9202088,0.26666668,-0.52425677,0.99603176,1.0,0.29761904,0.75,0.87896824,0.8391061452513966,0.8480446927374302,0.9832402234636871,0.9340782122905028,0.01675977653631285,0.05139664804469274,0.9832402234636871,0.9340782122905028,0.01675977653631285,0.05139664804469274,0.964245810055866,0.0223463687150838,0.9988826815642458,0.9988826815642458,0.010067114093959731,0.030201342281879196,0.6096196868008948,0.7695749440715883,0.14748603351955308,0.3564245810055866,0.10614525139664804,0.12513966480446928,0.003355704697986577,0.008948545861297539,0.007829977628635347,0.906145251396648,0.9932960893854749,0.8379888268156425,0.9016759776536313,0.058165548098434,0.6767337807606264,0.5754189944134078,0.4581005586592179,0.3229050279329609,0.45139664804469276,0.8815642458100559,0.1342281879194631,0.888268156424581,0.6223463687150838,0.17094972067039105,0.735195530726257,0.6826815642458101,0.8154362416107382,0.4541387024608501,0.0659217877094972,0.7798882681564245,0.47874720357941836,0.15883668903803133,0.48210290827740493,0.3005586592178771,0.11968680089485459,0.0223463687150838,0.02569832402234637,0.8523489932885906,0.2986577181208054,0.9899441340782122,0.4367945823927765,0.8558659217877095,0.36201117318435755,0.9206703910614525,0.07597765363128492,0.9865921787709497,0.9653631284916201,0.9888268156424581,0.8903803131991052,0.9955257270693513,0.9552572706935123,0.01901565995525727,0.13072625698324022,0.05145413870246085,0.9910414333706606,0.9988801791713325,0.2996632996632997,0.8092031425364759,0.9451287793952967
FTNT|launch,2026-04-10,FTNT,-0.070641,-0.05343702,-0.08121713,-0.017296683,-0.112884596,-0.12989227,-0.08858868,-0.0054123485,-0.12806618,-0.5141355,-0.0072947056,-0.096846245,-0.09220027,-0.12662266,-0.12662266,-0.29432335,0.031052528,286.0,40.0,-0.09220027,-0.14336137,-0.05350122,-0.14336137,-0.065902494,-0.31557643,-0.22272673,0.42857143,-0.015617076,0.4920635,-0.061588015,0.5,0.5555556,0.5555556,0.015873017,0.0,0.998125,0.9076306,3.0,0.3391612,0.32108694,0.01574144,0.015428381,0.012597579,1.2495607,1.1263379,1.0202911,0.7777778,1.2747568,1.2451813,0.69435716,-4.36592,0.98247844,0.9899276,1.0933925,0.68650794,0.36314905,1.1499741,0.46978977,1.0817323,-4.0,20.01162,0.8838719,0.8524345,0.8678255,0.9376453,1.4818848,1.1551585,-0.54423946,0.40625,-0.42138028,0.53571427,0.74206346,0.24603175,0.51984125,0.29563493,0.058165546506643295,0.10961968451738358,0.12192393839359283,0.45078298449516296,0.24496644735336304,0.12080536782741547,0.12192393839359283,0.45078298449516296,0.24496644735336304,0.12080536782741547,0.4776286482810974,0.31319910287857056,0.12863534688949585,0.3881431818008423,0.4288913905620575,0.17357222735881805,0.07838746160268784,0.7799552083015442,0.5190156698226929,0.31319910287857056,0.6543624401092529,0.6510066986083984,0.7301231622695923,0.4804031252861023,0.2564389705657959,0.14653243124485016,0.19742728769779205,0.4574944078922272,0.38534677028656006,0.25755879282951355,0.40873458981513977,0.6213646531105042,0.5447427034378052,0.26957494020462036,0.2242729365825653,0.463087260723114,0.25755879282951355,0.5285235047340393,0.15883669257164001,0.031319908797740936,0.7024608254432678,0.7270693778991699,0.7166853547096252,0.6226204037666321,0.6800894737243652,0.5536912679672241,0.6231802701950073,0.6987681984901428,0.6797312498092651,0.12877939641475677,0.6842105388641357,0.7102908492088318,0.7002236843109131,0.563269853591919,0.7379619479179382,0.09284116327762604,0.7755330801010132,0.33892616629600525,0.7673377990722656,0.2673377990722656,0.780760645866394,0.5749440789222717,0.5279642343521118,0.5257270932197571,0.5655094981193542,0.8387457728385925,0.6920492649078369,0.0839865654706955,0.5648769736289978,0.12653975188732147,0.6132286787033081,0.6575112342834473,0.3132733404636383,0.563554584980011,0.3223094046115875
FTNT|breakout,2026-05-04,FTNT,0.04167153,0.080387406,0.08130376,0.09779797,0.059857495,-0.14365226,-0.013507372,0.062479477,-0.0023171993,-0.4440641,-0.01917508,-0.022053165,0.0,0.0,0.0,-0.17894934,0.19962358,302.0,0.0,-0.08385098,-0.14336137,-0.05847453,-0.14336137,-0.06927343,-0.31557643,0.1869839,0.61904764,0.07558691,0.5555556,0.027508862,0.53968257,0.6507937,0.61904764,0.031746034,0.0,1.1992284,1.0861791,2.0,0.6726604,0.38792923,0.019091278,0.01737757,0.012597579,1.515472,1.2029029,1.6784432,0.8869048,1.0927879,1.2555418,0.73286974,-4.36592,0.6932274,0.9071088,1.0546949,0.14880952,0.5647361,1.0683432,0.51631397,1.0832514,-3.0,20.002804,0.9052237,0.5396838,0.7372738,0.9365351,1.4753431,1.1567827,-0.538808,0.516129,-0.36292458,0.96031743,0.9404762,0.7380952,0.33531746,0.32539684,0.8366890549659729,0.8825503587722778,0.7024608254432678,0.7281879186630249,0.48322147130966187,0.1633109599351883,0.7024608254432678,0.7281879186630249,0.48322147130966187,0.1633109599351883,0.46532437205314636,0.4563758373260498,0.9535794258117676,0.9658836722373962,0.9714445471763611,0.3684210479259491,0.40201568603515625,0.7911534309387207,0.03523489832878113,0.4015659987926483,0.6510066986083984,0.6208053827285767,0.7312430143356323,0.44904816150665283,0.26763716340065,0.6185682415962219,0.8143176436424255,0.6689038276672363,0.7516778707504272,0.45576706528663635,0.706606924533844,0.813758373260498,0.6677852272987366,0.3624161183834076,0.23322147130966187,0.6689038276672363,0.4524076282978058,0.15771812200546265,0.9183444976806641,0.2069351226091385,0.863534688949585,0.7863534688949585,0.7200447916984558,0.8868981003761292,0.6442952752113342,0.9474272727966309,0.8185890316963196,0.33482643961906433,0.7883538603782654,0.16890379786491394,0.7234042286872864,0.0760626420378685,0.4026845693588257,0.5935050249099731,0.10638298094272614,0.636465311050415,0.6989853382110596,0.5693512558937073,0.7673377990722656,0.3881431818008423,0.7841163277626038,0.6230425238609314,0.36800894141197205,0.47315436601638794,0.585666298866272,0.8107503056526184,0.6875699758529663,0.12318029254674911,0.8417226076126099,0.198208287358284,0.9646860957145691,0.9478699564933777,0.7224718928337097,0.45112359523773193,0.4209641218185425
ILMN|launch,2026-04-29,ILMN,-0.0776245,-0.08989862,-0.0036420398,-0.19678365,0.19950178,0.55879307,-0.1296132,-0.22281595,0.15514988,0.25219905,-0.1262581,0.21543422,-0.10505574,-0.19587146,-0.21812274,-0.21812274,0.6150544,67.0,67.0,-0.10505574,-0.23548667,-0.15918826,-0.25664175,-0.10071375,-0.25664175,-0.009100157,0.5714286,-0.16726121,0.42857143,0.06867953,0.47619048,0.52380955,0.47619048,0.0,0.0,0.7390959,1.203697,4.0,0.56333286,0.424057,0.013411685,0.017654581,0.015549431,0.8625193,1.1017814,0.8636289,0.27579364,1.0553085,1.0556244,0.7658152,-6.685729,0.7995856,0.8158787,0.76317155,0.18055555,0.54075754,1.1389331,0.3975575,1.239705,3.0,19.134672,0.12818569,1.0584532,0.5642955,1.6394241,1.4720969,1.57132,0.1673272,0.28125,-0.24501723,0.055555556,0.03968254,0.5833333,0.18849206,0.037698414,0.08612975478172302,0.08277405053377151,0.24049216508865356,0.10178970545530319,0.744966447353363,0.7885906100273132,0.24049216508865356,0.10178970545530319,0.744966447353363,0.7885906100273132,0.20134228467941284,0.8131991028785706,0.14205816388130188,0.1733780801296234,0.21836505830287933,0.2799552083015442,0.7771556377410889,0.5520716905593872,0.7427293062210083,0.21476510167121887,0.23378075659275055,0.0906040295958519,0.2978723347187042,0.28331467509269714,0.417693167924881,0.2460850179195404,0.5564876794815063,0.12080536782741547,0.08836688846349716,0.628219485282898,0.24468085169792175,0.5100671052932739,0.40715882182121277,0.1375838965177536,0.231543630361557,0.12080536782741547,0.6629339456558228,0.7348993420600891,0.6140939593315125,0.23489932715892792,0.6140939593315125,0.8076062798500061,0.8701007962226868,0.12989921867847443,0.6431767344474792,0.3579418361186981,0.12877939641475677,0.33482643961906433,0.3124300241470337,0.18344518542289734,0.3001119792461395,0.26286354660987854,0.24944071471691132,0.07278835028409958,0.1618141084909439,0.4485458731651306,0.8083900213241577,0.04250559210777283,0.964205801486969,0.8025727272033691,0.5167785286903381,0.19127516448497772,0.6185682415962219,0.390380322933197,0.8533034920692444,0.8152295351028442,0.8521836400032043,0.6472564339637756,0.13143177330493927,0.4120940566062927,0.10145740211009979,0.07959641516208649,0.6286516785621643,0.30842697620391846,0.06670403480529785
ILMN|breakout,2026-05-04,ILMN,0.08442258,0.048998903,0.09412779,-0.0124708405,0.4076355,0.82159185,-0.0006833383,-0.04778933,0.34546083,0.52118,0.054103933,0.3962438,0.0,0.0,-0.09470609,-0.09470609,0.8699852,70.0,0.0,-0.10505574,-0.15498775,-0.07511285,-0.25664175,-0.10358006,-0.25664175,0.18189622,0.5714286,-0.008985219,0.47619048,0.12664852,0.4920635,0.53968257,0.47619048,0.015873017,0.0,1.020948,1.3533812,4.0,0.61311257,0.4113514,0.014886335,0.017691271,0.016461357,0.90431994,2.917104,0.8525422,0.35119048,1.541591,1.0537975,0.7156857,-6.3153524,1.2639543,0.958247,0.8360599,0.6230159,0.5926094,1.0704075,0.45859516,1.1457916,6.0,19.134672,0.7224195,0.7819687,0.7497798,1.7935445,1.4195758,1.640678,0.37396875,0.32258064,-0.1336741,0.37698412,0.34126985,0.86507934,0.30555555,0.18650794,0.9395973086357117,0.8322147727012634,0.7472035884857178,0.4753915071487427,0.8657718300819397,0.8736017942428589,0.7472035884857178,0.4753915071487427,0.8657718300819397,0.8736017942428589,0.6968680024147034,0.9082773923873901,0.9535794258117676,0.9658836722373962,0.5352743268013,0.5957446694374084,0.8656215071678162,0.5531914830207825,0.03523489832878113,0.27740493416786194,0.5961968898773193,0.48322147130966187,0.2989921569824219,0.2564389705657959,0.42553192377090454,0.6107382774353027,0.6717002391815186,0.48098433017730713,0.30648770928382874,0.7614781856536865,0.3253079652786255,0.5626398324966431,0.40827739238739014,0.30201342701911926,0.23322147130966187,0.48657718300819397,0.7827547788619995,0.7360178828239441,0.8131991028785706,0.2718120813369751,0.7046979665756226,0.8064876794815063,0.892497181892395,0.16685330867767334,0.9955257177352905,0.3847874701023102,0.16013437509536743,0.9204927086830139,0.34154534339904785,0.14541387557983398,0.3449048101902008,0.8031319975852966,0.5055928230285645,0.16125419735908508,0.4680851101875305,0.7360178828239441,0.7034949064254761,0.2572706937789917,0.900447428226471,0.9267337918281555,0.5234899520874023,0.508948564529419,0.4742729365825653,0.4776286482810974,0.8779395222663879,0.7894737124443054,0.8600224256515503,0.8029115200042725,0.2651006579399109,0.693169116973877,0.469730943441391,0.3890134394168854,0.8595505356788635,0.42134830355644226,0.2550448477268219
HUM|launch,2026-04-10,HUM,0.08052629,0.102694295,0.12972152,-0.30422643,-0.349794,-0.30773598,0.12234997,-0.2923421,-0.3649756,-0.69197917,-0.23969063,-0.37771934,-0.031453267,-0.3198596,-0.3435386,-0.37671846,0.17997114,859.0,150.0,-0.047373075,-0.42359573,-0.30179647,-0.44366318,-0.2197109,-0.4717824,0.2895559,0.6666667,-0.24793008,0.4920635,-0.16053283,0.5,0.31746033,0.25396827,0.0,0.0,0.639334,0.75891715,2.0,0.48539022,0.59592515,0.018274238,0.016182125,0.013981026,1.3070743,1.6191447,1.0116774,0.7936508,1.2408928,1.2285569,1.6107017,-15.111982,1.2001693,0.97073936,0.9730535,0.8333333,0.7139909,1.0024692,0.4505487,0.9869415,-3.0,19.544697,-0.1493872,1.2617879,0.5709085,0.21546084,0.68355644,0.40254202,-0.46809563,0.375,-0.4867023,0.09920635,0.12301587,0.3809524,0.41269842,0.2559524,0.8478747010231018,0.8389261960983276,0.9205816388130188,0.06823266297578812,0.0615212544798851,0.05480984225869179,0.9205816388130188,0.06823266297578812,0.0615212544798851,0.05480984225869179,0.0906040295958519,0.05480984225869179,0.35346755385398865,0.06935123354196548,0.09070548415184021,0.1142217218875885,0.3337066173553467,0.9899216294288635,0.9340044856071472,0.7483221292495728,0.032438479363918304,0.010067113675177097,0.054871220141649246,0.04479283466935158,0.08062709867954254,0.8859060406684875,0.9200223684310913,0.07829977571964264,0.38534677028656006,0.08174692094326019,0.40873458981513977,0.1482102870941162,0.14541387557983398,0.12024608254432678,0.2242729365825653,0.08948545902967453,0.09182530641555786,0.26174497604370117,0.6744966506958008,0.4753915071487427,0.8087248206138611,0.7796420454978943,0.7961925864219666,0.6685330271720886,0.8948546051979065,0.5469798445701599,0.6472564339637756,0.6450167894363403,0.6416573524475098,0.9406495094299316,0.025755878537893295,0.899328887462616,0.645413875579834,0.3337066173553467,0.8734602332115173,0.9787471890449524,0.4433221220970154,0.2136465311050415,0.4194630980491638,0.34284117817878723,0.6577181220054626,0.07829977571964264,0.7002236843109131,0.3668903708457947,0.10526315867900848,0.3818589150905609,0.2351623773574829,0.10974244028329849,0.43736016750335693,0.0839865654706955,0.18665918707847595,0.15246637165546417,0.42182227969169617,0.44600674510002136,0.2853139042854309
HUM|breakout,2026-04-27,HUM,0.06313591,0.12808359,0.28329173,-0.14745778,-0.22579609,-0.15188453,0.17465578,-0.18267085,-0.29647928,-0.47506285,-0.058588486,-0.21636853,0.0,0.0,-0.23498777,-0.27463844,0.37322485,870.0,0.0,-0.031453267,-0.21286008,-0.1057054,-0.44290826,-0.2395704,-0.4717824,0.54993343,0.71428573,-0.1054204,0.5714286,-0.098921396,0.52380955,0.3968254,0.25396827,0.015873017,0.0,0.8602527,0.86135316,3.0,0.58793867,0.554296,0.020531747,0.018063307,0.013706183,1.4979916,0.62389076,1.5930398,0.8888889,1.001766,1.1019186,1.7653794,-15.415014,0.7897265,0.8361155,0.9791714,0.3015873,0.7700519,0.8800772,0.50710726,0.9813761,6.0,19.55086,0.23757608,0.8149016,0.5025462,0.3597598,0.6107457,0.4608858,-0.2509859,0.41935483,-0.35253656,0.3452381,0.42460316,0.53968257,0.42460316,0.6388889,0.9161073565483093,0.9317673444747925,0.9418344497680664,0.15771812200546265,0.11744966357946396,0.1342281848192215,0.9418344497680664,0.15771812200546265,0.11744966357946396,0.1342281848192215,0.3478747308254242,0.17225950956344604,0.9479866027832031,0.9759507775306702,0.17805151641368866,0.1746920496225357,0.6058230400085449,0.9899216294288635,0.025167785584926605,0.7986577153205872,0.32438477873802185,0.2829977571964264,0.0559910424053669,0.04143337160348892,0.08062709867954254,0.9351230263710022,0.9423937201499939,0.2281879186630249,0.8020133972167969,0.14781634509563446,0.5705487132072449,0.2030201405286789,0.12360178679227829,0.30592840909957886,0.22930648922920227,0.26286354660987854,0.16685330867767334,0.44071587920188904,0.7248322367668152,0.6476510167121887,0.8881431818008423,0.8288590312004089,0.7973124384880066,0.828667402267456,0.23378075659275055,0.8948546051979065,0.8085106611251831,0.2698768079280853,0.40873458981513977,0.9720357656478882,0.030235162004828453,0.27628636360168457,0.3008948564529419,0.41657334566116333,0.2866741418838501,0.9798657894134521,0.2626832127571106,0.49440714716911316,0.42170020937919617,0.9054809808731079,0.6644295454025269,0.25615212321281433,0.5268456339836121,0.36353468894958496,0.24412094056606293,0.35274356603622437,0.2911534011363983,0.2698768079280853,0.5671141147613525,0.207166850566864,0.39966368675231934,0.42656952142715454,0.5308988690376282,0.5432584285736084,0.7976457476615906
CNC|launch,2026-04-14,CNC,0.026163505,0.1716981,0.081567414,-0.19680968,0.04194631,-0.40278894,0.030129872,-0.198531,-0.027568014,-0.7418048,-0.14637022,-0.01412443,-0.0077230604,-0.21176226,-0.21176226,-0.4165362,0.4779849,533.0,60.0,-0.12057524,-0.3272689,-0.15592964,-0.3272689,-0.09134651,-0.6052302,0.18651234,0.61904764,-0.1506867,0.52380955,0.0150016835,0.53968257,0.3809524,0.42857143,0.015873017,0.0,0.7747636,1.0814227,2.0,0.6027382,0.38432178,0.016316377,0.014835189,0.013641209,1.1961092,0.4487836,1.0186476,0.74206346,0.9193216,1.0402582,1.0558954,-11.71021,0.77786195,0.94505274,0.790515,0.09920635,0.5562942,1.2886574,0.42780486,1.404631,-8.0,19.163195,0.3727978,1.1910512,0.777783,0.25038597,0.8240625,0.48218426,-0.5736765,0.4375,-0.5564844,0.26984128,0.2579365,0.50396824,0.17460318,0.515873,0.42953020334243774,0.8624160885810852,0.6633109450340271,0.11521252989768982,0.4205816686153412,0.029082773253321648,0.6633109450340271,0.11521252989768982,0.4205816686153412,0.029082773253321648,0.18344518542289734,0.4463087320327759,0.5447427034378052,0.1375838965177536,0.20156775414943695,0.07614781707525253,0.6595744490623474,0.9720044732093811,0.7365771532058716,0.17114093899726868,0.0906040295958519,0.13310961425304413,0.15341545641422272,0.3191489279270172,0.01791713386774063,0.5883668661117554,0.7186800837516785,0.16219238936901093,0.5475391745567322,0.38409852981567383,0.6545352935791016,0.23825503885746002,0.3803131878376007,0.28076061606407166,0.22371365129947662,0.17114093899726868,0.4266517460346222,0.1884787529706955,0.8836688995361328,0.10626398026943207,0.7404921650886536,0.6946308612823486,0.7894737124443054,0.5744680762290955,0.06040268391370773,0.5626398324966431,0.585106372833252,0.08958566933870316,0.22956326603889465,0.5782997608184814,0.07278835028409958,0.23601789772510529,0.6387024521827698,0.0559910424053669,0.09966405481100082,0.5838926434516907,0.9313063025474548,0.11633109301328659,0.9977628588676453,0.053131990134716034,0.5246084928512573,0.3008948564529419,0.6711409687995911,0.47651007771492004,0.1444568932056427,0.4759238660335541,0.2844344973564148,0.08510638028383255,0.6655480861663818,0.042553190141916275,0.34529146552085876,0.24439461529254913,0.49831271171569824,0.23340831696987152,0.5807175040245056
CNC|breakout,2026-04-28,CNC,0.2664793,0.33038116,0.5490625,0.19359502,0.4549457,-0.14075229,0.4266824,0.16750741,0.3981095,-0.44804642,0.26447758,0.46168154,0.0,0.0,0.0,-0.21217418,0.96628326,543.0,0.0,-0.021282097,-0.2931763,-0.122290984,-0.3272689,-0.099431194,-0.5993325,0.8279836,0.7619048,0.11249945,0.5555556,0.12729375,0.5714286,0.46031746,0.42857143,0.015873017,0.0,1.3249911,1.3618338,3.0,0.74590194,0.40108034,0.021282097,0.017765868,0.01366673,1.5572194,2.2611995,1.2169013,0.9126984,1.2968851,1.0839163,0.7189273,-11.688342,1.1839415,0.95678097,0.70807046,0.46031746,0.79882044,1.0016547,0.4933856,1.2875621,4.0,19.156782,0.95063365,0.050190352,0.5285619,0.3693583,0.40052336,0.38203764,-0.031165052,0.5,-0.38585898,0.73015875,0.75,1.0,0.0734127,0.6269841,0.998881459236145,0.998881459236145,0.9888142943382263,0.854586124420166,0.9026845693588257,0.14429530501365662,0.9888142943382263,0.854586124420166,0.9026845693588257,0.14429530501365662,0.9239373803138733,0.9317673444747925,0.9586129784584045,0.9848993420600891,0.9882419109344482,0.2754759192466736,0.8812990188598633,0.9742441177368164,0.016219239681959152,0.9429529905319214,0.11185682564973831,0.20917226374149323,0.15341545641422272,0.2967525124549866,0.021276595070958138,0.9977628588676453,0.9787471890449524,0.7404921650886536,0.7354586124420166,0.7894737124443054,0.8964165449142456,0.33892616629600525,0.34228187799453735,0.3048098385334015,0.231543630361557,0.7706935405731201,0.8096304535865784,0.3870246112346649,0.9753915071487427,0.17449665069580078,0.9026845693588257,0.8143176436424255,0.791713297367096,0.8846584558486938,0.9765100479125977,0.7516778707504272,0.8796192407608032,0.8062710165977478,0.36506158113479614,0.13982102274894714,0.07054871320724487,0.8478747010231018,0.6029082536697388,0.031354982405900955,0.4199328124523163,0.9899328947067261,0.5563063025474548,0.41834452748298645,0.9832214713096619,0.8417226076126099,0.5290827751159668,0.6387024521827698,0.2102908343076706,0.36800894141197205,0.24524076282978058,0.26203808188438416,0.24524076282978058,0.4378499388694763,0.7936241626739502,0.16013437509536743,0.773542582988739,0.7443946003913879,0.998314619064331,0.17134831845760345,0.7606502175331116
VOYA|launch,2026-04-09,VOYA,0.03942051,0.020524822,0.03463135,-0.09384046,-0.060701374,0.30046892,0.02785803,-0.082510024,-0.0826127,-0.0629953,-0.021620613,-0.023583587,0.0,-0.11299371,-0.11299371,-0.11299371,0.31676364,62.0,62.0,-0.038349792,-0.165238,-0.088787794,-0.165238,-0.062261846,-0.165238,0.12242529,0.5714286,-0.09704724,0.52380955,-0.03519224,0.515873,0.33333334,0.36507937,0.015873017,1.0,0.84780824,0.9555494,2.0,0.52343655,0.8506944,0.0117665,0.011315244,0.009623901,1.222633,0.6084095,1.0398803,0.70238096,1.3394284,1.191267,1.2593291,-7.648464,1.0018846,0.9524134,1.1455493,0.7876984,0.60654336,0.8383319,0.49997061,1.0303129,1.0,18.050812,1.417321,1.7340771,1.5788028,1.208579,1.3220515,1.2545273,-0.11347254,0.3125,-0.13953528,0.11904762,0.10714286,0.5376984,0.70238096,0.63492066,0.5659955143928528,0.37136465311050415,0.6029082536697388,0.2718120813369751,0.30201342701911926,0.5324384570121765,0.6029082536697388,0.2718120813369751,0.30201342701911926,0.5324384570121765,0.4284116327762604,0.4418344497680664,0.8081655502319336,0.427293062210083,0.4703247547149658,0.5240761637687683,0.4848824143409729,0.5565509796142578,0.7662192583084106,0.8814317584037781,0.5581655502319336,0.354586124420166,0.6338185667991638,0.5319148898124695,0.7480403184890747,0.6174496412277222,0.6661073565483093,0.26174497604370117,0.531879186630249,0.3034714460372925,0.5022396445274353,0.17114093899726868,0.28467562794685364,0.2606264054775238,0.46252796053886414,0.2572706937789917,0.2978723347187042,0.26957494020462036,0.7673377990722656,0.8982102870941162,0.45078298449516296,0.3881431818008423,0.39529675245285034,0.5935050249099731,0.21588367223739624,0.573825478553772,0.520716667175293,0.7569988965988159,0.5610302090644836,0.7856341004371643,0.22060470283031464,0.7673377990722656,0.5906040072441101,0.6450167894363403,0.8325867652893066,0.8255033493041992,0.08080808073282242,0.45525726675987244,0.5760626196861267,0.6510066986083984,0.14653243124485016,0.781879186630249,0.8601789474487305,0.8489933013916016,0.7234042286872864,0.7737962007522583,0.7446808218955994,0.3381858766078949,0.1806487739086151,0.564389705657959,0.16647982597351074,0.12219730764627457,0.5174353122711182,0.7581552267074585,0.685538113117218
VOYA|breakout,2026-04-23,VOYA,0.08323033,0.13302693,0.16224591,0.035405006,0.07267672,0.4135295,0.07762907,0.0043376586,0.011311352,0.054456275,0.06781033,0.08181301,0.0,0.0,0.0,0.0,0.40836617,0.0,0.0,-0.038349792,-0.14842409,-0.074104935,-0.165238,-0.059955314,-0.165238,0.4761807,0.71428573,0.034876358,0.5714286,0.03980054,0.53174603,0.3968254,0.3968254,0.015873017,1.0,1.1051005,1.1107838,3.0,0.57197064,0.5072256,0.0114835035,0.011296076,0.009340009,1.229496,1.2485341,0.975949,0.6904762,1.1509367,1.1918024,1.0293728,-7.880942,1.1414477,1.1597148,1.2634372,0.92460316,0.7666442,0.8776396,0.5748945,0.88948786,8.0,18.112465,1.3725253,1.3538649,1.3638844,1.2226788,1.2166545,1.2202951,0.0060242815,0.3548387,-0.06434559,0.5714286,0.7063492,0.99404764,0.90873015,0.52380955,0.9295302033424377,0.9295302033424377,0.8747203350067139,0.5749440789222717,0.501118540763855,0.6700223684310913,0.8747203350067139,0.5749440789222717,0.501118540763855,0.6700223684310913,0.709172248840332,0.6241610646247864,0.9149888157844543,0.9519015550613403,0.9552071690559387,0.956326961517334,0.628219485282898,0.04479283466935158,0.04921700060367584,0.7651006579399109,0.6398210525512695,0.5111857056617737,0.6438969969749451,0.5587905645370483,0.7569988965988159,0.9127516746520996,0.9423937201499939,0.5626398324966431,0.8036912679672241,0.4983202815055847,0.628219485282898,0.2142058163881302,0.31767338514328003,0.3014541268348694,0.47706934809684753,0.5682326555252075,0.49048152565956116,0.5005592703819275,0.6923937201499939,0.43288591504096985,0.44071587920188904,0.40827739238739014,0.3852183520793915,0.5811870098114014,0.636465311050415,0.47651007771492004,0.4876819849014282,0.5890257358551025,0.6159014701843262,0.5581655502319336,0.21388578414916992,0.8165547847747803,0.9161073565483093,0.8443449139595032,0.9249719977378845,0.9843400716781616,0.25,0.8411633372306824,0.11185682564973831,0.9670022130012512,0.1733780801296234,0.8131991028785706,0.7170022130012512,0.7885906100273132,0.7346024513244629,0.7021276354789734,0.7222844362258911,0.4748040437698364,0.32494407892227173,0.8342665433883667,0.6406950950622559,0.7163677215576172,0.9882022738456726,0.9601123332977295,0.6900224089622498
FFIV|launch,2026-04-10,FFIV,-0.04463494,-0.011393473,0.0010016875,0.075720996,-0.15403698,0.19989234,-0.006369861,0.08760533,-0.16921857,-0.18435083,0.085722975,-0.13799864,-0.062407013,-0.062407013,-0.15549149,-0.15549149,0.29385236,122.0,3.0,-0.062407013,-0.1035922,-0.033883207,-0.34729144,-0.20766538,-0.34729144,0.0024069657,0.47619048,0.06277457,0.53968257,-0.076495886,0.5,0.6825397,0.9206349,0.07936508,0.0,1.1690623,0.8870066,4.0,0.5215431,0.36211675,0.019287223,0.016225938,0.00953903,2.0219274,0.87157416,1.5771163,0.99404764,1.6411738,1.3862911,1.0671543,-7.6583753,0.962818,0.8201114,1.0361035,0.57539684,0.40710935,1.1262051,0.51277673,1.1252668,4.0,19.037825,1.5579164,1.0906299,1.3194028,0.95444584,1.084548,1.006443,-0.13010214,0.34375,-0.18156701,0.50396824,0.78174603,0.43253967,0.51984125,0.8234127,0.11185682564973831,0.224832221865654,0.42617449164390564,0.6588366627693176,0.19686800241470337,0.40827739238739014,0.42617449164390564,0.6588366627693176,0.19686800241470337,0.40827739238739014,0.7281879186630249,0.23825503885746002,0.21140938997268677,0.6521252989768982,0.34154534339904785,0.4098544120788574,0.47928330302238464,0.642777144908905,0.13143177330493927,0.5838926434516907,0.8232662081718445,0.8131991028785706,0.13213886320590973,0.0582306832075119,0.198208287358284,0.42505592107772827,0.33892616629600525,0.6230425238609314,0.6543624401092529,0.2239641696214676,0.40873458981513977,0.8529082536697388,0.964205801486969,0.49440714716911316,0.2242729365825653,0.6241610646247864,0.2262038141489029,0.7790827751159668,0.781879186630249,0.06487695872783661,0.8434004187583923,0.781879186630249,0.38409852981567383,0.9764837622642517,0.43959730863571167,0.8780760765075684,0.9764837622642517,0.9619261026382446,0.8611422181129456,0.5879059433937073,0.21948488056659698,0.6834452152252197,0.24944071471691132,0.4445688724517822,0.6119821071624756,0.19686800241470337,0.726150393486023,0.5402684807777405,0.8590604066848755,0.8394854664802551,0.48098433017730713,0.8199105262756348,0.6319910287857056,0.7527964115142822,0.5789473652839661,0.642777144908905,0.5979843139648438,0.31354984641075134,0.3109619617462158,0.48376259207725525,0.5857623219490051,0.7023542523384094,0.46287962794303894,0.563554584980011,0.8766816258430481
FFIV|breakout,2026-04-17,FFIV,0.07266829,0.02478981,0.10159455,0.13460347,-0.060105834,0.17963798,0.025018793,0.105943725,-0.1337917,-0.156425,0.07216767,-0.14892977,0.0,0.0,0.0,-0.0941225,0.3878744,127.0,0.0,-0.062407013,-0.1035922,-0.03333186,-0.2579672,-0.10559456,-0.34729144,0.23177403,0.5714286,0.10422887,0.5714286,-0.028519688,0.515873,0.6825397,0.9206349,0.0952381,0.0,1.2707534,0.9765489,5.0,0.6888931,0.39788538,0.019241598,0.016267622,0.009604662,2.0033603,0.81215364,1.5110596,0.9722222,1.0899519,1.3891158,1.2559485,-7.606043,0.9485616,0.9742808,1.0332085,0.53174603,0.47936112,1.1262051,0.5310317,1.1363674,7.0,19.037825,1.5188624,1.0723679,1.3105459,0.9884911,1.1149058,1.0396019,-0.1264147,0.36666667,-0.16002092,0.78571427,0.8373016,0.57539684,0.50396824,0.7936508,0.7964205741882324,0.31655481457710266,0.6666666865348816,0.7997763156890869,0.25167784094810486,0.4384787380695343,0.6666666865348816,0.7997763156890869,0.25167784094810486,0.4384787380695343,0.7315436005592346,0.2281879186630249,0.7684563994407654,0.927293062210083,0.9344905018806458,0.5341545343399048,0.5621500611305237,0.6494960784912109,0.07382550090551376,0.463087260723114,0.8333333134651184,0.8310961723327637,0.2911534011363983,0.2631579041481018,0.19932810962200165,0.5816555023193359,0.5324384570121765,0.7147650718688965,0.8143176436424255,0.26763716340065,0.4832026958465576,0.8540268540382385,0.9647650718688965,0.573825478553772,0.22539149224758148,0.709172248840332,0.27435609698295593,0.9356823563575745,0.9552572965621948,0.14988814294338226,0.8199105262756348,0.7628635168075562,0.40201568603515625,0.9742441177368164,0.3232662081718445,0.8512304425239563,0.9417693018913269,0.5274356007575989,0.8544232845306396,0.7639821171760559,0.21948488056659698,0.5771812200546265,0.6991051435470581,0.46696528792381287,0.4888017773628235,0.27628636360168457,0.7686230540275574,0.6185682415962219,0.8758389353752136,0.9429529905319214,0.4821029007434845,0.8310961723327637,0.5973154306411743,0.7516778707504272,0.5979843139648438,0.6606943011283875,0.6192609071731567,0.3236282169818878,0.44351229071617126,0.585666298866272,0.8267937302589417,0.898542582988739,0.5140449404716492,0.5438202023506165,0.8873318433761597
MET|launch,2026-04-10,MET,0.044683263,0.059363373,0.056031965,-0.06731733,-0.08634809,0.11193113,0.048660416,-0.055432994,-0.101529665,-0.27231205,0.019785108,-0.043352954,-0.010314879,-0.06790143,-0.09926845,-0.09926845,0.09128502,340.0,79.0,-0.038215652,-0.14587064,-0.064817496,-0.17461385,-0.0702868,-0.17461385,0.2222076,0.61904764,-0.082979076,0.4920635,-0.059251193,0.48412699,0.31746033,0.1904762,0.0,0.0,0.86594474,0.9075669,1.0,0.53529274,0.85632575,0.009043276,0.010314879,0.008351516,1.0828304,0.4386779,0.7264462,0.56349206,1.2702806,1.2252507,1.0832599,-6.1020427,0.9992241,0.96318823,1.0505165,0.7281746,0.5919679,1.0496862,0.45676467,1.0291866,-4.0,19.403112,0.8666169,1.0991112,0.98528725,0.9112048,1.162125,1.0114887,-0.2509202,0.3125,-0.20556404,0.18253969,0.5277778,0.40873015,0.4642857,0.43452382,0.6554809808731079,0.6756151914596558,0.7270693778991699,0.3445190191268921,0.26957494020462036,0.3232662081718445,0.7270693778991699,0.3445190191268921,0.26957494020462036,0.3232662081718445,0.5615212321281433,0.3993288576602936,0.6152125000953674,0.6319910287857056,0.5274356007575989,0.5699887871742249,0.20156775414943695,0.8443449139595032,0.8210290670394897,0.8434004187583923,0.6398210525512695,0.5480984449386597,0.5979843139648438,0.4456886947154999,0.7122060656547546,0.780760645866394,0.8143176436424255,0.3187919557094574,0.38534677028656006,0.2631579041481018,0.2973124384880066,0.1482102870941162,0.09451901912689209,0.12024608254432678,0.2242729365825653,0.31319910287857056,0.2564389705657959,0.08277405053377151,0.8232662081718445,0.8959731459617615,0.25615212321281433,0.3221476376056671,0.2351623773574829,0.40425533056259155,0.0939597338438034,0.22706934809684753,0.3645016849040985,0.6898096203804016,0.6338185667991638,0.6024636030197144,0.35498321056365967,0.7326622009277344,0.6319910287857056,0.4725643992424011,0.7833146452903748,0.7785235047340393,0.5679012537002563,0.2527964115142822,0.5805369019508362,0.2673377990722656,0.6196867823600769,0.5659955143928528,0.6342281699180603,0.6017897129058838,0.5475924015045166,0.693169116973877,0.6035834550857544,0.21388578414916992,0.20805369317531586,0.43001121282577515,0.27298206090927124,0.469730943441391,0.43813273310661316,0.4949381351470947,0.48206278681755066
MET|breakout,2026-04-30,MET,0.053116024,0.039045397,0.13263582,0.031241259,0.031830896,0.07934326,0.027583066,-0.007060091,-0.020118073,-0.23199008,0.05275445,0.03954747,0.0,0.0,-0.023435287,-0.023435287,0.183161,354.0,0.0,-0.02587098,-0.14587064,-0.06374881,-0.17461385,-0.06538735,-0.17461385,0.5602909,0.61904764,0.038306657,0.53968257,0.020836974,0.4920635,0.53968257,0.3968254,0.015873017,0.0,1.1045883,1.064408,3.0,0.5826795,0.51184005,0.0078537045,0.00923434,0.008297715,0.94649005,0.94070715,0.86636794,0.42063493,0.926585,1.0392863,0.9566101,-6.1416073,0.8500319,0.83802444,1.037958,0.4702381,0.6770148,0.760711,0.50450486,1.0609951,-2.0,19.41676,1.127015,1.153907,1.1392908,0.8983763,1.1433165,0.9978244,-0.2449402,0.32258064,-0.18566145,0.78968257,0.89285713,0.99603176,0.4484127,0.8611111,0.8892617225646973,0.7058165669441223,0.8076062798500061,0.5335570573806763,0.4317673444747925,0.37919461727142334,0.8076062798500061,0.5335570573806763,0.4317673444747925,0.37919461727142334,0.6744966506958008,0.5604026913642883,0.9138702750205994,0.9468680024147034,0.7603583335876465,0.7894737124443054,0.33706608414649963,0.8533034920692444,0.0542505607008934,0.9161073565483093,0.6565995812416077,0.5872483253479004,0.6047032475471497,0.48600223660469055,0.7222844362258911,0.9284116625785828,0.7466443181037903,0.5525727272033691,0.6420581936836243,0.43896976113319397,0.32698768377304077,0.5503355860710144,0.2857941687107086,0.3014541268348694,0.2321029156446457,0.5458613038063049,0.4266517460346222,0.4161073863506317,0.6778523325920105,0.5022371411323547,0.12863534688949585,0.19127516448497772,0.22956326603889465,0.2306830883026123,0.4642058312892914,0.41834452748298645,0.24244120717048645,0.08734602481126785,0.27883538603782654,0.4675615131855011,0.3661814033985138,0.3187919557094574,0.2606264054775238,0.5655094981193542,0.35722285509109497,0.8814317584037781,0.06087936833500862,0.46868008375167847,0.7046979665756226,0.4278523623943329,0.6208053827285767,0.7058165669441223,0.6588366627693176,0.6890380382537842,0.5554311275482178,0.6584546566009521,0.5946248769760132,0.28107503056526184,0.2539149820804596,0.5363941788673401,0.801008939743042,0.9097533822059631,0.9932584166526794,0.5769662857055664,0.9226457476615906
EXPD|launch,2026-05-04,EXPD,-0.056650907,-0.06429566,-0.04183516,-0.14576581,0.1685346,0.29013857,-0.13664629,-0.1810843,0.106359914,-0.010273305,-0.16922699,0.056325074,-0.07464555,-0.15347785,-0.15347785,-0.15347785,0.33181468,59.0,59.0,-0.07464555,-0.15880989,-0.10663603,-0.15880989,-0.05793371,-0.15880989,-0.18149824,0.47619048,-0.16868393,0.5714286,0.09176424,0.5555556,0.52380955,0.44444445,0.031746034,2.0,0.7403481,1.2481716,4.0,0.5063658,0.46562052,0.008825114,0.008825114,0.008553069,1.0318066,0.6853952,1.0354689,0.48015872,1.011561,1.0209793,0.92242783,-15.404553,0.8773101,0.7802654,0.8389376,0.3888889,0.4680952,0.88999575,0.531203,1.0703534,4.0,19.021069,0.08957766,0.7515748,0.39373702,0.81066644,0.67618525,0.7556948,0.13448118,0.5483871,-0.19714351,0.003968254,0.003968254,0.023809524,0.11111111,0.003968254,0.14205816388130188,0.2505592703819275,0.16890379786491394,0.17114093899726868,0.673378050327301,0.6163311004638672,0.16890379786491394,0.17114093899726868,0.673378050327301,0.6163311004638672,0.1487695723772049,0.599552571773529,0.2964205741882324,0.26621922850608826,0.3684210479259491,0.435610294342041,0.5935050249099731,0.5078387260437012,0.6907159090042114,0.4709172248840332,0.5671141147613525,0.2639821171760559,0.6629339456558228,0.5520716905593872,0.792833149433136,0.13534675538539886,0.3338926136493683,0.12080536782741547,0.8271812200546265,0.6573348045349121,0.806830883026123,0.5178970694541931,0.35626399517059326,0.3624161183834076,0.5206935405731201,0.12416107207536697,0.664053738117218,0.7360178828239441,0.5234899520874023,0.42953020334243774,0.19686800241470337,0.14317673444747925,0.2653975486755371,0.33930569887161255,0.224832221865654,0.5760626196861267,0.2670772671699524,0.18253079056739807,0.2541993260383606,0.4026845693588257,0.025755878537893295,0.33109620213508606,0.1487695723772049,0.1702127605676651,0.2670772671699524,0.30648770928382874,0.29312288761138916,0.6554809808731079,0.7237136363983154,0.8484340310096741,0.47203579545021057,0.16219238936901093,0.45525726675987244,0.304250568151474,0.5173572301864624,0.36954087018966675,0.44680851697921753,0.6170212626457214,0.8909395933151245,0.5319148898124695,0.023542601615190506,0.01961883343756199,0.09438202530145645,0.21573033928871155,0.012892376631498337
EXPD|breakout,2026-05-18,EXPD,0.007908032,0.12211007,0.06429055,0.065303065,0.13837077,0.37982538,0.024143588,-0.0193675,0.03299632,0.1145109,0.08729421,0.008000598,0.0,0.0,-0.050108973,-0.050108973,0.41786832,69.0,0.0,-0.07464555,-0.111772224,-0.05936984,-0.15880989,-0.062498588,-0.15880989,0.18168806,0.52380955,0.071655706,0.5873016,0.07818051,0.54761904,0.5714286,0.4920635,0.015873017,0.0,1.1932988,1.2132893,5.0,0.5382174,0.5646782,0.009567,0.009567,0.008507197,1.1245773,0.9272951,1.122516,0.61904764,1.1794473,1.0765618,0.9476425,-8.484349,0.79640275,0.98868906,0.85147744,0.109126985,0.493661,1.1081821,0.5709328,1.0222253,1.0,18.917421,0.2942714,0.008360929,0.177651,0.8155589,0.534111,0.6982483,0.28144786,0.62068963,-0.12428024,0.5674603,0.53174603,0.6547619,0.13095239,0.043650795,0.6442952752113342,0.9429529905319214,0.7774049043655396,0.7147650718688965,0.6431767344474792,0.753915011882782,0.7774049043655396,0.7147650718688965,0.6431767344474792,0.753915011882782,0.7740492224693298,0.5223713517189026,0.9519015550613403,0.9686800837516785,0.7751677632331848,0.7973124384880066,0.6987681984901428,0.5386338233947754,0.032438479363918304,0.5961968898773193,0.7885906100273132,0.5749440789222717,0.6756151914596558,0.535794198513031,0.7973124384880066,0.7684563994407654,0.7013422846794128,0.7237136363983154,0.9144295454025269,0.6487695574760437,0.7729306221008301,0.7102908492088318,0.48434004187583923,0.4244966506958008,0.2678970992565155,0.7237136363983154,0.6677852272987366,0.9491051435470581,0.753915011882782,0.7572706937789917,0.25167784094810486,0.231543630361557,0.2609182596206665,0.4120940566062927,0.41163310408592224,0.6196867823600769,0.34770438075065613,0.543113112449646,0.32698768377304077,0.3991031348705292,0.11534154415130615,0.14653243124485016,0.4194630980491638,0.12989921867847443,0.057670772075653076,0.5794183611869812,0.7623873949050903,0.8836688995361328,0.5648769736289978,0.6325503587722778,0.4463087320327759,0.34899330139160156,0.152125284075737,0.21923936903476715,0.5498320460319519,0.31802910566329956,0.4333706498146057,0.7670772671699524,0.9597315192222595,0.7827547788619995,0.6875699758529663,0.7133258581161499,0.718539297580719,0.1657303422689438,0.16461366415023804
