feature,n,median_pct,in_top30,in_bottom30,min,max,p_random_top,p_random_bot
roc_5,9,0.21500560641288757,0,6,0.025755878537893295,0.3736017942428589,1.0,0.025294841999999994
roc_10,9,0.20357941091060638,0,6,0.02239641733467579,0.6431767344474792,1.0,0.025294841999999994
roc_21,9,0.19798657298088074,1,6,0.014541386626660824,0.828667402267456,0.959646393,0.025294841999999994
roc_63,9,0.20022371411323547,0,9,0.0,0.29530200362205505,1.0,1.9682999999999994e-05
roc_126,9,0.26174497604370117,0,6,0.004469273743016759,0.6756151914596558,1.0,0.025294841999999994
roc_252,9,0.20469798147678375,0,5,0.024581005586592177,0.6017897129058838,1.0,0.09880865999999996
xs_spy_21,9,0.19798657298088074,1,6,0.014541386626660824,0.828667402267456,0.959646393,0.025294841999999994
xs_spy_63,9,0.20022371411323547,0,9,0.0,0.29530200362205505,1.0,1.9682999999999994e-05
xs_spy_126,9,0.26174497604370117,0,6,0.004469273743016759,0.6756151914596558,1.0,0.025294841999999994
xs_spy_252,9,0.20469798147678375,0,5,0.024581005586592177,0.6017897129058838,1.0,0.09880865999999996
xs_sec_63,9,0.15771812200546265,0,7,0.0,0.5324384570121765,1.0,0.004290893999999999
xs_sec_126,9,0.2897091805934906,0,5,0.0022346368715083797,0.5145413875579834,1.0,0.09880865999999996
off_high_21,9,0.14205816388130188,0,6,0.014541386626660824,0.673378050327301,1.0,0.025294841999999994
off_high_63,9,0.08968609571456909,0,7,0.0,0.4451901614665985,1.0,0.004290893999999999
off_high_126,9,0.13901345431804657,0,7,0.0022371364653243847,0.4636058211326599,1.0,0.004290893999999999
off_high_252,9,0.16816143691539764,0,6,0.0011185682326621924,0.5229563117027283,1.0,0.025294841999999994
off_low_252,9,0.25224214792251587,1,5,0.02796420581655481,0.7197309136390686,0.959646393,0.09880865999999996
days_since_high_252,9,0.7547592385218365,5,0,0.39069506525993347,0.9899103045463562,0.09880865999999996,1.0
days_since_high_63,9,0.7248322367668152,5,0,0.4177852272987366,0.9284116625785828,0.09880865999999996,1.0
mdd_21,9,0.22035793960094452,2,5,0.016778523102402687,0.7695749402046204,0.803996766,0.09880865999999996
mdd_63,9,0.10762331634759903,0,6,0.0,0.5469798445701599,1.0,0.025294841999999994
mean_dd_63,9,0.22035793960094452,1,5,0.0,0.7013422846794128,0.959646393,0.09880865999999996
mdd_126,9,0.22533632814884186,0,5,0.0044742729306487695,0.600223958492279,1.0,0.09880865999999996
mean_dd_126,9,0.5151175856590271,1,3,0.0145413870246085,0.9272116422653198,0.959646393,0.5371688339999998
mdd_252,9,0.2978723347187042,2,5,0.003355704697986577,0.7659574747085571,0.803996766,0.09880865999999996
eff_21,9,0.23266218602657318,1,7,0.05480984225869179,0.8611422181129456,0.959646393,0.004290893999999999
up_share_21,9,0.39261746406555176,1,3,0.025755878537893295,0.9473684430122375,0.959646393,0.5371688339999998
eff_63,9,0.20581655204296112,0,9,0.0067039106145251395,0.2829977571964264,1.0,1.9682999999999994e-05
up_share_63,9,0.2970851957798004,0,6,0.14373601973056793,0.5984340310096741,1.0,0.025294841999999994
eff_126,9,0.24860022962093353,0,6,0.042505592841163314,0.650615930557251,1.0,0.025294841999999994
up_share_126,9,0.411995530128479,2,2,0.1754484325647354,0.7469204664230347,0.803996766,0.803996766
up_pair_10_63,9,0.27293065190315247,2,6,0.032438479363918304,0.8015695214271545,0.803996766,0.025294841999999994
up_pair_21_63,9,0.36042600870132446,2,4,0.12248322367668152,0.8811659216880798,0.803996766,0.27034090199999994
new_high63_share_63,9,0.34899330139160156,2,4,0.09116330742835999,0.8859060406684875,0.803996766,0.27034090199999994
new_high252_count_63,9,0.42569832402234636,1,4,0.21252796053886414,0.9211409687995911,0.959646393,0.27034090199999994
gain_pain_63,9,0.20357941091060638,0,9,0.024581005586592177,0.2829977571964264,1.0,1.9682999999999994e-05
gain_pain_126,9,0.23964165151119232,0,6,0.06606943160295486,0.6685330271720886,1.0,0.025294841999999994
higher_lows_6,9,0.27659574151039124,1,5,0.07885906100273132,0.8963004350662231,0.959646393,0.09880865999999996
close_loc_21,9,0.4306487739086151,2,3,0.1142217218875885,0.7852349281311035,0.803996766,0.5371688339999998
gap_share_21,9,0.22706934809684753,1,6,0.01230425015091896,0.8299776315689087,0.959646393,0.025294841999999994
mad_21,9,0.5950782895088196,4,2,0.19351230561733246,0.8533034920692444,0.27034090199999994,0.803996766
mad_63,9,0.665919303894043,4,1,0.2505592703819275,0.9050279329608939,0.27034090199999994,0.959646393
mad_252,9,0.6842105388641357,4,1,0.2653975486755371,0.8702460850111857,0.27034090199999994,0.959646393
vol_roc_21_252,9,0.6461366415023804,3,2,0.07718120805369127,0.7805151343345642,0.5371688339999998,0.803996766
vol_roc_5_63,9,0.4260089695453644,1,4,0.055865921787709494,0.9977628588676453,0.959646393,0.27034090199999994
vol_roc_21_vs_21ago,9,0.43673011660575867,2,3,0.05251396648044693,0.8422818779945374,0.803996766,0.5371688339999998
vol_pctile_own_252,9,0.5773542523384094,2,2,0.06270996640537514,0.884529173374176,0.803996766,0.803996766
range_comp_10_252,9,0.8443449139595032,5,1,0.06599552572706935,0.9809630513191223,0.09880865999999996,0.959646393
range_roc_21_252,9,0.606942892074585,4,3,0.06159014627337456,0.9048152565956116,0.27034090199999994,0.5371688339999998
down_up_move_63,9,0.4118967354297638,3,2,0.26599326729774475,0.935050368309021,0.5371688339999998,0.803996766
worst_day_63,9,0.06382978707551956,0,7,0.0011185682326621924,0.5162373781204224,1.0,0.004290893999999999
volume_roc_5_63,9,0.6647982001304626,4,1,0.12960893854748604,0.9429529905319214,0.27034090199999994,0.959646393
volume_roc_10_63,9,0.7248322367668152,5,1,0.08603351955307263,0.9306487441062927,0.09880865999999996,0.959646393
volume_roc_21_252,9,0.6416573524475098,2,1,0.08062709867954254,0.9977578520774841,0.803996766,0.959646393
volume_pctile_own_252,9,0.5487667918205261,4,1,0.1724524050951004,0.9887892603874207,0.27034090199999994,0.959646393
up_volume_share_21,9,0.21476510167121887,1,6,0.025755878537893295,0.7525196075439453,0.959646393,0.025294841999999994
pullback_volume_21,9,0.68813556432724,4,2,0.18151071667671204,0.9599542617797852,0.27034090199999994,0.803996766
up_volume_share_63,9,0.22533632814884186,0,5,0.03914988785982132,0.4239373505115509,1.0,0.09880865999999996
pullback_volume_63,9,0.5682326555252075,2,3,0.16554810106754303,0.9977628588676453,0.803996766,0.5371688339999998
accum_minus_dist_50,9,0.20772676169872284,0,6,0.08109619468450546,0.4312080442905426,1.0,0.025294841999999994
log_dollar_vol_63,9,0.6192609071731567,1,2,0.11396648044692738,0.7986577153205872,0.959646393,0.803996766
up_capture_63,9,0.4764573872089386,2,3,0.020134227350354195,0.9508379888268157,0.803996766,0.5371688339999998
down_capture_63,9,0.7443946003913879,6,0,0.5559284090995789,0.9988826815642458,0.025294841999999994,1.0
beta_l1_63,9,0.597533643245697,3,0,0.34116330742836,0.9977653631284916,0.5371688339999998,1.0
up_capture_252,9,0.5543113350868225,3,2,0.0559910424053669,0.9507829977628636,0.5371688339999998,0.803996766
down_capture_252,9,0.7267637252807617,5,1,0.2351623773574829,0.9921700223713646,0.09880865999999996,0.959646393
beta_l1_252,9,0.6248600482940674,4,2,0.12541992962360382,0.9731543624161074,0.27034090199999994,0.803996766
capture_spread_252,9,0.15789473056793213,0,6,0.05711086094379425,0.5688689947128296,1.0,0.025294841999999994
defend_share_63,9,0.2102908343076706,1,6,0.02569832402234637,0.8148769736289978,0.959646393,0.025294841999999994
rs_off_high_252,9,0.32474803924560547,0,4,0.0011185682326621924,0.50055992603302,1.0,0.27034090199999994
roc_63_pctile_own,9,0.1928251087665558,0,8,0.016816142946481705,0.47757846117019653,1.0,0.0004330259999999999
xs_spy_63_pctile_own,9,0.21524663269519806,0,9,0.05039193729003359,0.2606502175331116,1.0,1.9682999999999994e-05
off_high_252_pctile_own,9,0.15349887311458588,0,6,0.02254791431792559,0.5530474185943604,1.0,0.025294841999999994
volume_roc_21_252_pctile_own,9,0.7393018007278442,7,1,0.17772778868675232,0.9785068035125732,0.004290893999999999,0.959646393
up_capture_63_pctile_own,9,0.3239910304546356,3,4,0.04988789185881615,0.9091928005218506,0.5371688339999998,0.27034090199999994
