factor,day,h,year,q5_minus_q1_rax
VV,UP,7,2005,
VV,UP,7,2006,
VV,UP,7,2007,
VV,UP,7,2008,
VV,UP,7,2009,-0.016339201385184403
VV,UP,7,2010,-0.005846067539551442
VV,UP,7,2011,0.012292939050199228
VV,UP,7,2012,-0.02603958066548161
VV,UP,7,2013,-0.014460903197245769
VV,UP,7,2014,-0.014209864781753909
VV,UP,7,2015,0.0069399682858098605
VV,UP,7,2016,-0.020333763951124167
VV,UP,7,2017,-0.06174567665258713
VV,UP,7,2018,-0.0009551969343821711
VV,UP,7,2019,-0.018213935692066033
VV,UP,7,2020,-0.001783389964926174
VV,UP,7,2021,-0.04261255493735571
VV,UP,7,2022,0.06020878512212531
VV,UP,7,2023,-0.045768806609593676
VV,UP,7,2024,0.04819622182141375
VV,UP,7,2025,-0.025125867019070595
VV,UP,7,2026,0.024405152061230298
VV,UP,14,2005,
VV,UP,14,2006,
VV,UP,14,2007,
VV,UP,14,2008,
VV,UP,14,2009,-0.020906571134640648
VV,UP,14,2010,-0.02892342439833312
VV,UP,14,2011,0.0027230467203179045
VV,UP,14,2012,-0.04304517356413851
VV,UP,14,2013,-0.017588757471604186
VV,UP,14,2014,-0.002371830842715275
VV,UP,14,2015,0.018181533654225864
VV,UP,14,2016,-0.020774397021936095
VV,UP,14,2017,-0.07012113508027175
VV,UP,14,2018,-0.0061555943794657005
VV,UP,14,2019,-0.034091260410177335
VV,UP,14,2020,-0.020453044714933165
VV,UP,14,2021,-0.048414693724133304
VV,UP,14,2022,0.03386291758955922
VV,UP,14,2023,-0.03970832611127985
VV,UP,14,2024,0.010067091428848655
VV,UP,14,2025,-0.04662716327388814
VV,UP,14,2026,0.027832959409731444
VV,UP,21,2005,
VV,UP,21,2006,
VV,UP,21,2007,
VV,UP,21,2008,
VV,UP,21,2009,-0.0252361912111508
VV,UP,21,2010,-0.015167550483789805
VV,UP,21,2011,-0.012435702303618488
VV,UP,21,2012,-0.048751099239732046
VV,UP,21,2013,-0.03196258394080128
VV,UP,21,2014,0.008295119077637357
VV,UP,21,2015,0.025240763430705186
VV,UP,21,2016,-0.02007897621656407
VV,UP,21,2017,-0.08436758785809502
VV,UP,21,2018,0.00981346917570614
VV,UP,21,2019,-0.028832640354338503
VV,UP,21,2020,-0.04089231977426099
VV,UP,21,2021,-0.04762626206704254
VV,UP,21,2022,0.03341119106534722
VV,UP,21,2023,-0.018089093418961248
VV,UP,21,2024,-0.021096508960965772
VV,UP,21,2025,-0.05471044635949144
VV,UP,21,2026,0.037714235012954594
VV,UP,42,2005,
VV,UP,42,2006,
VV,UP,42,2007,
VV,UP,42,2008,
VV,UP,42,2009,-0.03050052201643253
VV,UP,42,2010,-0.016752583714557612
VV,UP,42,2011,-0.027013145759061895
VV,UP,42,2012,-0.06420651963670027
VV,UP,42,2013,-0.07243995228124166
VV,UP,42,2014,-0.02010621753632521
VV,UP,42,2015,-0.008099401878597647
VV,UP,42,2016,-0.012228801105047626
VV,UP,42,2017,-0.10317427090634586
VV,UP,42,2018,0.018837123409853135
VV,UP,42,2019,-0.045232927407510753
VV,UP,42,2020,-0.06768789647877431
VV,UP,42,2021,-0.049256317326338346
VV,UP,42,2022,0.012203192419274056
VV,UP,42,2023,-0.03704625014695646
VV,UP,42,2024,-0.04477157268738099
VV,UP,42,2025,-0.02359228860554956
VV,UP,42,2026,0.0018714366405904869
VV,DOWN,7,2005,
VV,DOWN,7,2006,
VV,DOWN,7,2007,
VV,DOWN,7,2008,
VV,DOWN,7,2009,-0.030210829225013478
VV,DOWN,7,2010,-0.02331183929237812
VV,DOWN,7,2011,-0.015210351629005673
VV,DOWN,7,2012,-0.06094306279183678
VV,DOWN,7,2013,-0.043754448279295095
VV,DOWN,7,2014,-0.0023467558972624213
VV,DOWN,7,2015,0.003449508826857881
VV,DOWN,7,2016,-0.027488602821911224
VV,DOWN,7,2017,-0.05853815070363326
VV,DOWN,7,2018,-0.0023308061121963155
VV,DOWN,7,2019,-0.04506164280337153
VV,DOWN,7,2020,-0.018533003832677163
VV,DOWN,7,2021,-0.04552698822814186
VV,DOWN,7,2022,0.009465815880041754
VV,DOWN,7,2023,-0.012894024265485205
VV,DOWN,7,2024,0.014223851261379029
VV,DOWN,7,2025,-0.0387474416734533
VV,DOWN,7,2026,0.023765771558050507
VV,DOWN,14,2005,
VV,DOWN,14,2006,
VV,DOWN,14,2007,
VV,DOWN,14,2008,
VV,DOWN,14,2009,-0.05369202111766518
VV,DOWN,14,2010,-0.036391217676806656
VV,DOWN,14,2011,-0.0037160293179359987
VV,DOWN,14,2012,-0.07603843128872807
VV,DOWN,14,2013,-0.061596423776737325
VV,DOWN,14,2014,0.009905692930332624
VV,DOWN,14,2015,0.0073171750191942525
VV,DOWN,14,2016,-0.039703599452188126
VV,DOWN,14,2017,-0.0600431298336897
VV,DOWN,14,2018,-0.009432462970612298
VV,DOWN,14,2019,-0.048964955600071414
VV,DOWN,14,2020,-0.03188265330237016
VV,DOWN,14,2021,-0.031451086488411564
VV,DOWN,14,2022,0.011379785286053417
VV,DOWN,14,2023,-0.013727170681463246
VV,DOWN,14,2024,-0.0060251242160644924
VV,DOWN,14,2025,-0.051753553224731845
VV,DOWN,14,2026,0.04652845431285868
VV,DOWN,21,2005,
VV,DOWN,21,2006,
VV,DOWN,21,2007,
VV,DOWN,21,2008,
VV,DOWN,21,2009,-0.05568961724916499
VV,DOWN,21,2010,-0.03628945299114964
VV,DOWN,21,2011,-0.00805219554816136
VV,DOWN,21,2012,-0.06924308840944739
VV,DOWN,21,2013,-0.061270724760960606
VV,DOWN,21,2014,0.017651275554314814
VV,DOWN,21,2015,0.02779282173147458
VV,DOWN,21,2016,-0.03384941177476343
VV,DOWN,21,2017,-0.07648964513783203
VV,DOWN,21,2018,0.0011593110196760849
VV,DOWN,21,2019,-0.04527378202419214
VV,DOWN,21,2020,-0.039178591632682516
VV,DOWN,21,2021,-0.0431846979916369
VV,DOWN,21,2022,0.014574343326393683
VV,DOWN,21,2023,-0.01068719070227115
VV,DOWN,21,2024,-0.04076088715240369
VV,DOWN,21,2025,-0.05514558253364413
VV,DOWN,21,2026,0.046162827322271026
VV,DOWN,42,2005,
VV,DOWN,42,2006,
VV,DOWN,42,2007,
VV,DOWN,42,2008,
VV,DOWN,42,2009,-0.06028439475317559
VV,DOWN,42,2010,-0.0268232807713158
VV,DOWN,42,2011,-0.01587168560663295
VV,DOWN,42,2012,-0.08104421330289652
VV,DOWN,42,2013,-0.09925569290437583
VV,DOWN,42,2014,-0.025609258684589634
VV,DOWN,42,2015,0.020484609282271294
VV,DOWN,42,2016,-0.02286827371888615
VV,DOWN,42,2017,-0.08259254951381458
VV,DOWN,42,2018,0.006728238295468787
VV,DOWN,42,2019,-0.039168245591050734
VV,DOWN,42,2020,-0.08012649818266622
VV,DOWN,42,2021,-0.04998959138177351
VV,DOWN,42,2022,-0.012920400112027483
VV,DOWN,42,2023,-0.03329445568368585
VV,DOWN,42,2024,-0.061657440345496896
VV,DOWN,42,2025,-0.003600525405699461
VV,DOWN,42,2026,0.0026427819941090315
VV_ROC,UP,7,2005,
VV_ROC,UP,7,2006,
VV_ROC,UP,7,2007,
VV_ROC,UP,7,2008,
VV_ROC,UP,7,2009,-0.022645103368773897
VV_ROC,UP,7,2010,0.015064455797991136
VV_ROC,UP,7,2011,-0.02470249702089175
VV_ROC,UP,7,2012,1.1145315377251164e-06
VV_ROC,UP,7,2013,-0.019479223483633075
VV_ROC,UP,7,2014,-0.004958447769176889
VV_ROC,UP,7,2015,0.0007701885010350586
VV_ROC,UP,7,2016,-0.037356690188393826
VV_ROC,UP,7,2017,-0.025609704932183248
VV_ROC,UP,7,2018,0.01782399687473185
VV_ROC,UP,7,2019,-0.022919753012058054
VV_ROC,UP,7,2020,0.00746572108441889
VV_ROC,UP,7,2021,-0.034236167983114296
VV_ROC,UP,7,2022,0.006354160913960467
VV_ROC,UP,7,2023,-0.01708124974792797
VV_ROC,UP,7,2024,0.033767686247272846
VV_ROC,UP,7,2025,0.01219708002327684
VV_ROC,UP,7,2026,0.02929264176744437
VV_ROC,UP,14,2005,
VV_ROC,UP,14,2006,
VV_ROC,UP,14,2007,
VV_ROC,UP,14,2008,
VV_ROC,UP,14,2009,-0.03645100620746143
VV_ROC,UP,14,2010,-0.020603422311531713
VV_ROC,UP,14,2011,-0.030062270280227
VV_ROC,UP,14,2012,-0.02526331036426394
VV_ROC,UP,14,2013,-0.01919826145715744
VV_ROC,UP,14,2014,0.007029117720490579
VV_ROC,UP,14,2015,0.0004917741980196177
VV_ROC,UP,14,2016,-0.058866957138679656
VV_ROC,UP,14,2017,-0.017636784591600327
VV_ROC,UP,14,2018,-0.013069720987221449
VV_ROC,UP,14,2019,-0.021366558342012128
VV_ROC,UP,14,2020,-0.014255127196184025
VV_ROC,UP,14,2021,-0.02239951525988035
VV_ROC,UP,14,2022,0.01950878239288566
VV_ROC,UP,14,2023,-0.009981673938334863
VV_ROC,UP,14,2024,0.028875576851680993
VV_ROC,UP,14,2025,-0.026144039719141605
VV_ROC,UP,14,2026,0.004170915262056738
VV_ROC,UP,21,2005,
VV_ROC,UP,21,2006,
VV_ROC,UP,21,2007,
VV_ROC,UP,21,2008,
VV_ROC,UP,21,2009,-0.027969807950219472
VV_ROC,UP,21,2010,-0.02904813702138336
VV_ROC,UP,21,2011,-0.03855590338034589
VV_ROC,UP,21,2012,-0.029881203479319624
VV_ROC,UP,21,2013,-0.009546595598333906
VV_ROC,UP,21,2014,0.013819633060909072
VV_ROC,UP,21,2015,-0.005101856044017511
VV_ROC,UP,21,2016,-0.05293061015489071
VV_ROC,UP,21,2017,-0.03483252906595067
VV_ROC,UP,21,2018,-0.022206260969421444
VV_ROC,UP,21,2019,-0.012459943134150971
VV_ROC,UP,21,2020,-0.022264228271929754
VV_ROC,UP,21,2021,-0.0208629481666308
VV_ROC,UP,21,2022,0.006443520318025981
VV_ROC,UP,21,2023,0.0005509718334062004
VV_ROC,UP,21,2024,0.004972965687225727
VV_ROC,UP,21,2025,-0.04059104553580773
VV_ROC,UP,21,2026,-0.009276551447336351
VV_ROC,UP,42,2005,
VV_ROC,UP,42,2006,
VV_ROC,UP,42,2007,
VV_ROC,UP,42,2008,
VV_ROC,UP,42,2009,-0.04559715011566892
VV_ROC,UP,42,2010,-0.049609511621726256
VV_ROC,UP,42,2011,-0.03340158264530494
VV_ROC,UP,42,2012,-0.03216822150250447
VV_ROC,UP,42,2013,-0.023907165725602073
VV_ROC,UP,42,2014,0.0091040206709146
VV_ROC,UP,42,2015,0.00847344114492159
VV_ROC,UP,42,2016,-0.07662810523665861
VV_ROC,UP,42,2017,-0.044638115769658405
VV_ROC,UP,42,2018,-0.018635461243291872
VV_ROC,UP,42,2019,-0.04247964150354954
VV_ROC,UP,42,2020,-0.04002367868713175
VV_ROC,UP,42,2021,-0.0347407842680986
VV_ROC,UP,42,2022,-0.0025436907266789925
VV_ROC,UP,42,2023,0.00504872139322536
VV_ROC,UP,42,2024,-0.009446956614501654
VV_ROC,UP,42,2025,-0.002351487592614741
VV_ROC,UP,42,2026,-0.023401858275982054
VV_ROC,DOWN,7,2005,
VV_ROC,DOWN,7,2006,
VV_ROC,DOWN,7,2007,
VV_ROC,DOWN,7,2008,
VV_ROC,DOWN,7,2009,-0.02836449655790295
VV_ROC,DOWN,7,2010,-0.01359268626441421
VV_ROC,DOWN,7,2011,-0.00750055505030582
VV_ROC,DOWN,7,2012,-0.014277697562020734
VV_ROC,DOWN,7,2013,-0.05674816173207659
VV_ROC,DOWN,7,2014,-0.01944547136420287
VV_ROC,DOWN,7,2015,0.008939842661910103
VV_ROC,DOWN,7,2016,-0.03680362311531824
VV_ROC,DOWN,7,2017,-0.013683457336960119
VV_ROC,DOWN,7,2018,-0.003566212777815124
VV_ROC,DOWN,7,2019,-0.03167818495749682
VV_ROC,DOWN,7,2020,-0.0017729732213821686
VV_ROC,DOWN,7,2021,-0.02139781804690907
VV_ROC,DOWN,7,2022,-0.012732565028904881
VV_ROC,DOWN,7,2023,0.0036770619571326593
VV_ROC,DOWN,7,2024,0.025199863426828395
VV_ROC,DOWN,7,2025,-0.000311605956946898
VV_ROC,DOWN,7,2026,0.02599928929995249
VV_ROC,DOWN,14,2005,
VV_ROC,DOWN,14,2006,
VV_ROC,DOWN,14,2007,
VV_ROC,DOWN,14,2008,
VV_ROC,DOWN,14,2009,-0.04250681180991229
VV_ROC,DOWN,14,2010,-0.03069355589791532
VV_ROC,DOWN,14,2011,-0.0009747039736638772
VV_ROC,DOWN,14,2012,-0.028859046192572832
VV_ROC,DOWN,14,2013,-0.06975156522986156
VV_ROC,DOWN,14,2014,-0.013158219498638702
VV_ROC,DOWN,14,2015,-0.003057975217712402
VV_ROC,DOWN,14,2016,-0.06430998632106867
VV_ROC,DOWN,14,2017,-0.019416503275285924
VV_ROC,DOWN,14,2018,-0.0182245131076724
VV_ROC,DOWN,14,2019,-0.03040349178864175
VV_ROC,DOWN,14,2020,0.0012668294858670073
VV_ROC,DOWN,14,2021,-0.014409116394642383
VV_ROC,DOWN,14,2022,0.003212827405300932
VV_ROC,DOWN,14,2023,0.014443246126793787
VV_ROC,DOWN,14,2024,0.02121214635289144
VV_ROC,DOWN,14,2025,-0.016389348742481744
VV_ROC,DOWN,14,2026,0.025573651180349585
VV_ROC,DOWN,21,2005,
VV_ROC,DOWN,21,2006,
VV_ROC,DOWN,21,2007,
VV_ROC,DOWN,21,2008,
VV_ROC,DOWN,21,2009,-0.02736368686055045
VV_ROC,DOWN,21,2010,-0.0459709570674104
VV_ROC,DOWN,21,2011,0.007171977279486038
VV_ROC,DOWN,21,2012,-0.030072006636134428
VV_ROC,DOWN,21,2013,-0.045994761443689636
VV_ROC,DOWN,21,2014,0.002861074016671777
VV_ROC,DOWN,21,2015,0.011559971625057565
VV_ROC,DOWN,21,2016,-0.06074646026956538
VV_ROC,DOWN,21,2017,-0.040495007007413944
VV_ROC,DOWN,21,2018,-0.01808558171080406
VV_ROC,DOWN,21,2019,-0.034068073638095976
VV_ROC,DOWN,21,2020,0.011428434018317104
VV_ROC,DOWN,21,2021,-0.018273598789272982
VV_ROC,DOWN,21,2022,0.007851223249855951
VV_ROC,DOWN,21,2023,0.022023545383470896
VV_ROC,DOWN,21,2024,-0.0016110179096052437
VV_ROC,DOWN,21,2025,-0.029333481757598163
VV_ROC,DOWN,21,2026,0.007954488649717942
VV_ROC,DOWN,42,2005,
VV_ROC,DOWN,42,2006,
VV_ROC,DOWN,42,2007,
VV_ROC,DOWN,42,2008,
VV_ROC,DOWN,42,2009,-0.06004870188581805
VV_ROC,DOWN,42,2010,-0.04410117480418619
VV_ROC,DOWN,42,2011,-0.0146606364022526
VV_ROC,DOWN,42,2012,-0.027206367412802638
VV_ROC,DOWN,42,2013,-0.060985870771781275
VV_ROC,DOWN,42,2014,-0.010262456879969897
VV_ROC,DOWN,42,2015,0.01581696558321818
VV_ROC,DOWN,42,2016,-0.07955481105968118
VV_ROC,DOWN,42,2017,-0.045986578003783134
VV_ROC,DOWN,42,2018,0.008968852508043008
VV_ROC,DOWN,42,2019,-0.054783198651714694
VV_ROC,DOWN,42,2020,-0.030973290743635248
VV_ROC,DOWN,42,2021,-0.024798286554586834
VV_ROC,DOWN,42,2022,-0.00308062727181615
VV_ROC,DOWN,42,2023,0.023446636422942316
VV_ROC,DOWN,42,2024,-0.008636367474000298
VV_ROC,DOWN,42,2025,0.007639248234813628
VV_ROC,DOWN,42,2026,-0.00019900480514167956
