asof,rank,tier,ticker,Sector,beta_bucket,P_topq_42d,P_topq_63d,basis,n_signatures,avg_score,model
2026-10-07,1,1,AMKR,Technology,high,0.5319,0.5443,composite 1.00 (+signatures),36,0.99608063,39a5401a35848049
2026-10-07,2,1,MRVL,Technology,high,0.5297,0.5312,composite 0.99 (+signatures),50,0.99328108,39a5401a35848049
2026-10-07,3,1,LITE,Technology,high,0.5292,0.5286,composite 0.99 (+signatures),44,0.99272116,39a5401a35848049
2026-10-07,4,1,GLW,Technology,high,0.5292,0.5265,composite 0.99 (+signatures),41,0.99216125,39a5401a35848049
2026-10-07,5,1,TTMI,Technology,high,0.5292,0.5265,composite 0.99 (+signatures),55,0.99160134,39a5401a35848049
2026-10-07,6,1,MRNA,Healthcare,high,0.5292,0.5265,composite 0.99 (+signatures),81,0.9893617,39a5401a35848049
2026-10-07,7,1,ENTG,Technology,high,0.5292,0.5265,composite 0.99 (+signatures),28,0.9893617,39a5401a35848049
2026-10-07,8,1,DELL,Technology,high,0.5292,0.5265,composite 0.99 (+signatures),73,0.98824188,39a5401a35848049
2026-10-07,9,1,HPE,Technology,high,0.5292,0.5265,composite 0.99 (+signatures),91,0.98544233,39a5401a35848049
2026-10-07,10,1,SMTC,Technology,high,0.528,0.5265,composite 0.98 (+signatures),64,0.9837626,39a5401a35848049
2026-10-07,11,1,MTSI,Technology,high,0.512,0.5203,signatures x30 (+composite),30,0.98040314,39a5401a35848049
2026-10-07,12,1,SANM,Technology,high,0.512,0.5203,signatures x33 (+composite),33,0.95576708,39a5401a35848049
2026-10-07,13,1,SITM,Technology,high,0.512,0.5203,signatures x59 (+composite),59,0.95072788,39a5401a35848049
2026-10-07,14,1,LSCC,Technology,high,0.512,0.5203,signatures x27 (+composite),27,0.93952968,39a5401a35848049
2026-10-07,15,1,NVT,Industrials,high,0.512,0.5203,signatures x41 (+composite),41,0.92889138,39a5401a35848049
2026-10-07,16,1,AMD,Technology,high,0.512,0.5203,signatures x63 (+composite),63,0.91769317,39a5401a35848049
2026-10-07,17,1,SMCI,Technology,high,0.512,0.5203,signatures x51 (+composite),51,0.8118701,39a5401a35848049
2026-10-07,18,1,RMBS,Technology,high,0.512,0.5203,signatures x11 (+composite),11,0.80011198,39a5401a35848049
2026-10-07,19,1,MKSI,Technology,high,0.5015,0.5025,composite 0.98 (+signatures),43,0.98040314,39a5401a35848049
2026-10-07,20,1,COHR,Technology,high,0.497,0.485,composite 0.98 (+signatures),16,0.97536394,39a5401a35848049
2026-10-07,21,1,VIAV,Technology,high,0.466,0.4815,composite 0.97 (+signatures),16,0.97200448,39a5401a35848049
2026-10-07,22,1,FLEX,Technology,high,0.46,0.4915,signatures x49 (+composite),49,0.95912654,39a5401a35848049
2026-10-07,23,1,AMAT,Technology,high,0.46,0.4915,signatures x33 (+composite),33,0.95912654,39a5401a35848049
2026-10-07,24,1,KLAC,Technology,high,0.46,0.4915,signatures x33 (+composite),33,0.95856663,39a5401a35848049
2026-10-07,25,1,AEIS,Industrials,high,0.46,0.4915,signatures x21 (+composite),21,0.94512878,39a5401a35848049
2026-10-07,26,1,VICR,Technology,high,0.46,0.4915,signatures x60 (+composite),60,0.94232923,39a5401a35848049
2026-10-07,27,1,ONTO,Technology,high,0.46,0.4915,signatures x11 (+composite),11,0.9406495,39a5401a35848049
2026-10-07,28,1,BE,Industrials,high,0.46,0.4915,signatures x54 (+composite),54,0.93617021,39a5401a35848049
2026-10-07,29,1,ON,Technology,high,0.46,0.4915,signatures x71 (+composite),71,0.924972,39a5401a35848049
2026-10-07,30,1,INTC,Technology,high,0.46,0.4915,signatures x40 (+composite),40,0.9087346,39a5401a35848049
2026-10-07,31,1,LRCX,Technology,high,0.46,0.4915,signatures x20 (+composite),20,0.90817469,39a5401a35848049
2026-10-07,32,1,SYNA,Technology,high,0.46,0.4915,signatures x38 (+composite),38,0.90593505,39a5401a35848049
2026-10-07,33,1,VRT,Industrials,high,0.46,0.4915,signatures x47 (+composite),47,0.90369541,39a5401a35848049
2026-10-07,34,1,DOCN,Technology,high,0.46,0.4915,signatures x54 (+composite),54,0.89529675,39a5401a35848049
2026-10-07,35,1,CIEN,Technology,high,0.46,0.4915,signatures x23 (+composite),23,0.88241881,39a5401a35848049
2026-10-07,36,1,JBL,Technology,high,0.46,0.4915,signatures x36 (+composite),36,0.86170213,39a5401a35848049
2026-10-07,37,1,DDOG,Technology,high,0.46,0.4888,signatures x21 (+composite),21,0.93673012,39a5401a35848049
2026-10-07,38,1,MU,Technology,high,0.4545,0.4708,composite 0.96 (+signatures),29,0.95800672,39a5401a35848049
2026-10-07,39,1,P,Technology,high,0.4545,0.463,composite 0.95 (+signatures),74,0.95352744,39a5401a35848049
2026-10-07,40,2,TWLO,Technology,high,0.4495,0.4618,signatures x83 (+composite),83,0.85890258,39a5401a35848049
2026-10-07,41,2,OKTA,Technology,high,0.4491,0.4618,signatures x66 (+composite),66,0.92609183,39a5401a35848049
2026-10-07,42,2,STX,Technology,high,0.4481,0.4618,signatures x61 (+composite),61,0.94288914,39a5401a35848049
2026-10-07,43,2,CRWD,Technology,high,0.4458,0.4618,signatures x59 (+composite),59,0.85386338,39a5401a35848049
2026-10-07,44,2,KEYS,Technology,high,0.4395,0.4399,composite 0.95 (+signatures),1,0.94792833,39a5401a35848049
2026-10-07,45,2,WDC,Technology,high,0.4395,0.4399,composite 0.94 (+signatures),29,0.94456887,39a5401a35848049
2026-10-07,46,2,WHR,Consumer Cyclical,high,0.4332,0.4245,signatures x15 (+composite),15,0.50615901,39a5401a35848049
2026-10-07,47,2,CGNX,Technology,high,0.4286,0.4156,signatures x4 (+composite),4,0.87234043,39a5401a35848049
2026-10-07,48,2,KTOS,Industrials,high,0.4275,0.4234,signatures x10 (+composite),10,0.78443449,39a5401a35848049
2026-10-07,49,2,PSN,Technology,high,0.4275,0.4234,signatures x8 (+composite),8,0.72844345,39a5401a35848049
2026-10-07,50,2,TER,Technology,high,0.4158,0.4171,composite 0.94 (+signatures),19,0.93729003,39a5401a35848049
2026-10-07,51,2,PATH,Technology,high,0.4153,0.4163,composite 0.94 (+signatures),25,0.93617021,39a5401a35848049
2026-10-07,52,2,STRL,Industrials,high,0.4137,0.4076,composite 0.93 (+signatures),18,0.93337066,39a5401a35848049
2026-10-07,53,2,ALGM,Technology,high,0.4078,0.4156,signatures x27 (+composite),27,0.92329227,39a5401a35848049
2026-10-07,54,2,HIMS,Healthcare,high,0.4078,0.4156,signatures x29 (+composite),29,0.88801792,39a5401a35848049
2026-10-07,55,2,SNDK,Technology,high,0.4078,0.4156,signatures x30 (+composite),30,0.85666293,39a5401a35848049
2026-10-07,56,2,NXT,Technology,high,0.4078,0.4156,signatures x7 (+composite),7,0.83594625,39a5401a35848049
2026-10-07,57,2,PANW,Technology,high,0.4071,0.4082,signatures x44 (+composite),44,0.80739082,39a5401a35848049
2026-10-07,58,2,RGEN,Healthcare,high,0.406,0.423,signatures x91 (+composite),91,0.76931691,39a5401a35848049
2026-10-07,59,2,PBF,Energy,low,0.4043,0.4374,signatures x83 (+composite),83,0.50503919,39a5401a35848049
2026-10-07,60,3,FN,Technology,high,0.3999,0.4156,signatures x6 (+composite),6,0.90201568,39a5401a35848049
2026-10-07,61,3,BTSG,Healthcare,high,0.3999,0.4156,signatures x18 (+composite),18,0.8980963,39a5401a35848049
2026-10-07,62,3,IPGP,Technology,high,0.3999,0.4156,signatures x5 (+composite),5,0.84042553,39a5401a35848049
2026-10-07,63,3,MP,Basic Materials,high,0.3999,0.4156,signatures x4 (+composite),4,0.83706607,39a5401a35848049
2026-10-07,64,3,AAON,Industrials,high,0.3999,0.4156,signatures x8 (+composite),8,0.8225084,39a5401a35848049
2026-10-07,65,3,MCHP,Technology,high,0.3999,0.4156,signatures x11 (+composite),11,0.82194849,39a5401a35848049
2026-10-07,66,3,CDE,Basic Materials,high,0.3999,0.4156,signatures x10 (+composite),10,0.80907055,39a5401a35848049
2026-10-07,67,3,DVA,Healthcare,low,0.3999,0.4156,signatures x24 (+composite),24,0.80795073,39a5401a35848049
2026-10-07,68,3,NOVT,Technology,high,0.3999,0.3925,signatures x7 (+composite),7,0.82530795,39a5401a35848049
2026-10-07,69,3,CRS,Industrials,high,0.3999,0.3925,signatures x23 (+composite),23,0.82306831,39a5401a35848049
2026-10-07,70,3,SNPS,Technology,high,0.3983,0.4052,signatures x6 (+composite),6,0.52015677,39a5401a35848049
2026-10-07,71,3,GEV,Industrials,high,0.3979,0.3925,signatures x11 (+composite),11,0.86338186,39a5401a35848049
2026-10-07,72,3,RRX,Industrials,high,0.3928,0.4076,composite 0.93 (+signatures),2,0.9300112,39a5401a35848049
2026-10-07,73,3,MTZ,Industrials,high,0.3878,0.4076,composite 0.92 (+signatures),1,0.92441209,39a5401a35848049
2026-10-07,74,3,IESC,Industrials,high,0.3878,0.4076,composite 0.91 (+signatures),11,0.91433371,39a5401a35848049
2026-10-07,75,3,ARW,Technology,high,0.3878,0.4076,composite 0.91 (+signatures),3,0.90985442,39a5401a35848049
2026-10-07,76,3,NTAP,Technology,high,0.3878,0.4076,composite 0.91,0,0.90761478,39a5401a35848049
2026-10-07,77,3,SN,Consumer Cyclical,high,0.3878,0.4076,composite 0.90 (+signatures),4,0.89865622,39a5401a35848049
2026-10-07,78,3,BRKR,Healthcare,high,0.3878,0.4076,composite 0.90 (+signatures),14,0.8980963,39a5401a35848049
2026-10-07,79,3,ATI,Industrials,high,0.3878,0.4076,composite 0.90 (+signatures),2,0.89697648,39a5401a35848049
2026-10-07,80,3,AVT,Technology,high,0.3832,0.3981,composite 0.89 (+signatures),11,0.89193729,39a5401a35848049
2026-10-07,81,3,ANET,Technology,high,0.3797,0.3884,composite 0.88 (+signatures),3,0.88353863,39a5401a35848049
2026-10-07,82,3,HRB,Consumer Cyclical,low,0.3784,0.3998,signatures x24 (+composite),24,0.58398656,39a5401a35848049
2026-10-07,83,3,QLYS,Technology,low,0.3774,0.3973,signatures x41 (+composite),41,0.57950728,39a5401a35848049
2026-10-07,84,3,MTDR,Energy,low,0.3774,0.3973,signatures x11 (+composite),11,0.52351624,39a5401a35848049
2026-10-07,85,3,CAT,Industrials,high,0.3771,0.3883,composite 0.88 (+signatures),3,0.88241881,39a5401a35848049
2026-10-07,86,3,DY,Industrials,high,0.3753,0.3827,composite 0.87 (+signatures),1,0.87402016,39a5401a35848049
2026-10-07,87,3,SWKS,Technology,high,0.3703,0.3826,signatures x72 (+composite),72,0.7525196,39a5401a35848049
2026-10-07,88,3,WCC,Industrials,high,0.3703,0.382,composite 0.87 (+signatures),3,0.86730123,39a5401a35848049
2026-10-07,89,3,FCX,Basic Materials,high,0.3703,0.3732,composite 0.86 (+signatures),1,0.85946249,39a5401a35848049
2026-10-07,90,3,EME,Industrials,high,0.3635,0.3651,signatures x5 (+composite),5,0.51903695,39a5401a35848049
2026-10-07,91,3,GDDY,Technology,low,0.3629,0.3659,signatures x46 (+composite),46,0.51959686,39a5401a35848049
2026-10-07,92,3,GME,Consumer Cyclical,mid,0.3629,0.3659,signatures x43 (+composite),43,0.40985442,39a5401a35848049
2026-10-07,93,3,DOCS,Healthcare,mid,0.3628,0.3704,signatures x42 (+composite),42,0.64053751,39a5401a35848049
2026-10-07,94,3,HL,Basic Materials,high,0.3618,0.4033,signatures x21 (+composite),21,0.79675252,39a5401a35848049
2026-10-07,95,3,PWR,Industrials,high,0.3618,0.4033,signatures x10 (+composite),10,0.78891377,39a5401a35848049
2026-10-07,96,3,QCOM,Technology,high,0.3595,0.3531,signatures x10 (+composite),10,0.76763718,39a5401a35848049
2026-10-07,97,3,GNRC,Industrials,high,0.3595,0.3531,signatures x22 (+composite),22,0.73348264,39a5401a35848049
2026-10-07,98,3,HOOD,Financial,high,0.3595,0.3531,signatures x30 (+composite),30,0.71444569,39a5401a35848049
2026-10-07,99,3,NOW,Technology,mid,0.3595,0.3531,signatures x25 (+composite),25,0.63773796,39a5401a35848049
2026-10-07,100,3,WDAY,Technology,mid,0.3595,0.3531,signatures x24 (+composite),24,0.62150056,39a5401a35848049
2026-10-07,101,3,ARWR,Healthcare,high,0.3569,0.3634,signatures x37 (+composite),37,0.76931691,39a5401a35848049
2026-10-07,102,3,VFC,Consumer Cyclical,high,0.3517,0.3498,signatures x8 (+composite),8,0.79899216,39a5401a35848049
2026-10-07,103,3,ILMN,Healthcare,mid,0.3506,0.349,signatures x34 (+composite),34,0.75923852,39a5401a35848049
2026-10-07,104,4,LFUS,Technology,high,0.3491,0.3555,composite 0.85 (+signatures),1,0.84826428,39a5401a35848049
2026-10-07,105,4,FIX,Industrials,high,0.3491,0.3555,composite 0.85 (+signatures),6,0.84546473,39a5401a35848049
2026-10-07,106,4,CVLT,Technology,mid,0.3473,0.3498,signatures x19 (+composite),19,0.73572228,39a5401a35848049
2026-10-07,107,4,KRYS,Healthcare,mid,0.3451,0.3571,signatures x5 (+composite),5,0.85554311,39a5401a35848049
2026-10-07,108,4,FTNT,Technology,mid,0.3451,0.3563,signatures x4 (+composite),4,0.81410974,39a5401a35848049
2026-10-07,109,4,TKR,Industrials,high,0.3437,0.3555,composite 0.83 (+signatures),5,0.83034714,39a5401a35848049
2026-10-07,110,4,MPWR,Technology,high,0.3437,0.3537,composite 0.82 (+signatures),6,0.82418813,39a5401a35848049
2026-10-07,111,4,SNX,Technology,high,0.3437,0.3537,composite 0.82 (+signatures),8,0.82362822,39a5401a35848049
2026-10-07,112,4,CLF,Basic Materials,high,0.3436,0.334,signatures x24 (+composite),24,0.65285554,39a5401a35848049
2026-10-07,113,4,JBHT,Industrials,mid,0.3436,0.3268,signatures x22 (+composite),22,0.66293393,39a5401a35848049
2026-10-07,114,4,DUOL,Technology,mid,0.3436,0.3267,signatures x20 (+composite),20,0.65509518,39a5401a35848049
2026-10-07,115,4,VAL,Energy,mid,0.3431,0.3409,signatures x20 (+composite),20,0.56830907,39a5401a35848049
2026-10-07,116,4,IT,Technology,mid,0.3431,0.3409,signatures x24 (+composite),24,0.53975364,39a5401a35848049
2026-10-07,117,4,MUR,Energy,low,0.3429,0.3421,signatures x15 (+composite),15,0.55095185,39a5401a35848049
2026-10-07,118,4,MOG-A,Industrials,high,0.3413,0.3324,composite 0.81 (+signatures),2,0.80795073,39a5401a35848049
2026-10-07,119,4,WFRD,Energy,high,0.3408,0.3159,signatures x5 (+composite),5,0.33930571,39a5401a35848049
2026-10-07,120,4,LUV,Industrials,high,0.3405,0.3324,composite 0.81,0,0.80571109,39a5401a35848049
2026-10-07,121,4,ANF,Consumer Cyclical,high,0.3405,0.3324,composite 0.80 (+signatures),3,0.80235162,39a5401a35848049
2026-10-07,122,4,HWM,Industrials,high,0.3405,0.3324,composite 0.80,0,0.80067189,39a5401a35848049
2026-10-07,123,4,INTU,Technology,low,0.34,0.3409,signatures x20 (+composite),20,0.55263158,39a5401a35848049
2026-10-07,124,4,DBX,Technology,low,0.3389,0.3409,signatures x18 (+composite),18,0.49496081,39a5401a35848049
2026-10-07,125,4,AVAV,Industrials,high,0.3373,0.3333,signatures x9 (+composite),9,0.72452408,39a5401a35848049
2026-10-07,126,4,AKAM,Technology,high,0.3373,0.3333,signatures x8 (+composite),8,0.71108623,39a5401a35848049
2026-10-07,127,4,AA,Basic Materials,high,0.3373,0.3333,signatures x7 (+composite),7,0.66517357,39a5401a35848049
2026-10-07,128,4,MOH,Healthcare,low,0.3373,0.3333,signatures x14 (+composite),14,0.63829787,39a5401a35848049
2026-10-07,129,4,GWRE,Technology,mid,0.3373,0.3333,signatures x9 (+composite),9,0.62821948,39a5401a35848049
2026-10-07,130,4,FSLR,Technology,high,0.3342,0.3311,composite 0.79 (+signatures),5,0.79395297,39a5401a35848049
2026-10-07,131,4,PLTR,Technology,high,0.3333,0.3311,composite 0.79 (+signatures),8,0.79171333,39a5401a35848049
2026-10-07,132,4,CTSH,Technology,low,0.3326,0.34,signatures x14 (+composite),14,0.57334826,39a5401a35848049
2026-10-07,133,4,APPF,Technology,mid,0.3326,0.34,signatures x12 (+composite),12,0.53135498,39a5401a35848049
2026-10-07,134,4,ACN,Technology,low,0.3326,0.34,signatures x15 (+composite),15,0.53079507,39a5401a35848049
2026-10-07,135,4,AGCO,Industrials,mid,0.3326,0.3303,signatures x10 (+composite),10,0.58174692,39a5401a35848049
2026-10-07,136,4,CHRD,Energy,low,0.3326,0.3303,signatures x12 (+composite),12,0.51119821,39a5401a35848049
2026-10-07,137,4,STLD,Basic Materials,high,0.3303,0.3298,composite 0.79,0,0.79115342,39a5401a35848049
2026-10-07,138,4,COIN,Financial,high,0.3293,0.3246,signatures x15 (+composite),15,0.64613662,39a5401a35848049
2026-10-07,139,4,NEM,Basic Materials,high,0.3283,0.3205,signatures x14 (+composite),14,0.74916013,39a5401a35848049
2026-10-07,140,4,CNH,Industrials,high,0.3282,0.3197,signatures x14 (+composite),14,0.71388578,39a5401a35848049
2026-10-07,141,4,ADBE,Technology,mid,0.3265,0.3303,signatures x8 (+composite),8,0.46416573,39a5401a35848049
2026-10-07,142,4,ELF,Consumer Defensive,high,0.3261,0.3232,composite 0.79 (+signatures),6,0.78835386,39a5401a35848049
2026-10-07,143,4,GOOGL,Communication Services,high,0.3261,0.3232,composite 0.79,0,0.78723404,39a5401a35848049
2026-10-07,144,4,TPR,Consumer Cyclical,high,0.3261,0.3232,composite 0.78,0,0.7849944,39a5401a35848049
2026-10-07,145,4,TEX,Industrials,high,0.3261,0.3232,composite 0.78 (+signatures),1,0.78387458,39a5401a35848049
2026-10-07,146,4,TXN,Technology,high,0.3261,0.3232,composite 0.78 (+signatures),2,0.78219485,39a5401a35848049
2026-10-07,147,4,AAL,Industrials,high,0.3261,0.3232,composite 0.78 (+signatures),1,0.78219485,39a5401a35848049
2026-10-07,148,4,GOOG,Communication Services,high,0.3261,0.3232,composite 0.78,0,0.77659574,39a5401a35848049
2026-10-07,149,4,ST,Technology,high,0.3261,0.3232,composite 0.77,0,0.77491601,39a5401a35848049
2026-10-07,150,4,LSTR,Industrials,mid,0.3246,0.3144,signatures x5 (+composite),5,0.73404255,39a5401a35848049
2026-10-07,151,4,NOV,Energy,mid,0.3246,0.3144,signatures x4 (+composite),4,0.70380739,39a5401a35848049
2026-10-07,152,4,LII,Industrials,high,0.3233,0.3228,composite 0.77 (+signatures),1,0.76987682,39a5401a35848049
2026-10-07,153,4,ENS,Industrials,high,0.3233,0.3228,composite 0.77 (+signatures),5,0.768757,39a5401a35848049
2026-10-07,154,4,RDDT,Communication Services,high,0.3233,0.3228,composite 0.77 (+signatures),1,0.76595745,39a5401a35848049
2026-10-07,155,4,ZBRA,Technology,high,0.3233,0.3228,composite 0.77 (+signatures),7,0.76539754,39a5401a35848049
2026-10-07,156,4,CDNS,Technology,high,0.3233,0.3228,composite 0.76 (+signatures),1,0.76259798,39a5401a35848049
2026-10-07,157,4,BROS,Consumer Cyclical,high,0.3233,0.3228,composite 0.76 (+signatures),1,0.76035834,39a5401a35848049
2026-10-07,158,4,ALB,Basic Materials,high,0.3222,0.3144,signatures x3 (+composite),3,0.63325868,39a5401a35848049
2026-10-07,159,4,ECHO,Communication Services,high,0.3175,0.304,signatures x4 (+composite),4,0.37458007,39a5401a35848049
2026-10-07,160,4,EIX,Utilities,low,0.317,0.324,signatures x4 (+composite),4,0.58286674,39a5401a35848049
2026-10-07,161,4,HALO,Healthcare,mid,0.317,0.324,signatures x3 (+composite),3,0.57334826,39a5401a35848049
2026-10-07,162,4,IBKR,Financial,high,0.315,0.3164,composite 0.76 (+signatures),1,0.75587906,39a5401a35848049
2026-10-07,163,4,ROIV,Healthcare,high,0.315,0.3164,composite 0.75 (+signatures),8,0.75419933,39a5401a35848049
2026-10-07,164,4,HPQ,Technology,mid,0.3135,0.3144,signatures x6 (+composite),6,0.73460246,39a5401a35848049
2026-10-07,165,4,SLB,Energy,mid,0.3135,0.3144,signatures x4 (+composite),4,0.693729,39a5401a35848049
2026-10-07,166,4,ABNB,Consumer Cyclical,high,0.3135,0.3144,signatures x3 (+composite),3,0.66853303,39a5401a35848049
2026-10-07,167,4,LEA,Consumer Cyclical,high,0.3135,0.3144,signatures x2 (+composite),2,0.65901456,39a5401a35848049
2026-10-07,168,4,VEEV,Healthcare,mid,0.3135,0.3144,signatures x4 (+composite),4,0.60022396,39a5401a35848049
2026-10-07,169,4,SKYD,Communication Services,mid,0.3121,0.304,signatures x11 (+composite),11,0.23852184,39a5401a35848049
2026-10-07,170,4,FOUR,Technology,high,0.3106,0.3164,composite 0.75 (+signatures),4,0.75139978,39a5401a35848049
2026-10-07,171,4,FLS,Industrials,high,0.3106,0.3164,composite 0.75,0,0.75083987,39a5401a35848049
2026-10-07,172,4,ROKU,Communication Services,high,0.3072,0.3144,signatures x4 (+composite),4,0.66293393,39a5401a35848049
2026-10-07,173,4,IVZ,Financial,high,0.3072,0.3144,signatures x2 (+composite),2,0.65509518,39a5401a35848049
2026-10-07,174,4,NYT,Communication Services,low,0.3072,0.3144,signatures x5 (+composite),5,0.6343785,39a5401a35848049
2026-10-07,175,4,FIVE,Consumer Cyclical,high,0.306,0.3145,signatures x10 (+composite),10,0.66237402,39a5401a35848049
2026-10-07,176,4,AVTR,Healthcare,mid,0.306,0.3111,signatures x7 (+composite),7,0.77099664,39a5401a35848049
2026-10-07,177,4,BBY,Consumer Cyclical,mid,0.306,0.3111,signatures x4 (+composite),4,0.73292273,39a5401a35848049
2026-10-07,178,4,FLR,Industrials,high,0.306,0.3111,signatures x7 (+composite),7,0.70324748,39a5401a35848049
2026-10-07,179,4,KNX,Industrials,high,0.306,0.3111,signatures x5 (+composite),5,0.69932811,39a5401a35848049
2026-10-07,180,4,PCG,Utilities,low,0.306,0.3111,signatures x4 (+composite),4,0.67469205,39a5401a35848049
2026-10-07,181,4,CRM,Technology,mid,0.306,0.3111,signatures x7 (+composite),7,0.66461366,39a5401a35848049
2026-10-07,182,4,CASY,Consumer Cyclical,low,0.306,0.3111,signatures x5 (+composite),5,0.65845465,39a5401a35848049
2026-10-07,183,4,CDW,Technology,mid,0.306,0.3088,signatures x3 (+composite),3,0.69708847,39a5401a35848049
2026-10-07,184,4,CELH,Consumer Defensive,high,0.306,0.3079,signatures x3 (+composite),3,0.73292273,39a5401a35848049
2026-10-07,185,4,THC,Healthcare,mid,0.306,0.3079,signatures x2 (+composite),2,0.71220605,39a5401a35848049
2026-10-07,186,4,AXON,Industrials,high,0.306,0.3079,signatures x2 (+composite),2,0.6343785,39a5401a35848049
2026-10-07,187,4,ORCL,Technology,high,0.3059,0.3144,signatures x2 (+composite),2,0.69820829,39a5401a35848049
2026-10-07,188,4,FND,Consumer Cyclical,high,0.3059,0.3144,signatures x1 (+composite),1,0.6881299,39a5401a35848049
2026-10-07,189,4,ESAB,Industrials,high,0.3059,0.3144,signatures x1 (+composite),1,0.68197088,39a5401a35848049
2026-10-07,190,4,ALK,Industrials,high,0.3059,0.3144,signatures x1 (+composite),1,0.67805151,39a5401a35848049
2026-10-07,191,4,EVR,Financial,high,0.3059,0.3144,signatures x2 (+composite),2,0.63325868,39a5401a35848049
2026-10-07,192,4,ISRG,Healthcare,mid,0.3059,0.3113,signatures x6 (+composite),6,0.57894737,39a5401a35848049
2026-10-07,193,4,WEX,Technology,mid,0.3059,0.3113,signatures x7 (+composite),7,0.56550952,39a5401a35848049
2026-10-07,194,4,GEN,Technology,mid,0.3059,0.3113,signatures x5 (+composite),5,0.50335946,39a5401a35848049
2026-10-07,195,4,FANG,Energy,low,0.3059,0.3113,signatures x5 (+composite),5,0.50223964,39a5401a35848049
2026-10-07,196,4,RGLD,Basic Materials,high,0.3051,0.2972,signatures x4 (+composite),4,0.57390817,39a5401a35848049
2026-10-07,197,4,BAH,Industrials,low,0.3051,0.2972,signatures x4 (+composite),4,0.46528555,39a5401a35848049
2026-10-07,198,4,DAR,Consumer Defensive,low,0.3051,0.2948,signatures x3 (+composite),3,0.54087346,39a5401a35848049
2026-10-07,199,4,DOCU,Technology,mid,0.3051,0.2795,signatures x2 (+composite),2,0.58958567,39a5401a35848049
2026-10-07,200,4,MANH,Technology,low,0.3051,0.2795,signatures x2 (+composite),2,0.44568869,39a5401a35848049
2026-10-07,201,4,PTC,Technology,mid,0.3051,0.2795,signatures x2 (+composite),2,0.40705487,39a5401a35848049
2026-10-07,202,4,RH,Consumer Cyclical,high,0.3051,0.2785,signatures x2 (+composite),2,0.55319149,39a5401a35848049
2026-10-07,203,4,APP,Communication Services,high,0.3041,0.3164,composite 0.74 (+signatures),1,0.74412094,39a5401a35848049
2026-10-07,204,4,DKS,Consumer Cyclical,high,0.3041,0.3158,composite 0.74,0,0.74356103,39a5401a35848049
2026-10-07,205,4,WWD,Industrials,high,0.3041,0.3158,composite 0.74,0,0.74356103,39a5401a35848049
2026-10-07,206,4,YETI,Consumer Cyclical,high,0.3041,0.3158,composite 0.74,0,0.74356103,39a5401a35848049
2026-10-07,207,4,APH,Technology,high,0.3041,0.312,composite 0.74 (+signatures),1,0.73852184,39a5401a35848049
2026-10-07,208,4,TSCO,Consumer Cyclical,mid,0.3036,0.2832,signatures x11 (+composite),11,0.1612542,39a5401a35848049
2026-10-07,209,4,SPXC,Industrials,high,0.3025,0.312,composite 0.73,0,0.73068309,39a5401a35848049
2026-10-07,210,4,CRL,Healthcare,high,0.3025,0.3057,composite 0.73,0,0.72900336,39a5401a35848049
2026-10-07,211,4,UAL,Industrials,high,0.3025,0.3057,composite 0.73,0,0.72844345,39a5401a35848049
2026-10-07,212,4,FFIV,Technology,high,0.3025,0.3057,composite 0.73,0,0.72508399,39a5401a35848049
2026-10-07,213,4,CMI,Industrials,high,0.3025,0.3057,composite 0.72,0,0.72396417,39a5401a35848049
2026-10-07,214,4,ETN,Industrials,high,0.3025,0.3057,composite 0.72,0,0.72340426,39a5401a35848049
2026-10-07,215,4,NXPI,Technology,high,0.3025,0.3048,composite 0.72,0,0.72172452,39a5401a35848049
2026-10-07,216,4,CF,Basic Materials,low,0.3002,0.2785,signatures x2 (+composite),2,0.56382979,39a5401a35848049
2026-10-07,217,5,KNF,Basic Materials,high,0.2993,0.3039,composite 0.71,0,0.70772676,39a5401a35848049
2026-10-07,218,5,NVDA,Technology,high,0.2993,0.3039,composite 0.71 (+signatures),2,0.70660694,39a5401a35848049
2026-10-07,219,5,FBIN,Industrials,high,0.2993,0.3039,composite 0.71,0,0.70604703,39a5401a35848049
2026-10-07,220,5,CAVA,Consumer Cyclical,high,0.2993,0.3039,composite 0.70 (+signatures),1,0.70380739,39a5401a35848049
2026-10-07,221,5,CSCO,Technology,high,0.2993,0.3039,composite 0.70,0,0.70268757,39a5401a35848049
2026-10-07,222,5,ADI,Technology,high,0.2993,0.3039,composite 0.70 (+signatures),1,0.70212766,39a5401a35848049
2026-10-07,223,5,CVNA,Consumer Cyclical,high,0.2993,0.3039,composite 0.70 (+signatures),2,0.69988802,39a5401a35848049
2026-10-07,224,5,HGV,Consumer Cyclical,high,0.299,0.3019,composite 0.70,0,0.69596865,39a5401a35848049
2026-10-07,225,5,NRG,Utilities,high,0.299,0.3019,composite 0.70 (+signatures),1,0.69540873,39a5401a35848049
2026-10-07,226,5,APTV,Consumer Cyclical,high,0.299,0.3019,composite 0.69,0,0.68980963,39a5401a35848049
2026-10-07,227,5,EXPE,Consumer Cyclical,high,0.299,0.3019,composite 0.69,0,0.68980963,39a5401a35848049
2026-10-07,228,5,SAIA,Industrials,high,0.299,0.3019,composite 0.69,0,0.68924972,39a5401a35848049
2026-10-07,229,5,META,Communication Services,high,0.2963,0.2978,composite 0.68 (+signatures),1,0.68085106,39a5401a35848049
2026-10-07,230,5,AVGO,Technology,high,0.2963,0.2978,composite 0.68,0,0.67805151,39a5401a35848049
2026-10-07,231,5,CMC,Industrials,high,0.2963,0.296,composite 0.67,0,0.67077268,39a5401a35848049
2026-10-07,232,5,ROK,Industrials,high,0.2963,0.296,composite 0.67,0,0.67077268,39a5401a35848049
2026-10-07,233,5,PII,Consumer Cyclical,high,0.2963,0.296,composite 0.67,0,0.66853303,39a5401a35848049
2026-10-07,234,5,TSLA,Consumer Cyclical,high,0.2963,0.296,composite 0.66 (+signatures),2,0.66349384,39a5401a35848049
2026-10-07,235,5,LIVN,Healthcare,high,0.2963,0.296,composite 0.66,0,0.65957447,39a5401a35848049
2026-10-07,236,5,NCLH,Consumer Cyclical,high,0.2963,0.296,composite 0.66,0,0.65957447,39a5401a35848049
2026-10-07,237,5,TLN,Utilities,high,0.2963,0.296,composite 0.66 (+signatures),1,0.6556551,39a5401a35848049
2026-10-07,238,5,C,Financial,high,0.2963,0.296,composite 0.66,0,0.65509518,39a5401a35848049
2026-10-07,239,5,SW,Consumer Cyclical,high,0.2963,0.296,composite 0.66,0,0.65509518,39a5401a35848049
2026-10-07,240,5,GXO,Industrials,high,0.2963,0.296,composite 0.65,0,0.65005599,39a5401a35848049
2026-10-07,241,5,WING,Consumer Cyclical,high,0.2963,0.296,composite 0.65 (+signatures),2,0.64893617,39a5401a35848049
2026-10-07,242,5,MAS,Industrials,high,0.2963,0.296,composite 0.64,0,0.64445689,39a5401a35848049
2026-10-07,243,5,DAL,Industrials,high,0.2963,0.296,composite 0.63 (+signatures),1,0.63213886,39a5401a35848049
2026-10-07,244,5,BDC,Technology,high,0.2963,0.296,composite 0.63,0,0.62765957,39a5401a35848049
2026-10-07,245,5,SWK,Industrials,high,0.2963,0.296,composite 0.62 (+signatures),1,0.62318029,39a5401a35848049
2026-10-07,246,5,EMR,Industrials,high,0.2963,0.296,composite 0.61,0,0.6131019,39a5401a35848049
2026-10-07,247,5,JCI,Industrials,high,0.2963,0.296,composite 0.61,0,0.60918253,39a5401a35848049
2026-10-07,248,5,CARR,Industrials,high,0.2963,0.296,composite 0.61,0,0.60862262,39a5401a35848049
2026-10-07,249,5,CR,Industrials,high,0.2963,0.296,composite 0.61,0,0.60638298,39a5401a35848049
2026-10-07,250,5,RVTY,Healthcare,high,0.2963,0.296,composite 0.60,0,0.60470325,39a5401a35848049
2026-10-07,251,5,GS,Financial,high,0.2963,0.296,composite 0.60,0,0.60302352,39a5401a35848049
2026-10-07,252,5,OC,Industrials,high,0.2963,0.296,composite 0.60,0,0.60246361,39a5401a35848049
2026-10-07,253,5,LULU,Consumer Cyclical,high,0.2962,0.296,composite 0.59,0,0.5912654,39a5401a35848049
2026-10-07,254,5,CW,Industrials,high,0.2962,0.296,composite 0.59,0,0.59070549,39a5401a35848049
2026-10-07,255,5,AVNT,Basic Materials,high,0.2962,0.296,composite 0.59,0,0.58958567,39a5401a35848049
2026-10-07,256,5,ELAN,Healthcare,high,0.2962,0.296,composite 0.58,0,0.58398656,39a5401a35848049
2026-10-07,257,5,BILL,Technology,high,0.2962,0.2956,composite 0.58 (+signatures),1,0.57726764,39a5401a35848049
2026-10-07,258,5,LECO,Industrials,high,0.2961,0.2943,composite 0.58,0,0.57670773,39a5401a35848049
2026-10-07,259,5,HAL,Energy,low,0.292,0.2796,signatures x1 (+composite),1,0.58118701,39a5401a35848049
2026-10-07,260,5,XYZ,Technology,high,0.292,0.2796,signatures x1 (+composite),1,0.52799552,39a5401a35848049
2026-10-07,261,5,CG,Financial,high,0.292,0.2796,signatures x2 (+composite),2,0.51007839,39a5401a35848049
2026-10-07,262,5,BBWI,Consumer Cyclical,high,0.292,0.2796,signatures x1 (+composite),1,0.50671892,39a5401a35848049
2026-10-07,263,5,BX,Financial,high,0.292,0.2796,signatures x1 (+composite),1,0.4787234,39a5401a35848049
2026-10-07,264,5,OPCH,Healthcare,low,0.292,0.2796,signatures x1 (+composite),1,0.43057111,39a5401a35848049
2026-10-07,265,5,EL,Consumer Defensive,high,0.2918,0.2905,composite 0.57 (+signatures),1,0.57446809,39a5401a35848049
2026-10-07,266,5,WSO,Industrials,high,0.2918,0.2905,composite 0.57,0,0.57278835,39a5401a35848049
2026-10-07,267,5,MIDD,Industrials,high,0.2918,0.2905,composite 0.57,0,0.56886898,39a5401a35848049
2026-10-07,268,5,GE,Industrials,high,0.2918,0.2905,composite 0.57,0,0.56830907,39a5401a35848049
2026-10-07,269,5,COO,Healthcare,mid,0.2914,0.285,signatures x5 (+composite),5,0.20548712,39a5401a35848049
2026-10-07,270,5,FTI,Energy,mid,0.2902,0.2928,signatures x2 (+composite),2,0.76315789,39a5401a35848049
2026-10-07,271,5,PEGA,Technology,mid,0.2902,0.2928,signatures x1 (+composite),1,0.60470325,39a5401a35848049
2026-10-07,272,5,BAX,Healthcare,high,0.2896,0.2905,composite 0.57,0,0.56662934,39a5401a35848049
2026-10-07,273,5,OSK,Industrials,high,0.2896,0.2905,composite 0.56,0,0.56270997,39a5401a35848049
2026-10-07,274,5,BWXT,Industrials,high,0.2896,0.2905,composite 0.56,0,0.56159015,39a5401a35848049
2026-10-07,275,5,RBC,Industrials,high,0.2896,0.2905,composite 0.56,0,0.56103024,39a5401a35848049
2026-10-07,276,5,AMG,Financial,high,0.2896,0.2905,composite 0.56,0,0.5593505,39a5401a35848049
2026-10-07,277,5,ODFL,Industrials,high,0.2896,0.2905,composite 0.56,0,0.5593505,39a5401a35848049
2026-10-07,278,5,PYPL,Financial,high,0.2896,0.2905,composite 0.56,0,0.55711086,39a5401a35848049
2026-10-07,279,5,DASH,Consumer Cyclical,high,0.2896,0.2905,composite 0.55,0,0.54871221,39a5401a35848049
2026-10-07,280,5,IDCC,Technology,high,0.2896,0.2905,composite 0.54,0,0.54255319,39a5401a35848049
2026-10-07,281,5,APG,Industrials,high,0.2896,0.2905,composite 0.54,0,0.54143337,39a5401a35848049
2026-10-07,282,5,GM,Consumer Cyclical,high,0.2896,0.2905,composite 0.54,0,0.53807391,39a5401a35848049
2026-10-07,283,5,MS,Financial,high,0.2896,0.2905,composite 0.54,0,0.53807391,39a5401a35848049
2026-10-07,284,5,CXT,Industrials,high,0.2896,0.2905,composite 0.53,0,0.53415454,39a5401a35848049
2026-10-07,285,5,NVST,Healthcare,high,0.2896,0.2905,composite 0.53,0,0.5324748,39a5401a35848049
2026-10-07,286,5,AMZN,Consumer Cyclical,high,0.2896,0.2905,composite 0.52,0,0.52295633,39a5401a35848049
2026-10-07,287,5,CPRI,Consumer Cyclical,high,0.2896,0.2905,composite 0.52,0,0.52295633,39a5401a35848049
2026-10-07,288,5,IP,Consumer Cyclical,high,0.2896,0.2905,composite 0.52,0,0.51567749,39a5401a35848049
2026-10-07,289,5,STT,Financial,high,0.2896,0.2905,composite 0.51,0,0.51287794,39a5401a35848049
2026-10-07,290,5,ITT,Industrials,high,0.2896,0.2905,composite 0.51,0,0.51119821,39a5401a35848049
2026-10-07,291,5,IRM,Real Estate,high,0.2896,0.2905,composite 0.51,0,0.50951848,39a5401a35848049
2026-10-07,292,5,F,Consumer Cyclical,high,0.2896,0.2905,composite 0.51,0,0.50671892,39a5401a35848049
2026-10-07,293,5,PPG,Basic Materials,high,0.2896,0.2905,composite 0.50,0,0.50279955,39a5401a35848049
2026-10-07,294,5,M,Consumer Cyclical,high,0.2896,0.2905,composite 0.50,0,0.50223964,39a5401a35848049
2026-10-07,295,5,XPO,Industrials,high,0.2896,0.2905,composite 0.50,0,0.50111982,39a5401a35848049
2026-10-07,296,5,BWA,Consumer Cyclical,high,0.2896,0.2905,composite 0.50,0,0.5,39a5401a35848049
2026-10-07,297,5,PVH,Consumer Cyclical,high,0.2896,0.2905,composite 0.50,0,0.49552072,39a5401a35848049
2026-10-07,298,5,WSM,Consumer Cyclical,high,0.2896,0.2905,composite 0.49,0,0.48992161,39a5401a35848049
2026-10-07,299,5,ALSN,Consumer Cyclical,high,0.2896,0.2905,composite 0.49,0,0.4893617,39a5401a35848049
2026-10-07,300,5,SGI,Consumer Cyclical,high,0.2896,0.2901,composite 0.49,0,0.48712206,39a5401a35848049
2026-10-07,301,5,GAP,Consumer Cyclical,high,0.2896,0.2901,composite 0.49,0,0.48656215,39a5401a35848049
2026-10-07,302,5,CRH,Basic Materials,high,0.2896,0.2901,composite 0.49,0,0.48600224,39a5401a35848049
2026-10-07,303,5,VMI,Industrials,high,0.2896,0.2901,composite 0.48,0,0.48040314,39a5401a35848049
2026-10-07,304,5,BC,Consumer Cyclical,high,0.2896,0.2901,composite 0.48,0,0.47984323,39a5401a35848049
2026-10-07,305,5,AXTA,Basic Materials,high,0.2896,0.2901,composite 0.48,0,0.47816349,39a5401a35848049
2026-10-07,306,5,CRUS,Technology,high,0.2896,0.2901,composite 0.48,0,0.47816349,39a5401a35848049
2026-10-07,307,5,DD,Basic Materials,high,0.2896,0.2901,composite 0.48,0,0.47704367,39a5401a35848049
2026-10-07,308,5,GPN,Technology,high,0.2896,0.2901,composite 0.47,0,0.47032475,39a5401a35848049
2026-10-07,309,5,TEL,Technology,high,0.2896,0.2901,composite 0.47,0,0.46976484,39a5401a35848049
2026-10-07,310,5,SARO,Industrials,high,0.2896,0.2901,composite 0.47,0,0.46808511,39a5401a35848049
2026-10-07,311,5,TDY,Technology,high,0.2896,0.2901,composite 0.47,0,0.46696529,39a5401a35848049
2026-10-07,312,5,CSL,Industrials,high,0.2896,0.2882,composite 0.46,0,0.46416573,39a5401a35848049
2026-10-07,313,5,ARES,Financial,high,0.2896,0.2882,composite 0.46,0,0.46360582,39a5401a35848049
2026-10-07,314,5,EQH,Financial,high,0.2896,0.2882,composite 0.46,0,0.462486,39a5401a35848049
2026-10-07,315,5,BEN,Financial,high,0.2896,0.2835,composite 0.46,0,0.45856663,39a5401a35848049
2026-10-07,316,5,RL,Consumer Cyclical,high,0.2863,0.2835,composite 0.46,0,0.4568869,39a5401a35848049
2026-10-07,317,5,RCL,Consumer Cyclical,high,0.2863,0.2835,composite 0.46,0,0.45632699,39a5401a35848049
2026-10-07,318,5,IR,Industrials,high,0.2863,0.2835,composite 0.45,0,0.45408735,39a5401a35848049
2026-10-07,319,5,CRBG,Financial,high,0.2863,0.2835,composite 0.45,0,0.45240761,39a5401a35848049
2026-10-07,320,5,XRAY,Healthcare,high,0.2843,0.2835,composite 0.44,0,0.44288914,39a5401a35848049
2026-10-07,321,5,HUBB,Industrials,high,0.2843,0.2835,composite 0.44,0,0.44008959,39a5401a35848049
2026-10-07,322,5,WMS,Industrials,high,0.2843,0.2835,composite 0.44,0,0.44008959,39a5401a35848049
2026-10-07,323,5,TREX,Industrials,high,0.2843,0.2808,composite 0.44,0,0.43617021,39a5401a35848049
2026-10-07,324,5,DECK,Consumer Cyclical,high,0.2843,0.2808,composite 0.43,0,0.43225084,39a5401a35848049
2026-10-07,325,5,KKR,Financial,high,0.2843,0.2808,composite 0.43,0,0.42833147,39a5401a35848049
2026-10-07,326,5,LPX,Industrials,high,0.2829,0.2808,composite 0.43,0,0.42553191,39a5401a35848049
2026-10-07,327,5,HLNE,Financial,high,0.2829,0.2808,composite 0.42,0,0.42385218,39a5401a35848049
2026-10-07,328,5,R,Industrials,high,0.2811,0.2803,composite 0.41,0,0.41321389,39a5401a35848049
2026-10-07,329,5,AYI,Industrials,high,0.2799,0.2762,composite 0.40,0,0.40201568,39a5401a35848049
2026-10-07,330,5,ALGN,Healthcare,high,0.2799,0.2762,composite 0.40,0,0.39641657,39a5401a35848049
2026-10-07,331,5,URI,Industrials,high,0.2799,0.274,composite 0.39,0,0.39193729,39a5401a35848049
2026-10-07,332,5,VC,Consumer Cyclical,high,0.2799,0.274,composite 0.39,0,0.39137738,39a5401a35848049
2026-10-07,333,5,TRMB,Technology,high,0.2799,0.274,composite 0.39,0,0.39025756,39a5401a35848049
2026-10-07,334,5,EXP,Basic Materials,high,0.2799,0.274,composite 0.39,0,0.38745801,39a5401a35848049
2026-10-07,335,5,COF,Financial,high,0.2799,0.274,composite 0.38,0,0.38465845,39a5401a35848049
2026-10-07,336,5,VST,Utilities,high,0.2799,0.274,composite 0.38 (+signatures),1,0.38409854,39a5401a35848049
2026-10-07,337,5,TT,Industrials,high,0.2799,0.274,composite 0.38,0,0.38017917,39a5401a35848049
2026-10-07,338,5,TOST,Technology,high,0.2799,0.274,composite 0.38,0,0.37905935,39a5401a35848049
2026-10-07,339,5,VNO,Real Estate,high,0.2799,0.274,composite 0.38,0,0.37849944,39a5401a35848049
2026-10-07,340,5,APO,Financial,high,0.2799,0.274,composite 0.37,0,0.37234043,39a5401a35848049
2026-10-07,341,5,SHC,Healthcare,high,0.2785,0.268,composite 0.36,0,0.36226204,39a5401a35848049
2026-10-07,342,5,SYF,Financial,high,0.2694,0.2612,composite 0.36,0,0.35834267,39a5401a35848049
2026-10-07,343,5,CCL,Consumer Cyclical,high,0.2694,0.2612,composite 0.36,0,0.35666293,39a5401a35848049
2026-10-07,344,5,CFG,Financial,high,0.2694,0.2612,composite 0.36,0,0.35666293,39a5401a35848049
2026-10-07,345,5,VNT,Technology,high,0.2694,0.2612,composite 0.35,0,0.35106383,39a5401a35848049
2026-10-07,346,5,ALLY,Financial,high,0.2694,0.2612,composite 0.35,0,0.3493841,39a5401a35848049
2026-10-07,347,5,FERG,Industrials,high,0.2694,0.2612,composite 0.35,0,0.34658455,39a5401a35848049
2026-10-07,348,5,TOL,Consumer Cyclical,high,0.2664,0.2575,composite 0.33,0,0.33482643,39a5401a35848049
2026-10-07,349,5,ALV,Consumer Cyclical,high,0.2664,0.2575,composite 0.33,0,0.33090705,39a5401a35848049
2026-10-07,350,5,BLK,Financial,high,0.2664,0.2575,composite 0.32,0,0.32418813,39a5401a35848049
2026-10-07,351,5,BA,Industrials,high,0.2664,0.2575,composite 0.31,0,0.30851064,39a5401a35848049
2026-10-07,352,5,OLED,Technology,high,0.2664,0.2575,composite 0.30,0,0.30011198,39a5401a35848049
2026-10-07,353,5,JEF,Financial,high,0.2664,0.2575,composite 0.29,0,0.29227324,39a5401a35848049
2026-10-07,354,5,SF,Financial,high,0.2664,0.2575,composite 0.29,0,0.28667413,39a5401a35848049
2026-10-07,355,5,WAL,Financial,high,0.2664,0.2575,composite 0.24,0,0.24244121,39a5401a35848049
2026-10-07,356,5,CEG,Utilities,high,0.2664,0.2575,composite 0.24,0,0.23796193,39a5401a35848049
2026-10-07,357,5,SLM,Financial,high,0.2664,0.2575,composite 0.24,0,0.23572228,39a5401a35848049
2026-10-07,358,5,CNM,Industrials,high,0.2664,0.2575,composite 0.21,0,0.20940649,39a5401a35848049
2026-10-07,359,5,THO,Consumer Cyclical,high,0.2664,0.2575,composite 0.16,0,0.16237402,39a5401a35848049
2026-10-07,360,5,BNY,Financial,mid,0.2642,0.2476,signatures x2 (+composite),2,0.32138858,39a5401a35848049
2026-10-07,361,5,JAZZ,Healthcare,mid,0.259,0.2579,signatures x1 (+composite),1,0.77155655,39a5401a35848049
2026-10-07,362,5,INCY,Healthcare,mid,0.259,0.2579,signatures x1 (+composite),1,0.60078387,39a5401a35848049
2026-10-07,363,5,VTRS,Healthcare,mid,0.2525,0.2499,composite 0.88,0,0.87513998,39a5401a35848049
2026-10-07,364,6,LNTH,Healthcare,mid,0.2447,0.2456,composite 0.83,0,0.82754759,39a5401a35848049
2026-10-07,365,6,NUE,Basic Materials,mid,0.2447,0.2456,composite 0.82,0,0.81858903,39a5401a35848049
2026-10-07,366,6,TGT,Consumer Defensive,mid,0.2447,0.2456,composite 0.80,0,0.80459127,39a5401a35848049
2026-10-07,367,6,CNC,Healthcare,mid,0.2447,0.2456,composite 0.79,0,0.79227324,39a5401a35848049
2026-10-07,368,6,PK,Real Estate,mid,0.2447,0.2456,composite 0.77,0,0.77323628,39a5401a35848049
2026-10-07,369,6,FCFS,Financial,mid,0.2447,0.2456,composite 0.77,0,0.76595745,39a5401a35848049
2026-10-07,370,6,DLTR,Consumer Defensive,mid,0.2447,0.2456,composite 0.75,0,0.75139978,39a5401a35848049
2026-10-07,371,6,TROW,Financial,mid,0.2447,0.2456,composite 0.75,0,0.74972004,39a5401a35848049
2026-10-07,372,6,EXEL,Healthcare,mid,0.2447,0.2456,composite 0.74,0,0.74468085,39a5401a35848049
2026-10-07,373,6,KEX,Industrials,mid,0.2447,0.2456,composite 0.74,0,0.74244121,39a5401a35848049
2026-10-07,374,6,HST,Real Estate,mid,0.2447,0.2456,composite 0.74,0,0.73796193,39a5401a35848049
2026-10-07,375,6,DXCM,Healthcare,mid,0.2447,0.2456,composite 0.73,0,0.73180291,39a5401a35848049
2026-10-07,376,6,HUM,Healthcare,mid,0.2447,0.2456,composite 0.73,0,0.73068309,39a5401a35848049
2026-10-07,377,6,RS,Basic Materials,mid,0.2447,0.2456,composite 0.72,0,0.72004479,39a5401a35848049
2026-10-07,378,6,FDX,Industrials,mid,0.2426,0.2456,composite 0.69,0,0.693729,39a5401a35848049
2026-10-07,379,6,SON,Consumer Cyclical,mid,0.2424,0.2456,composite 0.69,0,0.68980963,39a5401a35848049
2026-10-07,380,6,CROX,Consumer Cyclical,mid,0.2424,0.2456,composite 0.68,0,0.68421053,39a5401a35848049
2026-10-07,381,6,DT,Technology,mid,0.2424,0.2451,composite 0.67,0,0.67469205,39a5401a35848049
2026-10-07,382,6,DG,Consumer Defensive,mid,0.2424,0.2451,composite 0.67,0,0.6668533,39a5401a35848049
2026-10-07,383,6,WAT,Healthcare,mid,0.2424,0.2451,composite 0.66,0,0.66461366,39a5401a35848049
2026-10-07,384,6,CBT,Basic Materials,mid,0.2424,0.2451,composite 0.66,0,0.65957447,39a5401a35848049
2026-10-07,385,6,CPAY,Technology,mid,0.2424,0.2451,composite 0.66,0,0.65901456,39a5401a35848049
2026-10-07,386,6,IFF,Basic Materials,mid,0.2424,0.2451,composite 0.65,0,0.65341545,39a5401a35848049
2026-10-07,387,6,VRSK,Industrials,low,0.2382,0.2402,composite 0.78,0,0.78387458,39a5401a35848049
2026-10-07,388,6,ROL,Consumer Cyclical,low,0.2382,0.2402,composite 0.71,0,0.71108623,39a5401a35848049
2026-10-07,389,6,CACI,Technology,low,0.2382,0.2402,composite 0.70,0,0.70156775,39a5401a35848049
2026-10-07,390,6,PAYX,Technology,low,0.2382,0.2402,composite 0.70,0,0.70100784,39a5401a35848049
2026-10-07,391,6,MUSA,Consumer Cyclical,low,0.2382,0.2402,composite 0.69,0,0.69428891,39a5401a35848049
2026-10-07,392,6,ACI,Consumer Defensive,low,0.2382,0.2402,composite 0.68,0,0.67581187,39a5401a35848049
2026-10-07,393,6,VTR,Real Estate,low,0.2382,0.2402,composite 0.67,0,0.6718925,39a5401a35848049
2026-10-07,394,6,POR,Utilities,low,0.2382,0.2402,composite 0.65,0,0.64557671,39a5401a35848049
2026-10-07,395,6,ESNT,Financial,low,0.2382,0.2402,composite 0.64,0,0.64221725,39a5401a35848049
2026-10-07,396,6,BRO,Financial,low,0.2382,0.2402,composite 0.63,0,0.62933931,39a5401a35848049
2026-10-07,397,6,YUM,Consumer Cyclical,low,0.2382,0.2402,composite 0.63,0,0.6287794,39a5401a35848049
2026-10-07,398,6,DRI,Consumer Cyclical,low,0.2382,0.2402,composite 0.63,0,0.62821948,39a5401a35848049
2026-10-07,399,6,MTG,Financial,low,0.2382,0.2402,composite 0.63,0,0.62709966,39a5401a35848049
2026-10-07,400,6,GIS,Consumer Defensive,low,0.2382,0.2402,composite 0.63,0,0.62653975,39a5401a35848049
2026-10-07,401,6,SFM,Consumer Defensive,low,0.2382,0.2402,composite 0.63,0,0.62597984,39a5401a35848049
2026-10-07,402,6,FCN,Industrials,low,0.2382,0.2402,composite 0.62,0,0.6181411,39a5401a35848049
2026-10-07,403,6,AJG,Financial,low,0.2382,0.2402,composite 0.61,0,0.6075028,39a5401a35848049
2026-10-07,404,6,BR,Technology,low,0.2382,0.2402,composite 0.61,0,0.60582307,39a5401a35848049
2026-10-07,405,6,FDS,Financial,low,0.2382,0.2402,composite 0.61,0,0.60526316,39a5401a35848049
2026-10-07,406,6,CBOE,Financial,low,0.2382,0.2402,composite 0.60,0,0.60358343,39a5401a35848049
2026-10-07,407,6,NNN,Real Estate,low,0.2382,0.2402,composite 0.60,0,0.60358343,39a5401a35848049
2026-10-07,408,6,FNF,Financial,low,0.2382,0.2402,composite 0.60,0,0.60246361,39a5401a35848049
2026-10-07,409,6,ALL,Financial,low,0.2382,0.2402,composite 0.60,0,0.59798432,39a5401a35848049
2026-10-07,410,6,WY,Real Estate,low,0.2382,0.2402,composite 0.60,0,0.59630459,39a5401a35848049
2026-10-07,411,6,ABT,Healthcare,low,0.2382,0.2402,composite 0.60,0,0.59518477,39a5401a35848049
2026-10-07,412,6,NWS,Communication Services,low,0.2382,0.2402,composite 0.59,0,0.59014558,39a5401a35848049
2026-10-07,413,6,CTRE,Real Estate,low,0.2382,0.2402,composite 0.59,0,0.58566629,39a5401a35848049
2026-10-07,414,6,CLX,Consumer Defensive,low,0.2382,0.2402,composite 0.59,0,0.58510638,39a5401a35848049
2026-10-07,415,6,MORN,Financial,low,0.2382,0.2402,composite 0.58,0,0.57726764,39a5401a35848049
2026-10-07,416,6,DPZ,Consumer Cyclical,low,0.2382,0.2402,composite 0.58,0,0.575028,39a5401a35848049
2026-10-07,417,6,TMUS,Communication Services,low,0.2382,0.2402,composite 0.57,0,0.57166853,39a5401a35848049
2026-10-07,418,6,JKHY,Technology,low,0.2382,0.2402,composite 0.57,0,0.57054871,39a5401a35848049
2026-10-07,419,6,ERIE,Financial,low,0.2382,0.2402,composite 0.57,0,0.56550952,39a5401a35848049
2026-10-07,420,6,AHR,Real Estate,low,0.2382,0.2402,composite 0.56,0,0.56326988,39a5401a35848049
2026-10-07,421,6,KNSL,Financial,low,0.2382,0.239,composite 0.56,0,0.55991041,39a5401a35848049
2026-10-07,422,6,CMCSA,Communication Services,low,0.2382,0.2376,composite 0.56,0,0.55655095,39a5401a35848049
2026-10-07,423,6,SAIC,Technology,low,0.2382,0.2373,composite 0.56,0,0.55599104,39a5401a35848049
2026-10-07,424,6,RYAN,Financial,low,0.2382,0.2373,composite 0.55,0,0.55207167,39a5401a35848049
2026-10-07,425,6,TRGP,Energy,low,0.2382,0.2373,composite 0.55,0,0.55039194,39a5401a35848049
2026-10-07,426,6,MNST,Consumer Defensive,low,0.2382,0.2373,composite 0.55,0,0.54983203,39a5401a35848049
2026-10-07,427,6,RLI,Financial,low,0.2382,0.2373,composite 0.55,0,0.54927212,39a5401a35848049
2026-10-07,428,6,RTX,Industrials,low,0.2382,0.2373,composite 0.54,0,0.54031355,39a5401a35848049
2026-10-07,429,6,LYB,Basic Materials,low,0.2382,0.2373,composite 0.54,0,0.53975364,39a5401a35848049
2026-10-07,430,6,CHTR,Communication Services,low,0.2382,0.2373,composite 0.54,0,0.53919373,39a5401a35848049
2026-10-07,431,6,TYL,Technology,low,0.2382,0.2373,composite 0.54,0,0.53919373,39a5401a35848049
2026-10-07,432,6,WTW,Financial,low,0.2382,0.2373,composite 0.54,0,0.53919373,39a5401a35848049
2026-10-07,433,6,PRI,Financial,low,0.2382,0.2367,composite 0.54,0,0.53807391,39a5401a35848049
2026-10-07,434,6,USFD,Consumer Defensive,low,0.2382,0.2364,composite 0.54,0,0.53695409,39a5401a35848049
2026-10-07,435,6,FOX,Communication Services,low,0.2382,0.2364,composite 0.52,0,0.52295633,39a5401a35848049
2026-10-07,436,6,MSCI,Financial,low,0.2382,0.2364,composite 0.52,0,0.52183651,39a5401a35848049
2026-10-07,437,6,EXLS,Technology,low,0.2382,0.2364,composite 0.52,0,0.52071669,39a5401a35848049
2026-10-07,438,6,HAE,Healthcare,low,0.2382,0.2364,composite 0.51,0,0.51455767,39a5401a35848049
2026-10-07,439,6,BSX,Healthcare,low,0.2382,0.2364,composite 0.51,0,0.51399776,39a5401a35848049
2026-10-07,440,6,OKE,Energy,low,0.2382,0.2364,composite 0.51,0,0.50951848,39a5401a35848049
2026-10-07,441,6,SRE,Utilities,low,0.2382,0.2364,composite 0.51,0,0.50671892,39a5401a35848049
2026-10-07,442,6,G,Technology,low,0.2382,0.2364,composite 0.51,0,0.50503919,39a5401a35848049
2026-10-07,443,6,APA,Energy,low,0.2382,0.2364,composite 0.50,0,0.50335946,39a5401a35848049
2026-10-07,444,6,CAH,Healthcare,low,0.2382,0.2364,composite 0.50,0,0.50223964,39a5401a35848049
2026-10-07,445,6,DOW,Basic Materials,low,0.2382,0.2364,composite 0.50,0,0.49944009,39a5401a35848049
2026-10-07,446,6,CVS,Healthcare,low,0.2382,0.2364,composite 0.50,0,0.49832027,39a5401a35848049
2026-10-07,447,6,OVV,Energy,low,0.2382,0.2364,composite 0.50,0,0.49720045,39a5401a35848049
2026-10-07,448,6,PLNT,Consumer Cyclical,low,0.2382,0.2364,composite 0.50,0,0.49608063,39a5401a35848049
2026-10-07,449,6,DGX,Healthcare,low,0.2382,0.2364,composite 0.50,0,0.49552072,39a5401a35848049
2026-10-07,450,6,NFLX,Communication Services,low,0.2382,0.2364,composite 0.50,0,0.49552072,39a5401a35848049
2026-10-07,451,6,PPC,Consumer Defensive,low,0.2382,0.2364,composite 0.49,0,0.49104143,39a5401a35848049
2026-10-07,452,6,STAG,Real Estate,low,0.2382,0.2364,composite 0.49,0,0.48992161,39a5401a35848049
2026-10-07,453,6,KDP,Consumer Defensive,low,0.2382,0.2364,composite 0.49,0,0.48712206,39a5401a35848049
2026-10-07,454,6,HRL,Consumer Defensive,low,0.2382,0.2364,composite 0.49,0,0.48600224,39a5401a35848049
2026-10-07,455,6,MPC,Energy,low,0.2382,0.2364,composite 0.49,0,0.48600224,39a5401a35848049
2026-10-07,456,6,VZ,Communication Services,low,0.2382,0.2364,composite 0.48,0,0.48264278,39a5401a35848049
2026-10-07,457,6,T,Communication Services,low,0.2382,0.2364,composite 0.48,0,0.48096305,39a5401a35848049
2026-10-07,458,6,VLO,Energy,low,0.2382,0.2364,composite 0.48,0,0.48040314,39a5401a35848049
2026-10-07,459,6,MMS,Industrials,low,0.2382,0.2364,composite 0.48,0,0.47928331,39a5401a35848049
2026-10-07,460,6,DINO,Energy,low,0.2382,0.2364,composite 0.48,0,0.4787234,39a5401a35848049
2026-10-07,461,6,PR,Energy,low,0.2382,0.2364,composite 0.48,0,0.47592385,39a5401a35848049
2026-10-07,462,6,OXY,Energy,low,0.2382,0.2364,composite 0.48,0,0.47536394,39a5401a35848049
2026-10-07,463,6,MRK,Healthcare,low,0.2382,0.2364,composite 0.47,0,0.47032475,39a5401a35848049
2026-10-07,464,6,NWSA,Communication Services,low,0.2382,0.2364,composite 0.47,0,0.4675252,39a5401a35848049
2026-10-07,465,6,SJM,Consumer Defensive,low,0.2382,0.2364,composite 0.47,0,0.46640538,39a5401a35848049
2026-10-07,466,6,WELL,Real Estate,low,0.2382,0.2364,composite 0.47,0,0.46640538,39a5401a35848049
2026-10-07,467,6,AM,Energy,low,0.2382,0.2364,composite 0.47,0,0.46584546,39a5401a35848049
2026-10-07,468,6,SBRA,Real Estate,low,0.2382,0.2364,composite 0.47,0,0.46584546,39a5401a35848049
2026-10-07,469,6,CPRT,Industrials,low,0.2382,0.2364,composite 0.47,0,0.46528555,39a5401a35848049
2026-10-07,470,6,ETR,Utilities,low,0.2382,0.2364,composite 0.47,0,0.46528555,39a5401a35848049
2026-10-07,471,6,CSGP,Real Estate,low,0.2382,0.2364,composite 0.46,0,0.46472564,39a5401a35848049
2026-10-07,472,6,TRV,Financial,low,0.2382,0.2364,composite 0.46,0,0.46192609,39a5401a35848049
2026-10-07,473,6,COKE,Consumer Defensive,low,0.2382,0.2364,composite 0.46,0,0.45968645,39a5401a35848049
2026-10-07,474,6,KO,Consumer Defensive,low,0.2382,0.2364,composite 0.46,0,0.45912654,39a5401a35848049
2026-10-07,475,6,AON,Financial,low,0.2382,0.2364,composite 0.46,0,0.45856663,39a5401a35848049
2026-10-07,476,6,ZBH,Healthcare,low,0.2382,0.2364,composite 0.46,0,0.45800672,39a5401a35848049
2026-10-07,477,6,SPG,Real Estate,low,0.2382,0.2364,composite 0.46,0,0.45744681,39a5401a35848049
2026-10-07,478,6,BIO,Healthcare,mid,0.2366,0.2451,composite 0.65,0,0.64781635,39a5401a35848049
2026-10-07,479,6,FTV,Technology,mid,0.2366,0.2451,composite 0.65,0,0.64781635,39a5401a35848049
2026-10-07,480,6,AMGN,Healthcare,mid,0.2366,0.2451,composite 0.64,0,0.64109742,39a5401a35848049
2026-10-07,481,6,CART,Consumer Cyclical,mid,0.2366,0.2451,composite 0.64,0,0.64109742,39a5401a35848049
2026-10-07,482,6,IQV,Healthcare,mid,0.2366,0.2451,composite 0.64,0,0.63885778,39a5401a35848049
2026-10-07,483,6,HXL,Industrials,mid,0.2366,0.2451,composite 0.64,0,0.63773796,39a5401a35848049
2026-10-07,484,6,ROST,Consumer Cyclical,mid,0.2366,0.2451,composite 0.64,0,0.63661814,39a5401a35848049
2026-10-07,485,6,AAPL,Technology,mid,0.2366,0.2451,composite 0.63,0,0.6343785,39a5401a35848049
2026-10-07,486,6,ASH,Basic Materials,mid,0.2366,0.2451,composite 0.63,0,0.63381859,39a5401a35848049
2026-10-07,487,6,PINS,Communication Services,mid,0.2366,0.2451,composite 0.63,0,0.63213886,39a5401a35848049
2026-10-07,488,6,CYTK,Healthcare,mid,0.2366,0.2451,composite 0.63,0,0.63157895,39a5401a35848049
2026-10-07,489,6,GPC,Consumer Cyclical,mid,0.2366,0.2451,composite 0.63,0,0.6287794,39a5401a35848049
2026-10-07,490,6,DE,Industrials,mid,0.2366,0.2451,composite 0.63,0,0.62821948,39a5401a35848049
2026-10-07,491,6,PH,Industrials,mid,0.2366,0.2451,composite 0.63,0,0.62765957,39a5401a35848049
2026-10-07,492,6,SIRI,Communication Services,mid,0.2366,0.2451,composite 0.63,0,0.62765957,39a5401a35848049
2026-10-07,493,6,REGN,Healthcare,mid,0.2366,0.2451,composite 0.63,0,0.62541993,39a5401a35848049
2026-10-07,494,6,ULTA,Consumer Cyclical,mid,0.2366,0.2451,composite 0.63,0,0.62541993,39a5401a35848049
2026-10-07,495,6,DOV,Industrials,mid,0.2366,0.2451,composite 0.62,0,0.6237402,39a5401a35848049
2026-10-07,496,6,EQIX,Real Estate,mid,0.2366,0.2451,composite 0.62,0,0.61590146,39a5401a35848049
2026-10-07,497,6,CAR,Industrials,mid,0.2364,0.2424,composite 0.61,0,0.60582307,39a5401a35848049
2026-10-07,498,6,HQY,Healthcare,mid,0.2364,0.2424,composite 0.60,0,0.60414334,39a5401a35848049
2026-10-07,499,6,ARMK,Industrials,mid,0.2364,0.2424,composite 0.60,0,0.60246361,39a5401a35848049
2026-10-07,500,6,NTRS,Financial,mid,0.2364,0.2424,composite 0.60,0,0.60022396,39a5401a35848049
2026-10-07,501,6,TPL,Energy,mid,0.2364,0.2424,composite 0.60,0,0.59910414,39a5401a35848049
2026-10-07,502,6,SOLV,Healthcare,mid,0.2364,0.2424,composite 0.59,0,0.59070549,39a5401a35848049
2026-10-07,503,6,H,Consumer Cyclical,mid,0.2364,0.2424,composite 0.59,0,0.58958567,39a5401a35848049
2026-10-07,504,6,TNL,Consumer Cyclical,mid,0.2364,0.2424,composite 0.59,0,0.5862262,39a5401a35848049
2026-10-07,505,6,GEF,Consumer Cyclical,mid,0.2364,0.2424,composite 0.58,0,0.58454647,39a5401a35848049
2026-10-07,506,6,A,Healthcare,mid,0.2364,0.2417,composite 0.58,0,0.58006719,39a5401a35848049
2026-10-07,507,6,MAR,Consumer Cyclical,mid,0.2364,0.2417,composite 0.57,0,0.57110862,39a5401a35848049
2026-10-07,508,6,NTNX,Technology,mid,0.2364,0.2417,composite 0.57,0,0.57110862,39a5401a35848049
2026-10-07,509,6,WTS,Industrials,mid,0.2364,0.2417,composite 0.57,0,0.5699888,39a5401a35848049
2026-10-07,510,6,OMC,Communication Services,mid,0.2364,0.2417,composite 0.57,0,0.56774916,39a5401a35848049
2026-10-07,511,6,AMCR,Consumer Cyclical,mid,0.2364,0.2417,composite 0.57,0,0.56718925,39a5401a35848049
2026-10-07,512,6,UPS,Industrials,mid,0.2364,0.2417,composite 0.57,0,0.56718925,39a5401a35848049
2026-10-07,513,6,DHR,Healthcare,mid,0.2364,0.2417,composite 0.56,0,0.56215006,39a5401a35848049
2026-10-07,514,6,TTC,Industrials,mid,0.2364,0.2417,composite 0.56,0,0.56159015,39a5401a35848049
2026-10-07,515,6,EEFT,Technology,mid,0.2364,0.2417,composite 0.56,0,0.56103024,39a5401a35848049
2026-10-07,516,6,GMED,Healthcare,mid,0.2364,0.2417,composite 0.56,0,0.56047032,39a5401a35848049
2026-10-07,517,6,CHWY,Consumer Cyclical,mid,0.2364,0.2417,composite 0.56,0,0.55991041,39a5401a35848049
2026-10-07,518,6,BMY,Healthcare,low,0.2361,0.2364,composite 0.45,0,0.45464726,39a5401a35848049
2026-10-07,519,6,PSX,Energy,low,0.2361,0.2364,composite 0.45,0,0.45464726,39a5401a35848049
2026-10-07,520,6,BG,Consumer Defensive,low,0.2361,0.2364,composite 0.45,0,0.45296753,39a5401a35848049
2026-10-07,521,6,NI,Utilities,low,0.2361,0.2364,composite 0.45,0,0.45240761,39a5401a35848049
2026-10-07,522,6,RRC,Energy,low,0.2361,0.2364,composite 0.45,0,0.45128779,39a5401a35848049
2026-10-07,523,6,EOG,Energy,low,0.2361,0.2364,composite 0.45,0,0.45016797,39a5401a35848049
2026-10-07,524,6,UNP,Industrials,low,0.2361,0.2364,composite 0.45,0,0.44960806,39a5401a35848049
2026-10-07,525,6,WMB,Energy,low,0.2361,0.2364,composite 0.45,0,0.44792833,39a5401a35848049
2026-10-07,526,6,LHX,Industrials,low,0.2361,0.2364,composite 0.45,0,0.44680851,39a5401a35848049
2026-10-07,527,6,DVN,Energy,low,0.2361,0.2364,composite 0.45,0,0.4462486,39a5401a35848049
2026-10-07,528,6,COP,Energy,low,0.2361,0.2364,composite 0.44,0,0.44288914,39a5401a35848049
2026-10-07,529,6,ELV,Healthcare,low,0.2361,0.2364,composite 0.44,0,0.44288914,39a5401a35848049
2026-10-07,530,6,SCI,Consumer Cyclical,low,0.2361,0.2364,composite 0.44,0,0.44232923,39a5401a35848049
2026-10-07,531,6,UTHR,Healthcare,low,0.2361,0.2364,composite 0.44,0,0.44232923,39a5401a35848049
2026-10-07,532,6,POST,Consumer Defensive,low,0.2361,0.2364,composite 0.44,0,0.4406495,39a5401a35848049
2026-10-07,533,6,BDX,Healthcare,low,0.2361,0.2364,composite 0.44,0,0.43896976,39a5401a35848049
2026-10-07,534,6,DTE,Utilities,low,0.2361,0.2364,composite 0.44,0,0.43896976,39a5401a35848049
2026-10-07,535,6,SPGI,Financial,low,0.2361,0.2364,composite 0.44,0,0.43784994,39a5401a35848049
2026-10-07,536,6,TXRH,Consumer Cyclical,low,0.2361,0.2364,composite 0.44,0,0.43729003,39a5401a35848049
2026-10-07,537,6,PNW,Utilities,low,0.2361,0.2364,composite 0.44,0,0.4356103,39a5401a35848049
2026-10-07,538,6,PODD,Healthcare,low,0.2361,0.2362,composite 0.43,0,0.43281075,39a5401a35848049
2026-10-07,539,6,AR,Energy,low,0.2361,0.2362,composite 0.43,0,0.4300112,39a5401a35848049
2026-10-07,540,6,IDA,Utilities,low,0.2361,0.2362,composite 0.43,0,0.42889138,39a5401a35848049
2026-10-07,541,6,LNT,Utilities,low,0.234,0.2362,composite 0.43,0,0.42833147,39a5401a35848049
2026-10-07,542,6,MSI,Technology,low,0.234,0.2362,composite 0.43,0,0.42833147,39a5401a35848049
2026-10-07,543,6,WST,Healthcare,mid,0.2339,0.2417,composite 0.56,0,0.55879059,39a5401a35848049
2026-10-07,544,6,AIT,Industrials,mid,0.233,0.2387,composite 0.55,0,0.54647256,39a5401a35848049
2026-10-07,545,6,VRTX,Healthcare,mid,0.233,0.2387,composite 0.55,0,0.54647256,39a5401a35848049
2026-10-07,546,6,WAB,Industrials,mid,0.233,0.2387,composite 0.54,0,0.54423292,39a5401a35848049
2026-10-07,547,6,BURL,Consumer Cyclical,mid,0.233,0.2387,composite 0.54,0,0.54087346,39a5401a35848049
2026-10-07,548,6,ACM,Industrials,mid,0.233,0.2387,composite 0.54,0,0.53975364,39a5401a35848049
2026-10-07,549,6,UNH,Healthcare,mid,0.233,0.2387,composite 0.54,0,0.537514,39a5401a35848049
2026-10-07,550,6,DLR,Real Estate,mid,0.233,0.2387,composite 0.53,0,0.53471445,39a5401a35848049
2026-10-07,551,6,NDSN,Industrials,mid,0.233,0.2387,composite 0.53,0,0.53359462,39a5401a35848049
2026-10-07,552,6,LYV,Communication Services,mid,0.233,0.2369,composite 0.53,0,0.52855543,39a5401a35848049
2026-10-07,553,6,GRMN,Technology,mid,0.233,0.2369,composite 0.52,0,0.5212766,39a5401a35848049
2026-10-07,554,6,HOG,Consumer Cyclical,mid,0.233,0.2369,composite 0.52,0,0.51735722,39a5401a35848049
2026-10-07,555,6,MEDP,Healthcare,mid,0.233,0.2369,composite 0.51,0,0.51007839,39a5401a35848049
2026-10-07,556,6,TTEK,Industrials,mid,0.233,0.2369,composite 0.51,0,0.50895857,39a5401a35848049
2026-10-07,557,6,NBIX,Healthcare,mid,0.233,0.2369,composite 0.51,0,0.50727884,39a5401a35848049
2026-10-07,558,6,MSFT,Technology,mid,0.233,0.2369,composite 0.51,0,0.50615901,39a5401a35848049
2026-10-07,559,6,BKR,Energy,mid,0.233,0.2369,composite 0.51,0,0.50503919,39a5401a35848049
2026-10-07,560,6,COLB,Financial,mid,0.233,0.2369,composite 0.50,0,0.50335946,39a5401a35848049
2026-10-07,561,6,ORA,Utilities,mid,0.233,0.2369,composite 0.50,0,0.50279955,39a5401a35848049
2026-10-07,562,6,IEX,Industrials,mid,0.233,0.2369,composite 0.50,0,0.50223964,39a5401a35848049
2026-10-07,563,6,LAD,Consumer Cyclical,mid,0.233,0.2369,composite 0.50,0,0.49720045,39a5401a35848049
2026-10-07,564,6,GBCI,Financial,mid,0.233,0.2351,composite 0.49,0,0.48992161,39a5401a35848049
2026-10-07,565,6,TECH,Healthcare,mid,0.233,0.2351,composite 0.49,0,0.48880179,39a5401a35848049
2026-10-07,566,6,MLI,Industrials,mid,0.233,0.2351,composite 0.49,0,0.48768197,39a5401a35848049
2026-10-07,567,6,CHRW,Industrials,mid,0.233,0.2351,composite 0.49,0,0.48656215,39a5401a35848049
2026-10-07,568,6,GWW,Industrials,mid,0.233,0.2351,composite 0.48,0,0.48488242,39a5401a35848049
2026-10-07,569,6,DTM,Energy,low,0.2318,0.2362,composite 0.43,0,0.42777156,39a5401a35848049
2026-10-07,570,6,JNJ,Healthcare,low,0.2318,0.2362,composite 0.43,0,0.42609183,39a5401a35848049
2026-10-07,571,6,LAMR,Real Estate,low,0.2318,0.2362,composite 0.43,0,0.42609183,39a5401a35848049
2026-10-07,572,6,BAC,Financial,mid,0.2315,0.2351,composite 0.48,0,0.4837626,39a5401a35848049
2026-10-07,573,6,ZION,Financial,mid,0.2315,0.2351,composite 0.48,0,0.48208287,39a5401a35848049
2026-10-07,574,6,BMRN,Healthcare,mid,0.2315,0.2351,composite 0.48,0,0.47928331,39a5401a35848049
2026-10-07,575,6,SCHW,Financial,mid,0.2315,0.2351,composite 0.48,0,0.47704367,39a5401a35848049
2026-10-07,576,6,PFG,Financial,mid,0.2315,0.2351,composite 0.48,0,0.47592385,39a5401a35848049
2026-10-07,577,6,FITB,Financial,mid,0.2315,0.2351,composite 0.47,0,0.4675252,39a5401a35848049
2026-10-07,578,6,FLG,Financial,mid,0.2315,0.2351,composite 0.47,0,0.46696529,39a5401a35848049
2026-10-07,579,6,SBUX,Consumer Cyclical,mid,0.2315,0.2351,composite 0.46,0,0.46360582,39a5401a35848049
2026-10-07,580,6,OLLI,Consumer Defensive,mid,0.2315,0.2351,composite 0.46,0,0.46192609,39a5401a35848049
2026-10-07,581,6,RF,Financial,mid,0.2315,0.2351,composite 0.46,0,0.46192609,39a5401a35848049
2026-10-07,582,6,VLY,Financial,mid,0.2315,0.2351,composite 0.46,0,0.46080627,39a5401a35848049
2026-10-07,583,6,EW,Healthcare,mid,0.2315,0.2351,composite 0.46,0,0.46024636,39a5401a35848049
2026-10-07,584,6,USB,Financial,mid,0.2315,0.2351,composite 0.46,0,0.45856663,39a5401a35848049
2026-10-07,585,6,PNR,Industrials,mid,0.2315,0.2351,composite 0.46,0,0.45800672,39a5401a35848049
2026-10-07,586,6,KEY,Financial,mid,0.2315,0.2351,composite 0.46,0,0.45520717,39a5401a35848049
2026-10-07,587,6,HSIC,Healthcare,mid,0.2315,0.2351,composite 0.45,0,0.45240761,39a5401a35848049
2026-10-07,588,6,CHH,Consumer Cyclical,mid,0.2315,0.2351,composite 0.45,0,0.4518477,39a5401a35848049
2026-10-07,589,6,EXPD,Industrials,mid,0.2315,0.2351,composite 0.45,0,0.45016797,39a5401a35848049
2026-10-07,590,6,EBAY,Consumer Cyclical,mid,0.2315,0.2351,composite 0.45,0,0.44904815,39a5401a35848049
2026-10-07,591,6,VOYA,Financial,mid,0.2315,0.2351,composite 0.45,0,0.44904815,39a5401a35848049
2026-10-07,592,6,CCK,Consumer Cyclical,mid,0.2315,0.2351,composite 0.45,0,0.44736842,39a5401a35848049
2026-10-07,593,6,OLN,Basic Materials,mid,0.2315,0.2351,composite 0.45,0,0.44736842,39a5401a35848049
2026-10-07,594,6,HLT,Consumer Cyclical,mid,0.2315,0.2351,composite 0.45,0,0.44568869,39a5401a35848049
2026-10-07,595,6,MTB,Financial,mid,0.2315,0.2351,composite 0.44,0,0.44288914,39a5401a35848049
2026-10-07,596,6,DOC,Real Estate,mid,0.2315,0.2351,composite 0.44,0,0.44120941,39a5401a35848049
2026-10-07,597,6,HAS,Consumer Cyclical,mid,0.2315,0.2351,composite 0.44,0,0.43840985,39a5401a35848049
2026-10-07,598,6,PNC,Financial,mid,0.2315,0.2351,composite 0.44,0,0.43673012,39a5401a35848049
2026-10-07,599,6,SLGN,Consumer Cyclical,mid,0.2306,0.2351,composite 0.44,0,0.4356103,39a5401a35848049
2026-10-07,600,6,SSD,Basic Materials,mid,0.2306,0.2351,composite 0.44,0,0.4356103,39a5401a35848049
2026-10-07,601,6,MMM,Industrials,mid,0.2306,0.2351,composite 0.43,0,0.43225084,39a5401a35848049
2026-10-07,602,6,JLL,Real Estate,mid,0.2306,0.2351,composite 0.43,0,0.43113102,39a5401a35848049
2026-10-07,603,6,MGM,Consumer Cyclical,mid,0.2306,0.2351,composite 0.43,0,0.43113102,39a5401a35848049
2026-10-07,604,6,CSX,Industrials,mid,0.2306,0.2351,composite 0.43,0,0.4300112,39a5401a35848049
2026-10-07,605,6,PLD,Real Estate,mid,0.2306,0.2351,composite 0.43,0,0.4300112,39a5401a35848049
2026-10-07,606,6,PKG,Consumer Cyclical,mid,0.2292,0.2351,composite 0.43,0,0.42889138,39a5401a35848049
2026-10-07,607,6,SSB,Financial,mid,0.2292,0.2351,composite 0.43,0,0.42889138,39a5401a35848049
2026-10-07,608,6,SLAB,Technology,mid,0.2292,0.2351,composite 0.43,0,0.42777156,39a5401a35848049
2026-10-07,609,6,CNO,Financial,mid,0.2292,0.2351,composite 0.42,0,0.424972,39a5401a35848049
2026-10-07,610,6,IBM,Technology,mid,0.2292,0.2351,composite 0.42,0,0.42273236,39a5401a35848049
2026-10-07,611,6,PFGC,Consumer Defensive,mid,0.2292,0.2351,composite 0.42,0,0.42273236,39a5401a35848049
2026-10-07,612,6,NEU,Basic Materials,mid,0.2292,0.2351,composite 0.42,0,0.42217245,39a5401a35848049
2026-10-07,613,6,SEIC,Financial,mid,0.2292,0.2351,composite 0.42,0,0.42217245,39a5401a35848049
2026-10-07,614,6,MTD,Healthcare,mid,0.2292,0.2351,composite 0.42,0,0.41713326,39a5401a35848049
2026-10-07,615,6,LH,Healthcare,low,0.2291,0.2362,composite 0.42,0,0.42273236,39a5401a35848049
2026-10-07,616,6,KHC,Consumer Defensive,low,0.2291,0.2362,composite 0.42,0,0.42161254,39a5401a35848049
2026-10-07,617,6,NOC,Industrials,low,0.2291,0.2362,composite 0.42,0,0.42161254,39a5401a35848049
2026-10-07,618,6,KRG,Real Estate,low,0.2291,0.2362,composite 0.42,0,0.41881299,39a5401a35848049
2026-10-07,619,6,PGR,Financial,low,0.2291,0.2362,composite 0.42,0,0.41657335,39a5401a35848049
2026-10-07,620,6,CTAS,Industrials,low,0.2291,0.2362,composite 0.41,0,0.41489362,39a5401a35848049
2026-10-07,621,6,HIG,Financial,low,0.2291,0.2362,composite 0.41,0,0.4137738,39a5401a35848049
2026-10-07,622,6,VMRK,Real Estate,low,0.2291,0.2362,composite 0.41,0,0.41209406,39a5401a35848049
2026-10-07,623,6,D,Utilities,low,0.2291,0.2362,composite 0.41,0,0.41097424,39a5401a35848049
2026-10-07,624,6,BALL,Consumer Cyclical,low,0.2291,0.2362,composite 0.41,0,0.40817469,39a5401a35848049
2026-10-07,625,6,BHF,Financial,low,0.2291,0.2362,composite 0.41,0,0.40761478,39a5401a35848049
2026-10-07,626,6,OHI,Real Estate,low,0.2291,0.2362,composite 0.41,0,0.40593505,39a5401a35848049
2026-10-07,627,6,ADP,Technology,low,0.2291,0.2362,composite 0.40,0,0.40481523,39a5401a35848049
2026-10-07,628,6,CME,Financial,low,0.2291,0.2362,composite 0.40,0,0.40369541,39a5401a35848049
2026-10-07,629,6,LMT,Industrials,low,0.2291,0.2362,composite 0.40,0,0.4031355,39a5401a35848049
2026-10-07,630,6,PCTY,Technology,low,0.2291,0.2362,composite 0.40,0,0.40257559,39a5401a35848049
2026-10-07,631,6,FAF,Financial,mid,0.2282,0.2351,composite 0.41,0,0.41321389,39a5401a35848049
2026-10-07,632,6,DLB,Industrials,mid,0.2282,0.2351,composite 0.41,0,0.4087346,39a5401a35848049
2026-10-07,633,6,PCAR,Industrials,mid,0.2282,0.2351,composite 0.41,0,0.4087346,39a5401a35848049
2026-10-07,634,6,SMG,Basic Materials,mid,0.2282,0.2351,composite 0.41,0,0.40649496,39a5401a35848049
2026-10-07,635,6,FHI,Financial,mid,0.2282,0.2351,composite 0.40,0,0.40257559,39a5401a35848049
2026-10-07,636,6,FAST,Industrials,mid,0.2282,0.2351,composite 0.40,0,0.39529675,39a5401a35848049
2026-10-07,637,6,PNFP,Financial,mid,0.2282,0.2351,composite 0.40,0,0.39529675,39a5401a35848049
2026-10-07,638,6,CMG,Consumer Cyclical,mid,0.2282,0.2351,composite 0.39,0,0.39361702,39a5401a35848049
2026-10-07,639,6,ULS,Industrials,mid,0.2282,0.2351,composite 0.39,0,0.39193729,39a5401a35848049
2026-10-07,640,6,AME,Industrials,mid,0.2282,0.2351,composite 0.39,0,0.39025756,39a5401a35848049
2026-10-07,641,6,SHW,Basic Materials,mid,0.2282,0.2351,composite 0.39,0,0.39025756,39a5401a35848049
2026-10-07,642,6,ADSK,Technology,mid,0.2282,0.2351,composite 0.39,0,0.38857783,39a5401a35848049
2026-10-07,643,6,CFR,Financial,mid,0.2282,0.2351,composite 0.39,0,0.38745801,39a5401a35848049
2026-10-07,644,6,RMD,Healthcare,mid,0.2282,0.2351,composite 0.39,0,0.38577828,39a5401a35848049
2026-10-07,645,6,BKNG,Consumer Cyclical,mid,0.2282,0.2301,composite 0.38,0,0.37681971,39a5401a35848049
2026-10-07,646,6,WMG,Communication Services,mid,0.2282,0.2301,composite 0.38,0,0.37681971,39a5401a35848049
2026-10-07,647,6,WLK,Basic Materials,mid,0.2282,0.2301,composite 0.38,0,0.3762598,39a5401a35848049
2026-10-07,648,6,COLM,Consumer Cyclical,mid,0.2282,0.2301,composite 0.38,0,0.37569989,39a5401a35848049
2026-10-07,649,6,PSA,Real Estate,mid,0.2282,0.2301,composite 0.37,0,0.37402016,39a5401a35848049
2026-10-07,650,6,TMO,Healthcare,mid,0.2282,0.2301,composite 0.37,0,0.37178052,39a5401a35848049
2026-10-07,651,6,J,Industrials,mid,0.2282,0.2301,composite 0.37,0,0.37066069,39a5401a35848049
2026-10-07,652,6,AMP,Financial,mid,0.2282,0.2301,composite 0.37,0,0.36954087,39a5401a35848049
2026-10-07,653,6,CUZ,Real Estate,mid,0.2282,0.2301,composite 0.37,0,0.36954087,39a5401a35848049
2026-10-07,654,6,ARE,Real Estate,mid,0.2282,0.2301,composite 0.35,0,0.3549832,39a5401a35848049
2026-10-07,655,6,KRC,Real Estate,mid,0.2282,0.2301,composite 0.35,0,0.35162374,39a5401a35848049
2026-10-07,656,6,GPK,Consumer Cyclical,mid,0.2282,0.2301,composite 0.35,0,0.35106383,39a5401a35848049
2026-10-07,657,6,PRU,Financial,mid,0.2282,0.2301,composite 0.35,0,0.34882419,39a5401a35848049
2026-10-07,658,6,RBA,Industrials,mid,0.2282,0.2301,composite 0.35,0,0.34546473,39a5401a35848049
2026-10-07,659,6,WFC,Financial,mid,0.2282,0.2301,composite 0.34,0,0.34378499,39a5401a35848049
2026-10-07,660,6,FNB,Financial,mid,0.2282,0.2301,composite 0.34,0,0.34266517,39a5401a35848049
2026-10-07,661,6,MTN,Consumer Cyclical,mid,0.2282,0.2301,composite 0.34,0,0.33986562,39a5401a35848049
2026-10-07,662,6,FHN,Financial,mid,0.2282,0.2301,composite 0.34,0,0.33650616,39a5401a35848049
2026-10-07,663,6,FIS,Technology,mid,0.2282,0.2301,composite 0.34,0,0.33650616,39a5401a35848049
2026-10-07,664,6,HLI,Financial,mid,0.2282,0.2301,composite 0.34,0,0.33650616,39a5401a35848049
2026-10-07,665,6,MSA,Industrials,mid,0.2282,0.2301,composite 0.34,0,0.33650616,39a5401a35848049
2026-10-07,666,6,WTFC,Financial,mid,0.2282,0.2301,composite 0.34,0,0.33650616,39a5401a35848049
2026-10-07,667,6,UBER,Technology,mid,0.2282,0.2301,composite 0.34,0,0.33594625,39a5401a35848049
2026-10-07,668,6,WH,Consumer Cyclical,mid,0.2282,0.2301,composite 0.34,0,0.33594625,39a5401a35848049
2026-10-07,669,6,HII,Industrials,mid,0.2282,0.2301,composite 0.33,0,0.32642777,39a5401a35848049
2026-10-07,670,6,BXP,Real Estate,mid,0.2282,0.2301,composite 0.33,0,0.32586786,39a5401a35848049
2026-10-07,671,6,ASB,Financial,mid,0.2282,0.2301,composite 0.32,0,0.32418813,39a5401a35848049
2026-10-07,672,6,ALLE,Industrials,mid,0.2282,0.2301,composite 0.32,0,0.32026876,39a5401a35848049
2026-10-07,673,6,UMBF,Financial,mid,0.2282,0.2301,composite 0.32,0,0.3174692,39a5401a35848049
2026-10-07,674,6,BCO,Industrials,mid,0.2282,0.2301,composite 0.32,0,0.31690929,39a5401a35848049
2026-10-07,675,6,REXR,Real Estate,mid,0.2282,0.2301,composite 0.32,0,0.31690929,39a5401a35848049
2026-10-07,676,6,CHDN,Consumer Cyclical,mid,0.2282,0.2301,composite 0.31,0,0.31410974,39a5401a35848049
2026-10-07,677,6,IDXX,Healthcare,mid,0.2282,0.2301,composite 0.31,0,0.31131019,39a5401a35848049
2026-10-07,678,6,HON,Industrials,mid,0.2282,0.2301,composite 0.30,0,0.30459127,39a5401a35848049
2026-10-07,679,6,MSM,Industrials,mid,0.2282,0.2301,composite 0.30,0,0.30403135,39a5401a35848049
2026-10-07,680,6,KD,Technology,mid,0.2282,0.2301,composite 0.30,0,0.29731243,39a5401a35848049
2026-10-07,681,6,MET,Financial,mid,0.2282,0.2301,composite 0.29,0,0.29451288,39a5401a35848049
2026-10-07,682,6,LVS,Consumer Cyclical,mid,0.2282,0.2301,composite 0.29,0,0.29227324,39a5401a35848049
2026-10-07,683,6,AES,Utilities,mid,0.2282,0.2301,composite 0.29,0,0.29115342,39a5401a35848049
2026-10-07,684,6,LDOS,Technology,mid,0.2282,0.2301,composite 0.29,0,0.28891377,39a5401a35848049
2026-10-07,685,6,ONB,Financial,mid,0.2282,0.2301,composite 0.29,0,0.28891377,39a5401a35848049
2026-10-07,686,6,PAG,Consumer Cyclical,mid,0.2282,0.2301,composite 0.29,0,0.28835386,39a5401a35848049
2026-10-07,687,6,MOS,Basic Materials,mid,0.2282,0.2301,composite 0.29,0,0.28555431,39a5401a35848049
2026-10-07,688,6,DIS,Communication Services,mid,0.228,0.2301,composite 0.28,0,0.28051512,39a5401a35848049
2026-10-07,689,6,GD,Industrials,mid,0.228,0.2301,composite 0.28,0,0.28051512,39a5401a35848049
2026-10-07,690,6,EWBC,Financial,mid,0.2279,0.2301,composite 0.27,0,0.27211646,39a5401a35848049
2026-10-07,691,6,TRU,Financial,mid,0.2279,0.2301,composite 0.27,0,0.27155655,39a5401a35848049
2026-10-07,692,6,GEHC,Healthcare,mid,0.2279,0.2301,composite 0.27,0,0.27099664,39a5401a35848049
2026-10-07,693,6,FISV,Technology,mid,0.2279,0.2301,composite 0.27,0,0.26931691,39a5401a35848049
2026-10-07,694,6,HBAN,Financial,mid,0.2279,0.2301,composite 0.27,0,0.26931691,39a5401a35848049
2026-10-07,695,6,AVY,Consumer Cyclical,mid,0.2279,0.2301,composite 0.27,0,0.268757,39a5401a35848049
2026-10-07,696,6,FOXA,Communication Services,low,0.2272,0.2362,composite 0.40,0,0.40145577,39a5401a35848049
2026-10-07,697,6,RYN,Real Estate,low,0.2272,0.2362,composite 0.40,0,0.39977604,39a5401a35848049
2026-10-07,698,6,CNP,Utilities,low,0.2272,0.2362,composite 0.40,0,0.39585666,39a5401a35848049
2026-10-07,699,6,MKC,Consumer Defensive,low,0.2272,0.2362,composite 0.40,0,0.39585666,39a5401a35848049
2026-10-07,700,6,SBAC,Real Estate,low,0.2272,0.2362,composite 0.39,0,0.39137738,39a5401a35848049
2026-10-07,701,6,VNOM,Energy,low,0.2272,0.2362,composite 0.39,0,0.38913774,39a5401a35848049
2026-10-07,702,6,HWC,Financial,mid,0.2256,0.2301,composite 0.26,0,0.26483763,39a5401a35848049
2026-10-07,703,6,UBSI,Financial,mid,0.2256,0.2301,composite 0.26,0,0.26427772,39a5401a35848049
2026-10-07,704,6,VVV,Consumer Cyclical,mid,0.2256,0.2301,composite 0.26,0,0.26427772,39a5401a35848049
2026-10-07,705,6,ORI,Financial,low,0.2238,0.2319,composite 0.38,0,0.38297872,39a5401a35848049
2026-10-07,706,6,BSY,Technology,mid,0.2236,0.2301,composite 0.26,0,0.25531915,39a5401a35848049
2026-10-07,707,6,OTIS,Industrials,low,0.2232,0.2278,composite 0.37,0,0.3712206,39a5401a35848049
2026-10-07,708,6,VRSN,Technology,low,0.2232,0.2278,composite 0.37,0,0.36730123,39a5401a35848049
2026-10-07,709,6,GL,Financial,low,0.2232,0.2278,composite 0.37,0,0.36506159,39a5401a35848049
2026-10-07,710,6,NJR,Utilities,low,0.2232,0.2278,composite 0.36,0,0.36394177,39a5401a35848049
2026-10-07,711,6,UNM,Financial,low,0.2232,0.2278,composite 0.36,0,0.36226204,39a5401a35848049
2026-10-07,712,6,BIIB,Healthcare,low,0.2232,0.2278,composite 0.36,0,0.36170213,39a5401a35848049
2026-10-07,713,6,EXC,Utilities,low,0.2232,0.2278,composite 0.36,0,0.35946249,39a5401a35848049
2026-10-07,714,6,HSY,Consumer Defensive,low,0.2232,0.2278,composite 0.36,0,0.35666293,39a5401a35848049
2026-10-07,715,6,THG,Financial,low,0.2232,0.2278,composite 0.35,0,0.35274356,39a5401a35848049
2026-10-07,716,6,CNX,Energy,low,0.2232,0.2278,composite 0.35,0,0.35050392,39a5401a35848049
2026-10-07,717,6,AIZ,Financial,low,0.2232,0.2278,composite 0.34,0,0.3443449,39a5401a35848049
2026-10-07,718,6,NWE,Utilities,low,0.2232,0.2253,composite 0.34,0,0.34210526,39a5401a35848049
2026-10-07,719,6,ADM,Consumer Defensive,low,0.2232,0.2243,composite 0.34,0,0.34098544,39a5401a35848049
2026-10-07,720,6,AFL,Financial,low,0.2232,0.2243,composite 0.34,0,0.34098544,39a5401a35848049
2026-10-07,721,6,WM,Industrials,low,0.2232,0.2243,composite 0.34,0,0.34042553,39a5401a35848049
2026-10-07,722,6,GLPI,Real Estate,low,0.2232,0.2243,composite 0.34,0,0.33706607,39a5401a35848049
2026-10-07,723,6,TJX,Consumer Cyclical,low,0.2232,0.2243,composite 0.34,0,0.33650616,39a5401a35848049
2026-10-07,724,6,WMT,Consumer Defensive,low,0.2232,0.2243,composite 0.33,0,0.33482643,39a5401a35848049
2026-10-07,725,6,XOM,Energy,low,0.2232,0.2241,composite 0.33,0,0.33426652,39a5401a35848049
2026-10-07,726,6,VICI,Real Estate,low,0.2232,0.2217,composite 0.33,0,0.33258679,39a5401a35848049
2026-10-07,727,6,CCI,Real Estate,low,0.2232,0.2217,composite 0.33,0,0.33090705,39a5401a35848049
2026-10-07,728,6,FRT,Real Estate,low,0.2232,0.2217,composite 0.33,0,0.32922732,39a5401a35848049
2026-10-07,729,6,UHS,Healthcare,low,0.2232,0.2217,composite 0.33,0,0.3281075,39a5401a35848049
2026-10-07,730,6,EPR,Real Estate,low,0.2232,0.2217,composite 0.33,0,0.32530795,39a5401a35848049
2026-10-07,731,6,SYK,Healthcare,low,0.2232,0.2217,composite 0.33,0,0.32530795,39a5401a35848049
2026-10-07,732,6,KMB,Consumer Defensive,low,0.2232,0.2217,composite 0.32,0,0.31970885,39a5401a35848049
2026-10-07,733,6,FE,Utilities,low,0.2232,0.2217,composite 0.32,0,0.31858903,39a5401a35848049
2026-10-07,734,6,CB,Financial,low,0.2232,0.2217,composite 0.32,0,0.31802912,39a5401a35848049
2026-10-07,735,6,NSC,Industrials,low,0.2232,0.2217,composite 0.32,0,0.31802912,39a5401a35848049
2026-10-07,736,6,BJ,Consumer Defensive,low,0.2232,0.2217,composite 0.32,0,0.31634938,39a5401a35848049
2026-10-07,737,6,PM,Consumer Defensive,low,0.2232,0.2217,composite 0.32,0,0.31634938,39a5401a35848049
2026-10-07,738,6,CUBE,Real Estate,low,0.2232,0.2217,composite 0.31,0,0.31243001,39a5401a35848049
2026-10-07,739,6,VLTO,Industrials,low,0.2232,0.2217,composite 0.31,0,0.3118701,39a5401a35848049
2026-10-07,740,6,CVX,Energy,low,0.2232,0.2217,composite 0.31,0,0.30963046,39a5401a35848049
2026-10-07,741,6,ES,Utilities,low,0.2232,0.2217,composite 0.31,0,0.30963046,39a5401a35848049
2026-10-07,742,6,XEL,Utilities,low,0.2232,0.2217,composite 0.31,0,0.30907055,39a5401a35848049
2026-10-07,743,6,MCK,Healthcare,low,0.2232,0.2217,composite 0.31,0,0.30571109,39a5401a35848049
2026-10-07,744,6,BKH,Utilities,low,0.2232,0.2217,composite 0.30,0,0.30347144,39a5401a35848049
2026-10-07,745,6,CINF,Financial,low,0.2232,0.2217,composite 0.30,0,0.3012318,39a5401a35848049
2026-10-07,746,6,OGE,Utilities,low,0.2232,0.2217,composite 0.30,0,0.29955207,39a5401a35848049
2026-10-07,747,6,SIGI,Financial,low,0.2232,0.2217,composite 0.30,0,0.29899216,39a5401a35848049
2026-10-07,748,6,BF-B,Consumer Defensive,low,0.2232,0.2217,composite 0.30,0,0.29731243,39a5401a35848049
2026-10-07,749,6,MO,Consumer Defensive,low,0.2232,0.2217,composite 0.30,0,0.2956327,39a5401a35848049
2026-10-07,750,6,ENSG,Healthcare,low,0.2232,0.2217,composite 0.30,0,0.29507279,39a5401a35848049
2026-10-07,751,6,SYY,Consumer Defensive,low,0.2232,0.2217,composite 0.29,0,0.28779395,39a5401a35848049
2026-10-07,752,6,EXE,Energy,low,0.2232,0.2217,composite 0.29,0,0.28723404,39a5401a35848049
2026-10-07,753,6,HR,Real Estate,low,0.2232,0.2217,composite 0.29,0,0.28555431,39a5401a35848049
2026-10-07,754,6,PPL,Utilities,low,0.2232,0.2217,composite 0.28,0,0.28275476,39a5401a35848049
2026-10-07,755,6,AEP,Utilities,low,0.2232,0.2217,composite 0.28,0,0.27995521,39a5401a35848049
2026-10-07,756,6,UGI,Utilities,low,0.2232,0.2217,composite 0.28,0,0.27771557,39a5401a35848049
2026-10-07,757,6,AEE,Utilities,low,0.2232,0.2217,composite 0.27,0,0.27379619,39a5401a35848049
2026-10-07,758,6,ORLY,Consumer Cyclical,low,0.2232,0.2217,composite 0.27,0,0.27155655,39a5401a35848049
2026-10-07,759,6,STZ,Consumer Defensive,low,0.2232,0.2217,composite 0.27,0,0.268757,39a5401a35848049
2026-10-07,760,6,SO,Utilities,low,0.2232,0.2217,composite 0.27,0,0.26651736,39a5401a35848049
2026-10-07,761,6,MAT,Consumer Cyclical,mid,0.2228,0.2301,composite 0.25,0,0.25195969,39a5401a35848049
2026-10-07,762,6,FICO,Technology,mid,0.2228,0.2301,composite 0.25,0,0.25083987,39a5401a35848049
2026-10-07,763,6,AN,Consumer Cyclical,mid,0.2228,0.2301,composite 0.25,0,0.24580067,39a5401a35848049
2026-10-07,764,6,NXST,Communication Services,mid,0.2228,0.2301,composite 0.25,0,0.24580067,39a5401a35848049
2026-10-07,765,6,GNTX,Consumer Cyclical,mid,0.2228,0.2301,composite 0.24,0,0.24300112,39a5401a35848049
2026-10-07,766,6,EGP,Real Estate,low,0.2222,0.2211,composite 0.26,0,0.26371781,39a5401a35848049
2026-10-07,767,6,LIN,Basic Materials,low,0.2219,0.2188,composite 0.26,0,0.26147816,39a5401a35848049
2026-10-07,768,6,ADC,Real Estate,low,0.2219,0.2188,composite 0.26,0,0.25699888,39a5401a35848049
2026-10-07,769,6,NEE,Utilities,low,0.2219,0.2188,composite 0.26,0,0.25699888,39a5401a35848049
2026-10-07,770,6,LLY,Healthcare,low,0.2219,0.2188,composite 0.26,0,0.25587906,39a5401a35848049
2026-10-07,771,6,ATO,Utilities,low,0.2219,0.2188,composite 0.25,0,0.24916013,39a5401a35848049
2026-10-07,772,6,UDR,Real Estate,low,0.2219,0.2188,composite 0.25,0,0.2474804,39a5401a35848049
2026-10-07,773,6,BRX,Real Estate,low,0.2219,0.2188,composite 0.25,0,0.24692049,39a5401a35848049
2026-10-07,774,6,PEG,Utilities,low,0.2219,0.2188,composite 0.25,0,0.24580067,39a5401a35848049
2026-10-07,775,6,SUI,Real Estate,low,0.2214,0.2128,composite 0.24,0,0.24356103,39a5401a35848049
2026-10-07,776,6,MCD,Consumer Cyclical,low,0.2214,0.2128,composite 0.24,0,0.24132139,39a5401a35848049
2026-10-07,777,6,SWX,Utilities,low,0.2214,0.2128,composite 0.24,0,0.24132139,39a5401a35848049
2026-10-07,778,6,CBSH,Financial,low,0.2214,0.2128,composite 0.24,0,0.23964166,39a5401a35848049
2026-10-07,779,6,EVRG,Utilities,low,0.2214,0.2128,composite 0.24,0,0.23852184,39a5401a35848049
2026-10-07,780,6,L,Financial,low,0.2214,0.2128,composite 0.24,0,0.23516237,39a5401a35848049
2026-10-07,781,6,EHC,Healthcare,low,0.2214,0.2128,composite 0.23,0,0.23068309,39a5401a35848049
2026-10-07,782,6,AZO,Consumer Cyclical,low,0.2214,0.2128,composite 0.23,0,0.2256439,39a5401a35848049
2026-10-07,783,6,TSN,Consumer Defensive,low,0.2214,0.2128,composite 0.23,0,0.22508399,39a5401a35848049
2026-10-07,784,6,CI,Healthcare,low,0.2214,0.2128,composite 0.22,0,0.22396417,39a5401a35848049
2026-10-07,785,6,EQT,Energy,low,0.2214,0.2128,composite 0.22,0,0.2206047,39a5401a35848049
2026-10-07,786,6,MDT,Healthcare,low,0.2214,0.2128,composite 0.22,0,0.22004479,39a5401a35848049
2026-10-07,787,6,CHE,Healthcare,low,0.2214,0.2128,composite 0.22,0,0.21948488,39a5401a35848049
2026-10-07,788,6,GILD,Healthcare,low,0.2214,0.2128,composite 0.22,0,0.21780515,39a5401a35848049
2026-10-07,789,6,REG,Real Estate,low,0.2214,0.2128,composite 0.22,0,0.21780515,39a5401a35848049
2026-10-07,790,6,WEC,Utilities,low,0.2214,0.2128,composite 0.22,0,0.21780515,39a5401a35848049
2026-10-07,791,6,KR,Consumer Defensive,low,0.2214,0.2128,composite 0.21,0,0.21444569,39a5401a35848049
2026-10-07,792,6,COR,Healthcare,low,0.2214,0.2128,composite 0.21,0,0.21388578,39a5401a35848049
2026-10-07,793,6,RGA,Financial,low,0.2214,0.2128,composite 0.21,0,0.21388578,39a5401a35848049
2026-10-07,794,6,CPT,Real Estate,low,0.2214,0.2128,composite 0.21,0,0.21164614,39a5401a35848049
2026-10-07,795,6,INGR,Consumer Defensive,low,0.2214,0.2128,composite 0.21,0,0.20996641,39a5401a35848049
2026-10-07,796,6,APD,Basic Materials,low,0.2214,0.2128,composite 0.21,0,0.20884658,39a5401a35848049
2026-10-07,797,6,DUK,Utilities,low,0.2214,0.2128,composite 0.21,0,0.20884658,39a5401a35848049
2026-10-07,798,6,SAM,Consumer Defensive,low,0.2214,0.2124,composite 0.20,0,0.2043673,39a5401a35848049
2026-10-07,799,6,ICE,Financial,low,0.2214,0.2124,composite 0.20,0,0.20324748,39a5401a35848049
2026-10-07,800,6,IRT,Real Estate,low,0.2214,0.2124,composite 0.20,0,0.20212766,39a5401a35848049
2026-10-07,801,6,KVUE,Consumer Defensive,low,0.2214,0.2124,composite 0.20,0,0.19820829,39a5401a35848049
2026-10-07,802,6,CLH,Industrials,low,0.2214,0.2124,composite 0.19,0,0.19484882,39a5401a35848049
2026-10-07,803,6,ED,Utilities,low,0.2214,0.2124,composite 0.19,0,0.19204927,39a5401a35848049
2026-10-07,804,6,MAA,Real Estate,low,0.2214,0.2124,composite 0.19,0,0.19092945,39a5401a35848049
2026-10-07,805,6,O,Real Estate,low,0.2214,0.2124,composite 0.19,0,0.18980963,39a5401a35848049
2026-10-07,806,6,CMS,Utilities,low,0.2214,0.2124,composite 0.19,0,0.18645017,39a5401a35848049
2026-10-07,807,6,KMI,Energy,low,0.2214,0.2124,composite 0.18,0,0.17637178,39a5401a35848049
2026-10-07,808,6,LOPE,Consumer Defensive,low,0.2214,0.2124,composite 0.17,0,0.17301232,39a5401a35848049
2026-10-07,809,6,MRSH,Financial,low,0.2214,0.2096,composite 0.17,0,0.16853303,39a5401a35848049
2026-10-07,810,6,PFE,Healthcare,low,0.2214,0.2096,composite 0.16,0,0.15901456,39a5401a35848049
2026-10-07,811,6,HCA,Healthcare,low,0.2214,0.2096,composite 0.16,0,0.15845465,39a5401a35848049
2026-10-07,812,6,WPC,Real Estate,low,0.2214,0.2086,composite 0.15,0,0.15229563,39a5401a35848049
2026-10-07,813,6,CL,Consumer Defensive,low,0.2152,0.2077,composite 0.15,0,0.14725644,39a5401a35848049
2026-10-07,814,6,RNR,Financial,low,0.2152,0.2077,composite 0.14,0,0.1399776,39a5401a35848049
2026-10-07,815,6,MZTI,Consumer Defensive,low,0.2152,0.2077,composite 0.14,0,0.13941769,39a5401a35848049
2026-10-07,816,6,SNA,Industrials,mid,0.2145,0.2301,composite 0.24,0,0.23852184,39a5401a35848049
2026-10-07,817,6,EFX,Industrials,mid,0.2145,0.2301,composite 0.24,0,0.23628219,39a5401a35848049
2026-10-07,818,6,KBH,Consumer Cyclical,mid,0.2145,0.2301,composite 0.23,0,0.23404255,39a5401a35848049
2026-10-07,819,6,TCBI,Financial,mid,0.2145,0.2301,composite 0.23,0,0.231243,39a5401a35848049
2026-10-07,820,6,EXPO,Industrials,mid,0.2145,0.2301,composite 0.23,0,0.22676372,39a5401a35848049
2026-10-07,821,6,ZTS,Healthcare,mid,0.2145,0.2301,composite 0.23,0,0.22676372,39a5401a35848049
2026-10-07,822,6,RPM,Basic Materials,mid,0.2145,0.2301,composite 0.23,0,0.22620381,39a5401a35848049
2026-10-07,823,6,TTWO,Communication Services,mid,0.2145,0.2301,composite 0.22,0,0.22452408,39a5401a35848049
2026-10-07,824,6,KBR,Industrials,mid,0.2145,0.2301,composite 0.22,0,0.22172452,39a5401a35848049
2026-10-07,825,6,DCI,Industrials,mid,0.2145,0.2301,composite 0.22,0,0.2206047,39a5401a35848049
2026-10-07,826,6,RJF,Financial,mid,0.2145,0.2301,composite 0.22,0,0.21780515,39a5401a35848049
2026-10-07,827,6,CBRE,Real Estate,mid,0.2145,0.2301,composite 0.22,0,0.21556551,39a5401a35848049
2026-10-07,828,6,TFC,Financial,mid,0.2145,0.2301,composite 0.22,0,0.21556551,39a5401a35848049
2026-10-07,829,6,HOMB,Financial,mid,0.2145,0.2301,composite 0.21,0,0.20884658,39a5401a35848049
2026-10-07,830,6,WYNN,Consumer Cyclical,mid,0.2145,0.2301,composite 0.20,0,0.20268757,39a5401a35848049
2026-10-07,831,6,PHM,Consumer Cyclical,mid,0.2145,0.2301,composite 0.20,0,0.20212766,39a5401a35848049
2026-10-07,832,6,NDAQ,Financial,mid,0.2145,0.2301,composite 0.20,0,0.19932811,39a5401a35848049
2026-10-07,833,6,OZK,Financial,mid,0.2145,0.2301,composite 0.20,0,0.19932811,39a5401a35848049
2026-10-07,834,6,TXT,Industrials,mid,0.2145,0.2301,composite 0.20,0,0.19652856,39a5401a35848049
2026-10-07,835,6,AOS,Industrials,mid,0.2145,0.2301,composite 0.19,0,0.19484882,39a5401a35848049
2026-10-07,836,6,FFIN,Financial,mid,0.2145,0.2301,composite 0.19,0,0.19260918,39a5401a35848049
2026-10-07,837,6,UFPI,Basic Materials,mid,0.2145,0.2301,composite 0.19,0,0.19260918,39a5401a35848049
2026-10-07,838,6,GATX,Industrials,mid,0.2145,0.2301,composite 0.19,0,0.19036954,39a5401a35848049
2026-10-07,839,6,DHI,Consumer Cyclical,mid,0.2145,0.2301,composite 0.19,0,0.18756999,39a5401a35848049
2026-10-07,840,6,MCO,Financial,mid,0.2145,0.2301,composite 0.18,0,0.18197088,39a5401a35848049
2026-10-07,841,6,ECL,Basic Materials,mid,0.2145,0.2301,composite 0.18,0,0.18141097,39a5401a35848049
2026-10-07,842,6,EXR,Real Estate,mid,0.2145,0.2301,composite 0.18,0,0.17861142,39a5401a35848049
2026-10-07,843,6,MLM,Basic Materials,mid,0.2145,0.2301,composite 0.17,0,0.17245241,39a5401a35848049
2026-10-07,844,6,AMT,Real Estate,low,0.2142,0.2077,composite 0.14,0,0.13773796,39a5401a35848049
2026-10-07,845,6,NFG,Energy,low,0.2142,0.2077,composite 0.14,0,0.13773796,39a5401a35848049
2026-10-07,846,6,V,Financial,low,0.2142,0.2077,composite 0.14,0,0.13717805,39a5401a35848049
2026-10-07,847,6,OGS,Utilities,low,0.2142,0.2077,composite 0.14,0,0.13549832,39a5401a35848049
2026-10-07,848,6,ESS,Real Estate,low,0.2142,0.2047,composite 0.13,0,0.13381859,39a5401a35848049
2026-10-07,849,6,ACGL,Financial,low,0.2142,0.2005,composite 0.13,0,0.12933931,39a5401a35848049
2026-10-07,850,6,KIM,Real Estate,low,0.2142,0.2005,composite 0.13,0,0.12653975,39a5401a35848049
2026-10-07,851,6,MA,Financial,low,0.2119,0.2005,composite 0.12,0,0.12318029,39a5401a35848049
2026-10-07,852,6,RSG,Industrials,low,0.2108,0.2005,composite 0.12,0,0.11702128,39a5401a35848049
2026-10-07,853,6,ELS,Real Estate,low,0.2108,0.2005,composite 0.12,0,0.11534155,39a5401a35848049
2026-10-07,854,6,INVH,Real Estate,low,0.2108,0.2005,composite 0.11,0,0.10582307,39a5401a35848049
2026-10-07,855,6,SR,Utilities,low,0.2108,0.2005,composite 0.10,0,0.10358343,39a5401a35848049
2026-10-07,856,6,MDLZ,Consumer Defensive,low,0.2108,0.2005,composite 0.10,0,0.10302352,39a5401a35848049
2026-10-07,857,6,AMH,Real Estate,low,0.2108,0.2005,composite 0.10,0,0.1019037,39a5401a35848049
2026-10-07,858,6,PG,Consumer Defensive,low,0.2108,0.2005,composite 0.09,0,0.09350504,39a5401a35848049
2026-10-07,859,6,COST,Consumer Defensive,low,0.2108,0.2005,composite 0.09,0,0.09070549,39a5401a35848049
2026-10-07,860,6,BRK-B,Financial,low,0.2108,0.2005,composite 0.09,0,0.08678611,39a5401a35848049
2026-10-07,861,6,AWK,Utilities,low,0.2108,0.2005,composite 0.09,0,0.0862262,39a5401a35848049
2026-10-07,862,6,ABBV,Healthcare,low,0.2108,0.2005,composite 0.08,0,0.08398656,39a5401a35848049
2026-10-07,863,6,AFG,Financial,low,0.2108,0.2005,composite 0.07,0,0.07054871,39a5401a35848049
2026-10-07,864,6,PEP,Consumer Defensive,low,0.2108,0.2005,composite 0.06,0,0.06326988,39a5401a35848049
2026-10-07,865,6,EG,Financial,low,0.2108,0.2005,composite 0.06,0,0.05823068,39a5401a35848049
2026-10-07,866,6,CHD,Consumer Defensive,low,0.2108,0.1989,composite 0.05,0,0.05095185,39a5401a35848049
2026-10-07,867,6,AIG,Financial,low,0.2108,0.1989,composite 0.05,0,0.04927212,39a5401a35848049
2026-10-07,868,6,WTRG,Utilities,low,0.2108,0.1989,composite 0.04,0,0.04423292,39a5401a35848049
2026-10-07,869,6,WRB,Financial,low,0.2108,0.1989,composite 0.04,0,0.03863382,39a5401a35848049
2026-10-07,870,6,PEN,Healthcare,low,0.2108,0.1989,composite 0.04,0,0.03639418,39a5401a35848049
2026-10-07,871,6,TXNM,Utilities,low,0.2108,0.1989,composite 0.02,0,0.01511758,39a5401a35848049
2026-10-07,872,6,PB,Financial,mid,0.2105,0.2301,composite 0.16,0,0.16013438,39a5401a35848049
2026-10-07,873,6,TDG,Industrials,mid,0.2105,0.2301,composite 0.16,0,0.15957447,39a5401a35848049
2026-10-07,874,6,VMC,Basic Materials,mid,0.2105,0.2301,composite 0.16,0,0.15733483,39a5401a35848049
2026-10-07,875,6,FR,Real Estate,mid,0.2105,0.2301,composite 0.15,0,0.15173572,39a5401a35848049
2026-10-07,876,6,STE,Healthcare,mid,0.2105,0.2301,composite 0.15,0,0.15173572,39a5401a35848049
2026-10-07,877,6,ITW,Industrials,mid,0.2105,0.2301,composite 0.15,0,0.14669653,39a5401a35848049
2026-10-07,878,6,IBOC,Financial,mid,0.2105,0.2301,composite 0.13,0,0.13493841,39a5401a35848049
2026-10-07,879,6,AXP,Financial,mid,0.2105,0.2301,composite 0.13,0,0.12933931,39a5401a35848049
2026-10-07,880,6,XYL,Industrials,mid,0.2105,0.2301,composite 0.13,0,0.12765957,39a5401a35848049
2026-10-07,881,6,LEN,Consumer Cyclical,mid,0.2105,0.2301,composite 0.13,0,0.12709966,39a5401a35848049
2026-10-07,882,6,JPM,Financial,mid,0.2105,0.2301,composite 0.13,0,0.12653975,39a5401a35848049
2026-10-07,883,6,NLY,Real Estate,mid,0.2105,0.2301,composite 0.12,0,0.12094065,39a5401a35848049
2026-10-07,884,6,LOW,Consumer Cyclical,mid,0.2105,0.2301,composite 0.12,0,0.12038074,39a5401a35848049
2026-10-07,885,6,GGG,Industrials,mid,0.2105,0.2301,composite 0.12,0,0.11982083,39a5401a35848049
2026-10-07,886,6,ATR,Healthcare,mid,0.2105,0.2301,composite 0.12,0,0.1181411,39a5401a35848049
2026-10-07,887,6,HD,Consumer Cyclical,mid,0.2105,0.2301,composite 0.12,0,0.11590146,39a5401a35848049
2026-10-07,888,6,TKO,Communication Services,mid,0.2105,0.2301,composite 0.12,0,0.11590146,39a5401a35848049
2026-10-07,889,6,BYD,Consumer Cyclical,mid,0.2105,0.2301,composite 0.11,0,0.10862262,39a5401a35848049
2026-10-07,890,6,GHC,Industrials,mid,0.2105,0.2233,composite 0.08,0,0.08230683,39a5401a35848049
2026-10-07,891,6,NKE,Consumer Cyclical,mid,0.2066,0.2131,composite 0.07,0,0.07222844,39a5401a35848049
2026-10-07,892,6,NVR,Consumer Cyclical,mid,0.1879,0.1835,composite 0.05,0,0.05207167,39a5401a35848049
2026-10-07,893,6,STWD,Real Estate,mid,0.184,0.182,composite 0.03,0,0.03023516,39a5401a35848049
