asof,n_ranked,tier1,tier2,tier3,tier4,tier5,tier6,n_ge40,mean_p_top50,mean_p_tier1,n_firing,n_50plus,spy,vix,vxn,move,iwm_rv20,move_band,model
2026-09-22,895,52,17,45,100,159,522,69,0.4847,0.4835,239,18,773.38,14.210000038146973,20.18000030517578,78.55999755859375,11.753774391317648,move_mid,39a5401a35848049
2026-09-23,895,51,17,44,96,161,526,68,0.4845,0.484,227,20,767.81,15.18000030517578,20.76000022888184,95.4499969482422,12.924757291678644,move_mid,39a5401a35848049
2026-09-24,895,50,15,41,100,154,535,65,0.4833,0.4833,221,15,767.18,15.670000076293944,21.239999771118164,104.58000183105467,12.92641988536271,move_mid,39a5401a35848049
2026-09-25,895,49,16,44,109,147,530,65,0.4882,0.489,227,25,771.35,14.869999885559082,20.8700008392334,96.0,12.830917627164942,move_mid,39a5401a35848049
2026-09-28,895,46,13,45,99,151,541,59,0.481,0.4841,209,15,765.61,16.06999969482422,22.1299991607666,101.81999969482422,12.309106010008122,move_mid,39a5401a35848049
2026-09-29,895,48,14,44,113,147,529,62,0.4796,0.4808,224,17,764.2,16.040000915527344,22.06999969482422,106.5999984741211,12.247604217954338,move_mid,39a5401a35848049
2026-09-30,895,48,12,47,111,146,531,60,0.4852,0.4868,222,19,762.63,16.34000015258789,22.459999084472656,110.4499969482422,11.807286938635135,move_mid,39a5401a35848049
2026-10-01,894,45,13,43,112,149,532,58,0.4852,0.4896,219,16,763.99,16.389999389648438,22.51000022888184,108.12999725341795,10.875052709997307,move_mid,39a5401a35848049
2026-10-02,894,41,18,45,120,141,529,59,0.4823,0.4908,230,22,769.64,15.3100004196167,21.200000762939453,107.29000091552734,11.39925007191145,move_mid,39a5401a35848049
2026-10-05,894,43,17,42,120,138,534,60,0.4874,0.4949,226,21,774.83,15.520000457763672,21.700000762939453,113.5999984741211,11.703611654698772,move_mid,39a5401a35848049
2026-10-06,893,38,24,43,118,138,532,62,0.4817,0.4945,224,25,779.09,15.010000228881836,21.14999961853028,105.1999969482422,11.813768551941866,move_mid,39a5401a35848049
2026-10-07,893,39,20,44,113,147,530,59,0.4786,0.4903,223,21,777.22,15.079999923706056,21.0,102.55719757080078,11.720147383712323,move_mid,39a5401a35848049
2026-10-08,892,47,11,53,121,137,523,58,0.4862,0.4889,233,31,773.93,15.40999984741211,21.979999542236328,100.69940185546876,11.354100735957475,move_mid,39a5401a35848049
2026-10-09,892,41,19,52,116,140,524,60,0.4831,0.4928,229,27,778.57,14.84000015258789,20.549999237060547,98.47350311279297,11.41249721463399,move_mid,39a5401a35848049
