rank,factor,day,h,bucket,metric,mean,t,n_dates,avg_names,hit
time_series,VV,ALL,7,Q1,RA,0.08601385334718371,4.458778323847058,4463,434.7521846291732,0.5366989417573557
time_series,VV,ALL,7,Q1,RAX,0.002466495623648439,1.1587334059972696,4463,434.7521846291732,0.5366989417573557
time_series,VV,ALL,7,Q1,RET,0.005184461484047015,4.426347839741187,4463,434.7521846291732,0.5366989417573557
time_series,VV,ALL,7,Q2,RA,0.08611733482811684,4.493249278258663,4463,249.1680483979386,0.5387692125439837
time_series,VV,ALL,7,Q2,RAX,0.00256997710458155,1.252162097096553,4463,249.1680483979386,0.5387692125439837
time_series,VV,ALL,7,Q2,RET,0.005142020619194844,4.486268220366001,4463,249.1680483979386,0.5387692125439837
time_series,VV,ALL,7,Q3,RA,0.08016736054221066,4.191883795871646,4463,257.7241765628501,0.5369264963171644
time_series,VV,ALL,7,Q3,RAX,-0.003379997181324645,-1.8141113117120693,4463,257.7241765628501,0.5369264963171644
time_series,VV,ALL,7,Q3,RET,0.004861538776686034,4.229917038999452,4463,257.7241765628501,0.5369264963171644
time_series,VV,ALL,7,Q4,RA,0.08433164831645455,4.432523281968438,4463,215.01725296885502,0.5381790284671563
time_series,VV,ALL,7,Q4,RAX,0.0007842905929192566,0.37825659435111775,4463,215.01725296885502,0.5381790284671563
time_series,VV,ALL,7,Q4,RET,0.0049850079699633315,4.298397098775926,4463,215.01725296885502,0.5381790284671563
time_series,VV,ALL,7,Q5,RA,0.0808178926835448,4.401844203234571,4463,366.67779520501904,0.5364307601174829
time_series,VV,ALL,7,Q5,RAX,-0.0027294650399904783,-1.2540316842009793,4463,366.67779520501904,0.5364307601174829
time_series,VV,ALL,7,Q5,RET,0.005195156105230436,4.368639968927995,4463,366.67779520501904,0.5364307601174829
time_series,VV,ALL,7,BASE,RA,0.08365104103784683,4.417259643064026,4463,1523.339457763836,0.5376257606860338
time_series,VV,ALL,7,Q5-Q1,RA,-0.0051959606636389185,-1.4319232460011444,4463,,
time_series,VV,ALL,7,BASE,RAX,0.00010368331431152943,0.14905417824745676,4463,1523.339457763836,0.5376257606860338
time_series,VV,ALL,7,Q5-Q1,RAX,-0.005195960663638916,-1.4319232460011448,4463,,
time_series,VV,ALL,7,BASE,RET,0.0050246622707169775,4.363119018521474,4463,1523.339457763836,0.5376257606860338
time_series,VV,ALL,7,Q5-Q1,RET,1.0694621183420002e-05,0.039564199744408564,4463,,
time_series,VV,ALL,14,Q1,RA,0.12362449068424211,4.658885333526726,4456,434.4028276481149,0.5495796015837786
time_series,VV,ALL,14,Q1,RAX,0.004544568330253518,1.6044482174634829,4456,434.4028276481149,0.5495796015837786
time_series,VV,ALL,14,Q1,RET,0.010504923141087412,4.6610130282355895,4456,434.4028276481149,0.5495796015837786
time_series,VV,ALL,14,Q2,RA,0.12308833337287728,4.628303463097818,4456,248.87253141831238,0.5531434309430949
time_series,VV,ALL,14,Q2,RAX,0.0040084110188886735,1.4665926418660589,4456,248.87253141831238,0.5531434309430949
time_series,VV,ALL,14,Q2,RET,0.010298629186552907,4.599572211429163,4456,248.87253141831238,0.5531434309430949
time_series,VV,ALL,14,Q3,RA,0.11535540141547242,4.32876722632949,4456,257.52289048473966,0.5516716902506803
time_series,VV,ALL,14,Q3,RAX,-0.003724520938516168,-1.48611884823167,4456,257.52289048473966,0.5516716902506803
time_series,VV,ALL,14,Q3,RET,0.009841507122799426,4.395139478013974,4456,257.52289048473966,0.5516716902506803
time_series,VV,ALL,14,Q4,RA,0.11720983590600305,4.446810194617329,4456,214.9373877917415,0.5511511474347798
time_series,VV,ALL,14,Q4,RAX,-0.001870086447985554,-0.7115054072810485,4456,214.9373877917415,0.5511511474347798
time_series,VV,ALL,14,Q4,RET,0.0099612515819608,4.403197290370916,4456,214.9373877917415,0.5511511474347798
time_series,VV,ALL,14,Q5,RA,0.11495907734335549,4.50763812667669,4456,366.4975314183124,0.550470299871935
time_series,VV,ALL,14,Q5,RAX,-0.004120845010633089,-1.3502488202407992,4456,366.4975314183124,0.550470299871935
time_series,VV,ALL,14,Q5,RET,0.010530356268076356,4.491297426281699,4456,366.4975314183124,0.550470299871935
time_series,VV,ALL,14,BASE,RA,0.11929241798009914,4.542526640994558,4456,1522.233168761221,0.5515279399327372
time_series,VV,ALL,14,Q5-Q1,RA,-0.008665413340886606,-1.7338035437150077,4456,,
time_series,VV,ALL,14,BASE,RAX,0.00021249562611055171,0.21587350182643644,4456,1522.233168761221,0.5515279399327372
time_series,VV,ALL,14,Q5-Q1,RAX,-0.008665413340886604,-1.733803543715007,4456,,
time_series,VV,ALL,14,BASE,RET,0.01016583327270517,4.531097250718417,4456,1522.233168761221,0.5515279399327372
time_series,VV,ALL,14,Q5-Q1,RET,2.5433126988944593e-05,0.048194234726386544,4456,,
time_series,VV,ALL,21,Q1,RA,0.15258226737603808,4.827328543165127,4449,433.61631827376937,0.5580460670096608
time_series,VV,ALL,21,Q1,RAX,0.005156215729161229,1.525581897468112,4449,433.61631827376937,0.5580460670096608
time_series,VV,ALL,21,Q1,RET,0.01565921604300125,4.794072701781632,4449,433.61631827376937,0.5580460670096608
time_series,VV,ALL,21,Q2,RA,0.15226202904824493,4.771164323463754,4449,248.64576309282984,0.5622530219414913
time_series,VV,ALL,21,Q2,RAX,0.004835977401368039,1.4966730814306057,4449,248.64576309282984,0.5622530219414913
time_series,VV,ALL,21,Q2,RET,0.015549475945108047,4.744546967952529,4449,248.64576309282984,0.5622530219414913
time_series,VV,ALL,21,Q3,RA,0.14394016022282072,4.5040099037895605,4449,257.40840638345696,0.560537898380958
time_series,VV,ALL,21,Q3,RAX,-0.003485891424056142,-1.1863215967226632,4449,257.40840638345696,0.560537898380958
time_series,VV,ALL,21,Q3,RET,0.014911065639448976,4.546093423301169,4449,257.40840638345696,0.560537898380958
time_series,VV,ALL,21,Q4,RA,0.1436471962062222,4.554714872106968,4449,214.90761968981795,0.5609409603616641
time_series,VV,ALL,21,Q4,RAX,-0.003778855440654685,-1.2589058082151703,4449,214.90761968981795,0.5609409603616641
time_series,VV,ALL,21,Q4,RET,0.014954404686457022,4.5151928607611875,4449,214.90761968981795,0.5609409603616641
time_series,VV,ALL,21,Q5,RA,0.14186312250886274,4.6306645496518986,4449,366.5497864688694,0.5598181642941858
time_series,VV,ALL,21,Q5,RAX,-0.005562929138014132,-1.5249441632935492,4449,366.5497864688694,0.5598181642941858
time_series,VV,ALL,21,Q5,RET,0.01589791616551585,4.580801313457689,4449,366.5497864688694,0.5598181642941858
time_series,VV,ALL,21,BASE,RA,0.14772007563936065,4.699617105520341,4449,1521.1278939087435,0.5607533585911028
time_series,VV,ALL,21,Q5-Q1,RA,-0.010719144867175363,-1.7914927654046633,4449,,
time_series,VV,ALL,21,BASE,RAX,0.00029402399248376897,0.239695296003888,4449,1521.1278939087435,0.5607533585911028
time_series,VV,ALL,21,Q5-Q1,RAX,-0.01071914486717536,-1.7914927654046624,4449,,
time_series,VV,ALL,21,BASE,RET,0.015312212063052085,4.668860398443978,4449,1521.1278939087435,0.5607533585911028
time_series,VV,ALL,21,Q5-Q1,RET,0.00023870012251460054,0.2922536272145484,4449,,
time_series,VV,ALL,42,Q1,RA,0.21576430691135587,4.974285148393323,4428,431.7881662149955,0.5796371816945611
time_series,VV,ALL,42,Q1,RAX,0.0062090437600762875,1.2367041940101007,4428,431.7881662149955,0.5796371816945611
time_series,VV,ALL,42,Q1,RET,0.031462636287619805,5.25742612532635,4428,431.7881662149955,0.5796371816945611
time_series,VV,ALL,42,Q2,RA,0.21748856567012903,4.973651381733428,4428,247.9162149954833,0.5820062769202297
time_series,VV,ALL,42,Q2,RAX,0.007933302518849494,1.780560491168112,4428,247.9162149954833,0.5820062769202297
time_series,VV,ALL,42,Q2,RET,0.03162160493871467,5.198204201480526,4428,247.9162149954833,0.5820062769202297
time_series,VV,ALL,42,Q3,RA,0.20935032760684982,4.781239372891645,4428,256.99209575429086,0.5822978092930698
time_series,VV,ALL,42,Q3,RAX,-0.0002049355444297479,-0.05835571412590495,4428,256.99209575429086,0.5822978092930698
time_series,VV,ALL,42,Q3,RET,0.03069014597613091,4.967663028206477,4428,256.99209575429086,0.5822978092930698
time_series,VV,ALL,42,Q4,RA,0.20241659308817636,4.698245148576858,4428,214.71657633242998,0.5817951125371956
time_series,VV,ALL,42,Q4,RAX,-0.0071386700631032324,-1.90610678179541,4428,214.71657633242998,0.5817951125371956
time_series,VV,ALL,42,Q4,RET,0.03056013452720564,4.965526633857013,4428,214.71657633242998,0.5817951125371956
time_series,VV,ALL,42,Q5,RA,0.20193239341660557,4.750712163836373,4428,366.3870822041554,0.5817985847445807
time_series,VV,ALL,42,Q5,RAX,-0.007622869734673992,-1.6326223956122525,4428,366.3870822041554,0.5817985847445807
time_series,VV,ALL,42,Q5,RET,0.03284466391434345,4.914706318752297,4428,366.3870822041554,0.5817985847445807
time_series,VV,ALL,42,BASE,RA,0.21056741935774773,4.880210764629167,4428,1517.800135501355,0.582206725384872
time_series,VV,ALL,42,Q5-Q1,RA,-0.013831913494750278,-1.6870248035851865,4428,,
time_series,VV,ALL,42,BASE,RAX,0.0010121562064681784,0.5434718918334178,4428,1517.800135501355,0.582206725384872
time_series,VV,ALL,42,Q5-Q1,RAX,-0.013831913494750277,-1.6870248035851865,4428,,
time_series,VV,ALL,42,BASE,RET,0.031301805555418755,5.108448473898798,4428,1517.800135501355,0.582206725384872
time_series,VV,ALL,42,Q5-Q1,RET,0.0013820276267236566,0.7576429653883621,4428,,
time_series,VV,UP,7,Q1,RA,0.08165215483574562,4.401407141969855,4447,221.67383994620042,0.5351063824682101
time_series,VV,UP,7,Q1,RAX,-0.0015783806781522831,-0.5267903324816214,4447,221.67383994620042,0.5351063824682101
time_series,VV,UP,7,Q1,RET,0.004763634067815029,4.353063380895558,4447,221.67383994620042,0.5351063824682101
time_series,VV,UP,7,Q2,RA,0.08184080930735815,4.420204887227927,4436,126.86319802646334,0.5375191970722073
time_series,VV,UP,7,Q2,RAX,-0.00048680412127369743,-0.15509552962299206,4436,126.86319802646334,0.5375191970722073
time_series,VV,UP,7,Q2,RET,0.004639439260152059,4.2707277541635795,4436,126.86319802646334,0.5375191970722073
time_series,VV,UP,7,Q3,RA,0.07322617188829059,3.9449878587097413,4438,131.4230941704036,0.5338664278756812
time_series,VV,UP,7,Q3,RAX,-0.008698996460246257,-2.9833188952596026,4438,131.4230941704036,0.5338664278756812
time_series,VV,UP,7,Q3,RET,0.004200800986062185,3.862990893602191,4438,131.4230941704036,0.5338664278756812
time_series,VV,UP,7,Q4,RA,0.07846866446078873,4.273088441688985,4423,109.67377159524344,0.535524926244479
time_series,VV,UP,7,Q4,RAX,-0.0031991177641656444,-0.9720660949223288,4423,109.67377159524344,0.535524926244479
time_series,VV,UP,7,Q4,RET,0.004346099325259546,3.964274828118271,4423,109.67377159524344,0.535524926244479
time_series,VV,UP,7,Q5,RA,0.07394442809472021,4.175912179806321,4433,186.36522518485324,0.5333078738943875
time_series,VV,UP,7,Q5,RAX,-0.00763034761932141,-2.374458017539139,4433,186.36522518485324,0.5333078738943875
time_series,VV,UP,7,Q5,RET,0.004557955981272521,4.045242461888668,4433,186.36522518485324,0.5333078738943875
time_series,VV,UP,7,BASE,RA,0.0789696545815695,4.34340398655616,4461,775.5503024871163,0.535756605051666
time_series,VV,UP,7,Q5-Q1,RA,-0.006289971659454619,-1.5288981022665131,4427,,
time_series,VV,UP,7,BASE,RAX,-0.004222440079388863,-2.0511955658417507,4461,775.5503024871163,0.535756605051666
time_series,VV,UP,7,Q5-Q1,RAX,-0.00628997165945462,-1.528898102266513,4427,,
time_series,VV,UP,7,BASE,RET,0.004525079226691358,4.184759395244789,4461,775.5503024871163,0.535756605051666
time_series,VV,UP,7,Q5-Q1,RET,-0.00011063924319726789,-0.3738745397735344,4427,,
time_series,VV,UP,14,Q1,RA,0.12088615970278757,4.694358117128951,4440,221.62281095644366,0.5485902649557909
time_series,VV,UP,14,Q1,RAX,0.0018527994230294264,0.5198752422623292,4440,221.62281095644366,0.5485902649557909
time_series,VV,UP,14,Q1,RET,0.01015121045137813,4.7238773828807235,4440,221.62281095644366,0.5485902649557909
time_series,VV,UP,14,Q2,RA,0.11826798228084803,4.590692057516305,4429,126.79672057502246,0.5510770514292572
time_series,VV,UP,14,Q2,RAX,5.32448788537864e-05,0.015017038833956898,4429,126.79672057502246,0.5510770514292572
time_series,VV,UP,14,Q2,RET,0.009560162836508249,4.454713752340309,4429,126.79672057502246,0.5510770514292572
time_series,VV,UP,14,Q3,RA,0.10843237761405564,4.186525916238216,4431,131.38850213339322,0.5484701922447118
time_series,VV,UP,14,Q3,RAX,-0.009957810127047528,-3.0117623919546745,4431,131.38850213339322,0.5484701922447118
time_series,VV,UP,14,Q3,RET,0.008995215987445461,4.208752466171484,4431,131.38850213339322,0.5484701922447118
time_series,VV,UP,14,Q4,RA,0.11323722302795407,4.432016282074766,4416,109.67078651685394,0.549975398799473
time_series,VV,UP,14,Q4,RAX,-0.0041390531160962005,-1.1139871857464136,4416,109.67078651685394,0.549975398799473
time_series,VV,UP,14,Q4,RET,0.009291192913916536,4.349108976340367,4416,109.67078651685394,0.549975398799473
time_series,VV,UP,14,Q5,RA,0.10937351514772276,4.448826250125369,4426,186.35345601436265,0.5480922488099486
time_series,VV,UP,14,Q5,RAX,-0.008865441945286514,-2.1362191454848674,4426,186.35345601436265,0.5480922488099486
time_series,VV,UP,14,Q5,RET,0.00979568961800651,4.405527287241193,4426,186.35345601436265,0.5480922488099486
time_series,VV,UP,14,BASE,RA,0.11534840217289667,4.5483018793305305,4454,775.382854578097,0.5498388092242295
time_series,VV,UP,14,Q5-Q1,RA,-0.010652407309932435,-1.963929529733871,4420,,
time_series,VV,UP,14,BASE,RAX,-0.0036342936929350763,-1.6184108450010497,4454,775.382854578097,0.5498388092242295
time_series,VV,UP,14,Q5-Q1,RAX,-0.010652407309932433,-1.9639295297338708,4420,,
time_series,VV,UP,14,BASE,RET,0.009576176307451724,4.4916554126432,4454,775.382854578097,0.5498388092242295
time_series,VV,UP,14,Q5-Q1,RET,-0.0002896166258875875,-0.5178147921062356,4420,,
time_series,VV,UP,21,Q1,RA,0.14941885795171841,4.884056675435249,4433,221.27838992579268,0.5567076913125218
time_series,VV,UP,21,Q1,RAX,0.002499292513782644,0.5959045979199592,4433,221.27838992579268,0.5567076913125218
time_series,VV,UP,21,Q1,RET,0.01505754025878675,4.8433158250562585,4433,221.27838992579268,0.5567076913125218
time_series,VV,UP,21,Q2,RA,0.147564358783663,4.779451331653918,4422,126.70596175478065,0.5599239695807067
time_series,VV,UP,21,Q2,RAX,0.0010595596486748762,0.26297601011947097,4422,126.70596175478065,0.5599239695807067
time_series,VV,UP,21,Q2,RET,0.014689338218156996,4.668233206391524,4422,126.70596175478065,0.5599239695807067
time_series,VV,UP,21,Q3,RA,0.13740898851662148,4.428691805025159,4424,131.3562753036437,0.558833779772821
time_series,VV,UP,21,Q3,RAX,-0.009266520174513081,-2.566734387597301,4424,131.3562753036437,0.558833779772821
time_series,VV,UP,21,Q3,RET,0.01394562344765048,4.439560860510581,4424,131.3562753036437,0.558833779772821
time_series,VV,UP,21,Q4,RA,0.13996280347363102,4.581816702570743,4409,109.67431915372497,0.5595545726840409
time_series,VV,UP,21,Q4,RAX,-0.006189879384580098,-1.526405558950869,4409,109.67431915372497,0.5595545726840409
time_series,VV,UP,21,Q4,RET,0.014126571842694871,4.5065872941348895,4409,109.67431915372497,0.5595545726840409
time_series,VV,UP,21,Q5,RA,0.13586640746520037,4.612042138516502,4419,186.39761744212183,0.5573495430700007
time_series,VV,UP,21,Q5,RAX,-0.010511468394411215,-2.2578176684235336,4419,186.39761744212183,0.5573495430700007
time_series,VV,UP,21,Q5,RET,0.015020646362507944,4.539511002612698,4419,186.39761744212183,0.5573495430700007
time_series,VV,UP,21,BASE,RA,0.1436006744203973,4.738747942217124,4447,774.9626882445493,0.5591861349392848
time_series,VV,UP,21,Q5-Q1,RA,-0.013484475469211396,-2.1181474631372215,4413,,
time_series,VV,UP,21,BASE,RAX,-0.003813456173310097,-1.5477467121073092,4447,774.9626882445493,0.5591861349392848
time_series,VV,UP,21,Q5-Q1,RAX,-0.013484475469211393,-2.1181474631372215,4413,,
time_series,VV,UP,21,BASE,RET,0.014601845754512168,4.679795833478412,4447,774.9626882445493,0.5591861349392848
time_series,VV,UP,21,Q5-Q1,RET,-8.164761193279805e-05,-0.09399865269047912,4413,,
time_series,VV,UP,42,Q1,RA,0.21381870701651162,5.0796465029185365,4412,220.62065070040669,0.5778639742629148
time_series,VV,UP,42,Q1,RAX,0.004365581831711087,0.7418997013546466,4412,220.62065070040669,0.5778639742629148
time_series,VV,UP,42,Q1,RET,0.03055415621654001,5.338725326546157,4412,220.62065070040669,0.5778639742629148
time_series,VV,UP,42,Q2,RA,0.21346211664891815,5.037866960730798,4401,126.44529837251356,0.5803261489843258
time_series,VV,UP,42,Q2,RAX,0.004575626085781232,0.9114641813375348,4401,126.44529837251356,0.5803261489843258
time_series,VV,UP,42,Q2,RET,0.030640486024019357,5.249212925262181,4401,126.44529837251356,0.5803261489843258
time_series,VV,UP,42,Q3,RA,0.20499363430435705,4.817609836276479,4403,131.24406779661018,0.5793262198607743
time_series,VV,UP,42,Q3,RAX,-0.003470736965129615,-0.8569971482627287,4403,131.24406779661018,0.5793262198607743
time_series,VV,UP,42,Q3,RET,0.02961483509456452,4.973751184495493,4403,131.24406779661018,0.5793262198607743
time_series,VV,UP,42,Q4,RA,0.1953002826682809,4.66071908856841,4388,109.64201718679331,0.5788929437962942
time_series,VV,UP,42,Q4,RAX,-0.012100612929910078,-2.75238725356373,4388,109.64201718679331,0.5788929437962942
time_series,VV,UP,42,Q4,RET,0.029073394470097446,4.94237385043259,4388,109.64201718679331,0.5788929437962942
time_series,VV,UP,42,Q5,RA,0.196317021674851,4.77193587877553,4398,186.42502258355916,0.5790147502809615
time_series,VV,UP,42,Q5,RAX,-0.011655081246984155,-2.0912077662532877,4398,186.42502258355916,0.5790147502809615
time_series,VV,UP,42,Q5,RET,0.0318755940182924,4.905252466628404,4398,186.42502258355916,0.5790147502809615
time_series,VV,UP,42,BASE,RA,0.20694686226943299,4.959986628338118,4426,773.9257000903342,0.5800277397503397
time_series,VV,UP,42,Q5-Q1,RA,-0.01691824724154823,-1.9233790804322222,4392,,
time_series,VV,UP,42,BASE,RAX,-0.0025737257139497142,-0.9424223799866343,4426,773.9257000903342,0.5800277397503397
time_series,VV,UP,42,Q5-Q1,RAX,-0.01691824724154823,-1.9233790804322228,4392,,
time_series,VV,UP,42,BASE,RET,0.030435099301951613,5.1697528562252675,4426,773.9257000903342,0.5800277397503397
time_series,VV,UP,42,Q5-Q1,RET,0.0013345918613703255,0.6760192096618491,4392,,
time_series,VV,DOWN,7,Q1,RA,0.09365285658583854,4.834490448005613,4452,208.52610351781314,0.5391326929452793
time_series,VV,DOWN,7,Q1,RAX,0.00983129842339732,3.2498194917502476,4452,208.52610351781314,0.5391326929452793
time_series,VV,DOWN,7,Q1,RET,0.0058201720723642415,4.816654116536298,4452,208.52610351781314,0.5391326929452793
time_series,VV,DOWN,7,Q2,RA,0.09277736975973082,4.802675369622693,4439,119.76602420439265,0.5399925459441993
time_series,VV,DOWN,7,Q2,RAX,0.009654652628037568,3.1582899315079094,4439,119.76602420439265,0.5399925459441993
time_series,VV,DOWN,7,Q2,RET,0.005685178177718436,4.7930554499009626,4439,119.76602420439265,0.5399925459441993
time_series,VV,DOWN,7,Q3,RA,0.08862286627375646,4.6310084478449784,4445,123.6371582250112,0.539357816251169
time_series,VV,DOWN,7,Q3,RAX,0.005633656020231022,2.005405519720127,4445,123.6371582250112,0.539357816251169
time_series,VV,DOWN,7,Q3,RET,0.005367105408455725,4.586312042364482,4445,123.6371582250112,0.539357816251169
time_series,VV,DOWN,7,Q4,RA,0.08796884109288372,4.560190626550262,4423,103.32279048900853,0.540060324315361
time_series,VV,DOWN,7,Q4,RAX,0.005507327034733803,1.8305581077600839,4423,103.32279048900853,0.540060324315361
time_series,VV,DOWN,7,Q4,RET,0.005214351658141464,4.378816735658442,4423,103.32279048900853,0.540060324315361
time_series,VV,DOWN,7,Q5,RA,0.08535914662277702,4.634396484055988,4450,176.14474568675777,0.5378771204697174
time_series,VV,DOWN,7,Q5,RAX,0.0019611096671491887,0.690833199321357,4450,176.14474568675777,0.5378771204697174
time_series,VV,DOWN,7,Q5,RET,0.0055800350573950545,4.568215530276888,4450,176.14474568675777,0.5378771204697174
time_series,VV,DOWN,7,BASE,RA,0.09052175141722925,4.774994558877267,4463,731.2265292404212,0.5395705056489347
time_series,VV,DOWN,7,Q5-Q1,RA,-0.007781301642801917,-1.902767647801076,4444,,
time_series,VV,DOWN,7,BASE,RAX,0.006974393693693948,3.885660850585846,4463,731.2265292404212,0.5395705056489347
time_series,VV,DOWN,7,Q5-Q1,RAX,-0.007781301642801917,-1.9027676478010764,4444,,
time_series,VV,DOWN,7,BASE,RET,0.005547887584321577,4.688421213261411,4463,731.2265292404212,0.5395705056489347
time_series,VV,DOWN,7,Q5-Q1,RET,-0.00016616659634106424,-0.5531384204467298,4444,,
time_series,VV,DOWN,14,Q1,RA,0.13071765078209024,4.9394075000542275,4445,208.23092459605027,0.5506740615018679
time_series,VV,DOWN,14,Q1,RAX,0.011779471329141086,3.4134661724428343,4445,208.23092459605027,0.5506740615018679
time_series,VV,DOWN,14,Q1,RET,0.011321720838146516,4.913240295285345,4445,208.23092459605027,0.5506740615018679
time_series,VV,DOWN,14,Q2,RA,0.12797212792922522,4.800013484629682,4432,119.54208754208754,0.5541916292913446
time_series,VV,DOWN,14,Q2,RAX,0.009928737070727549,2.906876685031749,4432,119.54208754208754,0.5541916292913446
time_series,VV,DOWN,14,Q2,RET,0.010863749096135673,4.744370230271317,4432,119.54208754208754,0.5541916292913446
time_series,VV,DOWN,14,Q3,RA,0.1214197891238767,4.563629099491283,4438,123.47429854096521,0.5527164271452442
time_series,VV,DOWN,14,Q3,RAX,0.003544411970294759,1.043256486215578,4438,123.47429854096521,0.5527164271452442
time_series,VV,DOWN,14,Q3,RET,0.010307685328331984,4.534287089161857,4438,123.47429854096521,0.5527164271452442
time_series,VV,DOWN,14,Q4,RA,0.11851401569317771,4.476677024590215,4416,103.24623680071893,0.5502094465493154
time_series,VV,DOWN,14,Q4,RAX,0.001358911705925104,0.4159032746050451,4416,103.24623680071893,0.5502094465493154
time_series,VV,DOWN,14,Q4,RET,0.010004912973635635,4.320630476080296,4416,103.24623680071893,0.5502094465493154
time_series,VV,DOWN,14,Q5,RA,0.11852148519164048,4.65163111468007,4443,175.98294434470378,0.5511487111110157
time_series,VV,DOWN,14,Q5,RAX,-0.0004057865017094937,-0.11610603897083493,4443,175.98294434470378,0.5511487111110157
time_series,VV,DOWN,14,Q5,RET,0.011022161049994856,4.5989426737473575,4443,175.98294434470378,0.5511487111110157
time_series,VV,DOWN,14,BASE,RA,0.12489309376388247,4.772913257791825,4456,730.3061041292639,0.5525853588103509
time_series,VV,DOWN,14,Q5-Q1,RA,-0.012119282114731707,-2.336552563497175,4437,,
time_series,VV,DOWN,14,BASE,RAX,0.005813171409893882,3.19767596385698,4456,730.3061041292639,0.5525853588103509
time_series,VV,DOWN,14,Q5-Q1,RAX,-0.012119282114731707,-2.3365525634971758,4437,,
time_series,VV,DOWN,14,BASE,RET,0.010780519711432028,4.7005730164677715,4456,730.3061041292639,0.5525853588103509
time_series,VV,DOWN,14,Q5-Q1,RET,-0.00022850321024722842,-0.41120585101497387,4437,,
time_series,VV,DOWN,21,Q1,RA,0.15926829099448306,5.055970725458279,4438,207.79298718813217,0.5589485720235674
time_series,VV,DOWN,21,Q1,RAX,0.011788226092943646,3.152650323800722,4438,207.79298718813217,0.5589485720235674
time_series,VV,DOWN,21,Q1,RET,0.016705677753556643,5.019402210726281,4438,207.79298718813217,0.5589485720235674
time_series,VV,DOWN,21,Q2,RA,0.15695350648668993,4.919351524618267,4425,119.40669964028777,0.5621279017744086
time_series,VV,DOWN,21,Q2,RAX,0.010563660253176257,2.8300953874736936,4425,119.40669964028777,0.5621279017744086
time_series,VV,DOWN,21,Q2,RET,0.01628489123964922,4.883017941704723,4425,119.40669964028777,0.5621279017744086
time_series,VV,DOWN,21,Q3,RA,0.14873425594635556,4.68290154249097,4431,123.39635791366906,0.5609605505816453
time_series,VV,DOWN,21,Q3,RAX,0.00218135049204299,0.5715879853973095,4431,123.39635791366906,0.5609605505816453
time_series,VV,DOWN,21,Q3,RET,0.015494311908575392,4.702466996959512,4431,123.39635791366906,0.5609605505816453
time_series,VV,DOWN,21,Q4,RA,0.14668496241515133,4.6464880649399,4409,103.2128712871287,0.5611556302386674
time_series,VV,DOWN,21,Q4,RAX,0.0006304465945170542,0.17353751652796107,4409,103.2128712871287,0.5611556302386674
time_series,VV,DOWN,21,Q4,RET,0.015285014797990095,4.52461781082157,4409,103.2128712871287,0.5611556302386674
time_series,VV,DOWN,21,Q5,RA,0.14626441327540018,4.781200341204735,4436,175.9957293773882,0.5601700686491723
time_series,VV,DOWN,21,Q5,RAX,-0.0013371579647521795,-0.31746963863274125,4436,175.9957293773882,0.5601700686491723
time_series,VV,DOWN,21,Q5,RET,0.01673108309246125,4.7043925507376585,4436,175.9957293773882,0.5601700686491723
time_series,VV,DOWN,21,BASE,RA,0.1527254668662142,4.8838348500513336,4449,729.6340750730501,0.5610973924952013
time_series,VV,DOWN,21,Q5-Q1,RA,-0.013158461950293849,-2.1343134628103972,4430,,
time_series,VV,DOWN,21,BASE,RAX,0.005299415219337302,2.704619275651784,4449,729.6340750730501,0.5610973924952013
time_series,VV,DOWN,21,Q5-Q1,RAX,-0.01315846195029385,-2.1343134628103972,4430,,
time_series,VV,DOWN,21,BASE,RET,0.016099829343850496,4.819752958203066,4449,729.6340750730501,0.5610973924952013
time_series,VV,DOWN,21,Q5-Q1,RET,8.701499943073529e-05,0.09927658596151688,4430,,
time_series,VV,DOWN,42,Q1,RA,0.22045885419814612,5.104120126698205,4417,206.63550135501356,0.5795616737234239
time_series,VV,DOWN,42,Q1,RAX,0.011287252564216504,2.324762380563029,4417,206.63550135501356,0.5795616737234239
time_series,VV,DOWN,42,Q1,RET,0.03288379886749146,5.345778351012803,4417,206.63550135501356,0.5795616737234239
time_series,VV,DOWN,42,Q2,RA,0.2202906813530769,5.049581895133657,4404,118.94443189518861,0.5811506477470209
time_series,VV,DOWN,42,Q2,RAX,0.011994857815551341,2.561632280508752,4404,118.94443189518861,0.5811506477470209
time_series,VV,DOWN,42,Q2,RET,0.03232275169932279,5.213991607126377,4404,118.94443189518861,0.5811506477470209
time_series,VV,DOWN,42,Q3,RA,0.21084864660553543,4.828508743413416,4410,123.09577592048791,0.5811075927909596
time_series,VV,DOWN,42,Q3,RAX,0.002455141315424012,0.614045781365484,4410,123.09577592048791,0.5811075927909596
time_series,VV,DOWN,42,Q3,RET,0.031227192024422906,4.951693519015764,4410,123.09577592048791,0.5811075927909596
time_series,VV,DOWN,42,Q4,RA,0.20545868667874606,4.784732735690618,4388,103.05539226769162,0.5812742589605588
time_series,VV,DOWN,42,Q4,RAX,-0.0021037670149575754,-0.4563527726683542,4388,103.05539226769162,0.5812742589605588
time_series,VV,DOWN,42,Q4,RET,0.031068141434475328,4.98007716774571,4388,103.05539226769162,0.5812742589605588
time_series,VV,DOWN,42,Q5,RA,0.20493108497557277,4.830996303356687,4415,175.82204155374887,0.5808705117108489
time_series,VV,DOWN,42,Q5,RAX,-0.004213366510073127,-0.8279707341621785,4415,175.82204155374887,0.5808705117108489
time_series,VV,DOWN,42,Q5,RET,0.03418491093436414,4.938528664652852,4415,175.82204155374887,0.5808705117108489
time_series,VV,DOWN,42,BASE,RA,0.21445984388487746,4.993476789103564,4428,727.3821138211382,0.5819018425434984
time_series,VV,DOWN,42,Q5-Q1,RA,-0.015514417452616835,-1.9065011970510088,4409,,
time_series,VV,DOWN,42,BASE,RAX,0.004904580733597893,2.0897132166409627,4428,727.3821138211382,0.5819018425434984
time_series,VV,DOWN,42,Q5-Q1,RAX,-0.015514417452616835,-1.9065011970510088,4409,,
time_series,VV,DOWN,42,BASE,RET,0.032470611311582596,5.157708825217856,4428,727.3821138211382,0.5819018425434984
time_series,VV,DOWN,42,Q5-Q1,RET,0.0014563895662875151,0.7537503632227043,4409,,
time_series,VV_ROC,ALL,7,Q1,RA,0.08495104766334706,4.395651558478171,4463,311.4012995742774,0.5367352677992047
time_series,VV_ROC,ALL,7,Q1,RAX,0.0014036899398117638,0.6202277849155432,4463,311.4012995742774,0.5367352677992047
time_series,VV_ROC,ALL,7,Q1,RET,0.005292905735205886,4.454066648720588,4463,311.4012995742774,0.5367352677992047
time_series,VV_ROC,ALL,7,Q2,RA,0.08161075461369141,4.2225722222351365,4463,300.87340354021956,0.5366987727439475
time_series,VV_ROC,ALL,7,Q2,RAX,-0.0019366031098438823,-1.0414421192996033,4463,300.87340354021956,0.5366987727439475
time_series,VV_ROC,ALL,7,Q2,RET,0.004982039516767502,4.286487847655477,4463,300.87340354021956,0.5366987727439475
time_series,VV_ROC,ALL,7,Q3,RA,0.08479614328068766,4.42961317212541,4463,302.8610799910374,0.5380009456310926
time_series,VV_ROC,ALL,7,Q3,RAX,0.0012487855571523562,0.770357221686981,4463,302.8610799910374,0.5380009456310926
time_series,VV_ROC,ALL,7,Q3,RET,0.005154996963861812,4.45363135365214,4463,302.8610799910374,0.5380009456310926
time_series,VV_ROC,ALL,7,Q4,RA,0.08465497805329476,4.506474660903182,4463,295.93390096347747,0.5382666908009099
time_series,VV_ROC,ALL,7,Q4,RAX,0.0011076203297594705,0.6396856256122536,4463,295.93390096347747,0.5382666908009099
time_series,VV_ROC,ALL,7,Q4,RET,0.005072706567345382,4.428930712870858,4463,295.93390096347747,0.5382666908009099
time_series,VV_ROC,ALL,7,Q5,RA,0.07788111324711534,4.352400699040527,4463,311.81066547165585,0.5359063561007273
time_series,VV_ROC,ALL,7,Q5,RAX,-0.005666244476419946,-2.5124987159520913,4463,311.81066547165585,0.5359063561007273
time_series,VV_ROC,ALL,7,Q5,RET,0.004981000847906688,4.249398454059046,4463,311.81066547165585,0.5359063561007273
time_series,VV_ROC,ALL,7,BASE,RA,0.0836287352017567,4.416336252447258,4463,1522.8803495406678,0.5376253703405774
time_series,VV_ROC,ALL,7,Q5-Q1,RA,-0.0070699344162317105,-1.8731923308303835,4463,,
time_series,VV_ROC,ALL,7,BASE,RAX,8.13774782213993e-05,0.11704065838007037,4463,1522.8803495406678,0.5376253703405774
time_series,VV_ROC,ALL,7,Q5-Q1,RAX,-0.0070699344162317105,-1.873192330830384,4463,,
time_series,VV_ROC,ALL,7,BASE,RET,0.005023153584951639,4.361999808115782,4463,1522.8803495406678,0.5376253703405774
time_series,VV_ROC,ALL,7,Q5-Q1,RET,-0.00031190488729919815,-1.308678740857086,4463,,
time_series,VV_ROC,ALL,14,Q1,RA,0.12443737460324908,4.645977276943802,4456,311.5033662477558,0.5504120815237405
time_series,VV_ROC,ALL,14,Q1,RAX,0.005357452249260492,1.9686297858417665,4456,311.5033662477558,0.5504120815237405
time_series,VV_ROC,ALL,14,Q1,RET,0.010924210494691344,4.750265627252016,4456,311.5033662477558,0.5504120815237405
time_series,VV_ROC,ALL,14,Q2,RA,0.11722741722575757,4.3747525452862766,4456,300.95062836624777,0.5507920641036993
time_series,VV_ROC,ALL,14,Q2,RAX,-0.0018525051282310247,-0.8133043265209202,4456,300.95062836624777,0.5507920641036993
time_series,VV_ROC,ALL,14,Q2,RET,0.010236969784261857,4.5268934261288525,4456,300.95062836624777,0.5507920641036993
time_series,VV_ROC,ALL,14,Q3,RA,0.11941352143163604,4.4977576301683735,4456,302.8536804308797,0.5511407167220831
time_series,VV_ROC,ALL,14,Q3,RAX,0.0003335990776474563,0.16145116979451424,4456,302.8536804308797,0.5511407167220831
time_series,VV_ROC,ALL,14,Q3,RET,0.010346357219426222,4.574924519549573,4456,302.8536804308797,0.5511407167220831
time_series,VV_ROC,ALL,14,Q4,RA,0.12001882868336299,4.6014651900945385,4456,295.70825852782764,0.5520385287602833
time_series,VV_ROC,ALL,14,Q4,RAX,0.0009389063293744184,0.45312363779202935,4456,295.70825852782764,0.5520385287602833
time_series,VV_ROC,ALL,14,Q4,RET,0.010194638377354293,4.542897702726544,4456,295.70825852782764,0.5520385287602833
time_series,VV_ROC,ALL,14,Q5,RA,0.11033309186911139,4.471102536287829,4456,310.7652603231598,0.5496587471045052
time_series,VV_ROC,ALL,14,Q5,RAX,-0.008746830484877193,-2.9499290148616844,4456,310.7652603231598,0.5496587471045052
time_series,VV_ROC,ALL,14,Q5,RET,0.009930223100387613,4.355851404347115,4456,310.7652603231598,0.5496587471045052
time_series,VV_ROC,ALL,14,BASE,RA,0.11926322649447578,4.541643557827903,4456,1521.7811938958707,0.5515295297683454
time_series,VV_ROC,ALL,14,Q5-Q1,RA,-0.014104282734137689,-2.9284818913777273,4456,,
time_series,VV_ROC,ALL,14,BASE,RAX,0.0001833041404871875,0.18631745814816555,4456,1521.7811938958707,0.5515295297683454
time_series,VV_ROC,ALL,14,Q5-Q1,RAX,-0.014104282734137687,-2.9284818913777273,4456,,
time_series,VV_ROC,ALL,14,BASE,RET,0.010163107196010452,4.5300208142364555,4456,1521.7811938958707,0.5515295297683454
time_series,VV_ROC,ALL,14,Q5-Q1,RET,-0.0009939873943037288,-2.436554132189797,4456,,
time_series,VV_ROC,ALL,21,Q1,RA,0.1534534778224747,4.781394167579084,4449,310.8770510227017,0.560591646871255
time_series,VV_ROC,ALL,21,Q1,RAX,0.006027426175597828,2.035010730977387,4449,310.8770510227017,0.560591646871255
time_series,VV_ROC,ALL,21,Q1,RET,0.016279494599129973,4.824234983311015,4449,310.8770510227017,0.560591646871255
time_series,VV_ROC,ALL,21,Q2,RA,0.14680237922438932,4.571380848591232,4449,300.7024050348393,0.559721345890985
time_series,VV_ROC,ALL,21,Q2,RAX,-0.000623672422487567,-0.2602368083688268,4449,300.7024050348393,0.559721345890985
time_series,VV_ROC,ALL,21,Q2,RET,0.015383735672235475,4.644724374341474,4449,300.7024050348393,0.559721345890985
time_series,VV_ROC,ALL,21,Q3,RA,0.14697223188155176,4.624278255661633,4449,302.7347718588447,0.5597387669054072
time_series,VV_ROC,ALL,21,Q3,RAX,-0.00045381976532512164,-0.19945935180553173,4449,302.7347718588447,0.5597387669054072
time_series,VV_ROC,ALL,21,Q3,RET,0.015480203444938683,4.702673223335333,4449,302.7347718588447,0.5597387669054072
time_series,VV_ROC,ALL,21,Q4,RA,0.1469290700767449,4.688175260108329,4449,295.650483254664,0.5609950067126626
time_series,VV_ROC,ALL,21,Q4,RAX,-0.0004969815701319658,-0.22573453460005755,4449,295.650483254664,0.5609950067126626
time_series,VV_ROC,ALL,21,Q4,RET,0.015298049613613805,4.638750829966122,4449,295.650483254664,0.5609950067126626
time_series,VV_ROC,ALL,21,Q5,RA,0.13606912139832028,4.622778080768412,4449,310.71836367723085,0.557364393932384
time_series,VV_ROC,ALL,21,Q5,RAX,-0.011356930248556578,-3.391306776253034,4449,310.71836367723085,0.557364393932384
time_series,VV_ROC,ALL,21,Q5,RET,0.01500195077030035,4.486895909856217,4449,310.71836367723085,0.557364393932384
time_series,VV_ROC,ALL,21,BASE,RA,0.1476854599361451,4.698576330867629,4449,1520.6830748482805,0.5607554213784777
time_series,VV_ROC,ALL,21,Q5-Q1,RA,-0.01738435642415441,-3.3150187979246395,4449,,
time_series,VV_ROC,ALL,21,BASE,RAX,0.000259408289268236,0.2116541138021777,4449,1520.6830748482805,0.5607554213784777
time_series,VV_ROC,ALL,21,Q5-Q1,RAX,-0.017384356424154406,-3.3150187979246386,4449,,
time_series,VV_ROC,ALL,21,BASE,RET,0.015309273002348679,4.667876038796506,4449,1520.6830748482805,0.5607554213784777
time_series,VV_ROC,ALL,21,Q5-Q1,RET,-0.0012775438288296294,-2.2646197460623467,4449,,
time_series,VV_ROC,ALL,42,Q1,RA,0.21949408740056714,5.006996575313738,4428,310.5675248419151,0.5815872303332522
time_series,VV_ROC,ALL,42,Q1,RAX,0.009938824249287588,2.917720841129433,4428,310.5675248419151,0.5815872303332522
time_series,VV_ROC,ALL,42,Q1,RET,0.0332223910735067,5.206337832198857,4428,310.5675248419151,0.5815872303332522
time_series,VV_ROC,ALL,42,Q2,RA,0.21098063783410936,4.785461675733686,4428,299.82700993676605,0.5812294944462296
time_series,VV_ROC,ALL,42,Q2,RAX,0.001425374682829796,0.4912217587383487,4428,299.82700993676605,0.5812294944462296
time_series,VV_ROC,ALL,42,Q2,RET,0.03179588683090358,5.122440523035877,4428,299.82700993676605,0.5812294944462296
time_series,VV_ROC,ALL,42,Q3,RA,0.20977175040230492,4.786726490195519,4428,301.8175248419151,0.5808553959384793
time_series,VV_ROC,ALL,42,Q3,RAX,0.00021648725102536568,0.0776399884309856,4428,301.8175248419151,0.5808553959384793
time_series,VV_ROC,ALL,42,Q3,RET,0.03171670204828843,5.116612403347193,4428,301.8175248419151,0.5808553959384793
time_series,VV_ROC,ALL,42,Q4,RA,0.20798174525116975,4.831953731742687,4428,294.82181571815715,0.5819505578562364
time_series,VV_ROC,ALL,42,Q4,RAX,-0.0015735179001098237,-0.5863231267803195,4428,294.82181571815715,0.5819505578562364
time_series,VV_ROC,ALL,42,Q4,RET,0.03130829785387944,5.058144522093325,4428,294.82181571815715,0.5819505578562364
time_series,VV_ROC,ALL,42,Q5,RA,0.1947755985796927,4.778364020587874,4428,310.33920505871725,0.5794522423155333
time_series,VV_ROC,ALL,42,Q5,RAX,-0.014779664571586873,-3.9298077878354185,4428,310.33920505871725,0.5794522423155333
time_series,VV_ROC,ALL,42,Q5,RET,0.031011156795531063,4.89088964639332,4428,310.33920505871725,0.5794522423155333
time_series,VV_ROC,ALL,42,BASE,RA,0.21054923481004417,4.879306718019027,4428,1517.3730803974706,0.5822142299642405
time_series,VV_ROC,ALL,42,Q5-Q1,RA,-0.02471848882087446,-4.429266620920206,4428,,
time_series,VV_ROC,ALL,42,BASE,RAX,0.0009939716587646418,0.534503992013424,4428,1517.3730803974706,0.5822142299642405
time_series,VV_ROC,ALL,42,Q5-Q1,RAX,-0.024718488820874455,-4.429266620920206,4428,,
time_series,VV_ROC,ALL,42,BASE,RET,0.03129961267786948,5.107558014521341,4428,1517.3730803974706,0.5822142299642405
time_series,VV_ROC,ALL,42,Q5-Q1,RET,-0.0022112342779756376,-2.192744896655309,4428,,
time_series,VV_ROC,UP,7,Q1,RA,0.07982813403437522,4.271730823255127,4432,159.31615505265518,0.5340312115266104
time_series,VV_ROC,UP,7,Q1,RAX,-0.0022784108451078125,-0.7055535643773002,4432,159.31615505265518,0.5340312115266104
time_series,VV_ROC,UP,7,Q1,RET,0.004770756709218036,4.274455925758936,4432,159.31615505265518,0.5340312115266104
time_series,VV_ROC,UP,7,Q2,RA,0.07567155289166842,4.048578351518834,4437,153.5257731958763,0.5348468941282262
time_series,VV_ROC,UP,7,Q2,RAX,-0.007974294193138165,-2.8050622850650666,4437,153.5257731958763,0.5348468941282262
time_series,VV_ROC,UP,7,Q2,RET,0.004468326799323491,4.06377295385336,4437,153.5257731958763,0.5348468941282262
time_series,VV_ROC,UP,7,Q3,RA,0.07967980275497515,4.309248318137929,4441,154.55550571877103,0.5361630096251135
time_series,VV_ROC,UP,7,Q3,RAX,-0.002626515623640494,-0.9941021955075036,4441,154.55550571877103,0.5361630096251135
time_series,VV_ROC,UP,7,Q3,RET,0.00459898015341484,4.247194787564939,4441,154.55550571877103,0.5361630096251135
time_series,VV_ROC,UP,7,Q4,RA,0.07914616022681875,4.398142309569099,4434,150.55256668908316,0.5361855493582264
time_series,VV_ROC,UP,7,Q4,RAX,-0.003341085754545947,-1.1389674719616916,4434,150.55256668908316,0.5361855493582264
time_series,VV_ROC,UP,7,Q4,RET,0.004515509399472615,4.207099428057098,4434,150.55256668908316,0.5361855493582264
time_series,VV_ROC,UP,7,Q5,RA,0.07290412953039199,4.234969835229129,4429,157.71748878923768,0.53332407210025
time_series,VV_ROC,UP,7,Q5,RAX,-0.009557769489554273,-2.8540033938609244,4429,157.71748878923768,0.53332407210025
time_series,VV_ROC,UP,7,Q5,RET,0.0044482429649011865,3.9813999257184034,4429,157.71748878923768,0.53332407210025
time_series,VV_ROC,UP,7,BASE,RA,0.07896675955801495,4.343533796892904,4461,775.321084472328,0.5357609648398425
time_series,VV_ROC,UP,7,Q5-Q1,RA,-0.0074801221234259635,-1.7416710329495595,4412,,
time_series,VV_ROC,UP,7,BASE,RAX,-0.004225335102943429,-2.049693978342638,4461,775.321084472328,0.5357609648398425
time_series,VV_ROC,UP,7,Q5-Q1,RAX,-0.0074801221234259635,-1.7416710329495595,4412,,
time_series,VV_ROC,UP,7,BASE,RET,0.004524934069203618,4.18478069304161,4461,775.321084472328,0.5357609648398425
time_series,VV_ROC,UP,7,Q5-Q1,RET,-0.0003171258158173293,-1.1341026592845618,4412,,
time_series,VV_ROC,UP,14,Q1,RA,0.11961795725428817,4.61796643644653,4425,159.41157989228006,0.5481109686648649
time_series,VV_ROC,UP,14,Q1,RAX,0.0021670667244527474,0.6193473065447629,4425,159.41157989228006,0.5481109686648649
time_series,VV_ROC,UP,14,Q1,RET,0.010211807701103423,4.713555221846546,4425,159.41157989228006,0.5481109686648649
time_series,VV_ROC,UP,14,Q2,RA,0.11290238831435415,4.36072822592065,4430,153.59640852974186,0.5496693628616579
time_series,VV_ROC,UP,14,Q2,RAX,-0.006510894117146745,-2.100555449383365,4430,153.59640852974186,0.5496693628616579
time_series,VV_ROC,UP,14,Q2,RET,0.009620338947043321,4.502351692595489,4430,153.59640852974186,0.5496693628616579
time_series,VV_ROC,UP,14,Q3,RA,0.1162472847402798,4.51433638428626,4434,154.60669362084457,0.5492107477658699
time_series,VV_ROC,UP,14,Q3,RAX,-0.0020312329901739493,-0.6849089917938277,4434,154.60669362084457,0.5492107477658699
time_series,VV_ROC,UP,14,Q3,RET,0.009789182625860591,4.560516939972584,4434,154.60669362084457,0.5492107477658699
time_series,VV_ROC,UP,14,Q4,RA,0.11521308646769561,4.54567675416012,4427,150.5078581050741,0.5505461311841007
time_series,VV_ROC,UP,14,Q4,RAX,-0.0030674513078743065,-1.0153600030200514,4427,150.5078581050741,0.5505461311841007
time_series,VV_ROC,UP,14,Q4,RET,0.00956308971702494,4.430182846305178,4427,150.5078581050741,0.5505461311841007
time_series,VV_ROC,UP,14,Q5,RA,0.10412428577700511,4.36431815601948,4422,157.3806422636425,0.5459932568695116
time_series,VV_ROC,UP,14,Q5,RAX,-0.013566953654386414,-3.302021469173698,4422,157.3806422636425,0.5459932568695116
time_series,VV_ROC,UP,14,Q5,RET,0.009153847318938289,4.239390846894763,4422,157.3806422636425,0.5459932568695116
time_series,VV_ROC,UP,14,BASE,RA,0.11534919386120794,4.548599799196048,4454,775.1564183123878,0.5498559792483756
time_series,VV_ROC,UP,14,Q5-Q1,RA,-0.015780390934811622,-3.0910733631451803,4405,,
time_series,VV_ROC,UP,14,BASE,RAX,-0.003633502004623811,-1.6169381501290292,4454,775.1564183123878,0.5498559792483756
time_series,VV_ROC,UP,14,Q5-Q1,RAX,-0.015780390934811622,-3.091073363145181,4405,,
time_series,VV_ROC,UP,14,BASE,RET,0.009577034281691843,4.491999311100934,4454,775.1564183123878,0.5498559792483756
time_series,VV_ROC,UP,14,Q5-Q1,RET,-0.0010376261375104727,-2.325259926408909,4405,,
time_series,VV_ROC,UP,21,Q1,RA,0.14857515258844672,4.79980004949033,4418,159.16115981119353,0.5586989842068593
time_series,VV_ROC,UP,21,Q1,RAX,0.002256994911721262,0.5928549565273656,4418,159.16115981119353,0.5586989842068593
time_series,VV_ROC,UP,21,Q1,RET,0.015344456515271459,4.833649400596882,4418,159.16115981119353,0.5586989842068593
time_series,VV_ROC,UP,21,Q2,RA,0.14311922009425435,4.629516247613603,4423,153.50427158273382,0.5581781528067268
time_series,VV_ROC,UP,21,Q2,RAX,-0.004491460715106274,-1.3700728529258686,4423,153.50427158273382,0.5581781528067268
time_series,VV_ROC,UP,21,Q2,RET,0.014564005236707847,4.651029450702486,4423,153.50427158273382,0.5581781528067268
time_series,VV_ROC,UP,21,Q3,RA,0.1434092455527356,4.663039593285776,4427,154.56467941507313,0.5581050458072437
time_series,VV_ROC,UP,21,Q3,RAX,-0.0031084428201637675,-0.9644656214673504,4427,154.56467941507313,0.5581050458072437
time_series,VV_ROC,UP,21,Q3,RET,0.014710643588869046,4.705548540489031,4427,154.56467941507313,0.5581050458072437
time_series,VV_ROC,UP,21,Q4,RA,0.14164068018018064,4.648053314232995,4420,150.48549583989205,0.5595341790799976
time_series,VV_ROC,UP,21,Q4,RAX,-0.00482731768477669,-1.503301459471253,4420,150.48549583989205,0.5595341790799976
time_series,VV_ROC,UP,21,Q4,RET,0.014451731235836344,4.537192520607471,4420,150.48549583989205,0.5595341790799976
time_series,VV_ROC,UP,21,Q5,RA,0.1298482885753106,4.549518481363556,4415,157.3720197930724,0.5543917325822764
time_series,VV_ROC,UP,21,Q5,RAX,-0.016039091083666173,-3.499661888280426,4415,157.3720197930724,0.5543917325822764
time_series,VV_ROC,UP,21,Q5,RET,0.014091728550517976,4.416527005757007,4415,157.3720197930724,0.5543917325822764
time_series,VV_ROC,UP,21,BASE,RA,0.14357509420429318,4.738123444174059,4447,774.7403910991234,0.5591967269106115
time_series,VV_ROC,UP,21,Q5-Q1,RA,-0.01874309371182877,-3.3710026813478073,4398,,
time_series,VV_ROC,UP,21,BASE,RAX,-0.0038390363894141885,-1.5574427062549916,4447,774.7403910991234,0.5591967269106115
time_series,VV_ROC,UP,21,Q5-Q1,RAX,-0.01874309371182877,-3.371002681347806,4398,,
time_series,VV_ROC,UP,21,BASE,RET,0.014601222964835806,4.679422152061169,4447,774.7403910991234,0.5591967269106115
time_series,VV_ROC,UP,21,Q5-Q1,RET,-0.0012347256337931689,-2.0790414581408005,4398,,
time_series,VV_ROC,UP,42,Q1,RA,0.2159581192254558,5.093908587958942,4397,159.1138211382114,0.5796711609502803
time_series,VV_ROC,UP,42,Q1,RAX,0.007390407961704307,1.7377318097852892,4397,159.1138211382114,0.5796711609502803
time_series,VV_ROC,UP,42,Q1,RET,0.032008236326368796,5.2802085547013515,4397,159.1138211382114,0.5796711609502803
time_series,VV_ROC,UP,42,Q2,RA,0.20489448870938476,4.789856614659714,4402,153.19787666591372,0.5779309305519419
time_series,VV_ROC,UP,42,Q2,RAX,-0.0042502614871783645,-1.2649220708825737,4402,153.19787666591372,0.5779309305519419
time_series,VV_ROC,UP,42,Q2,RET,0.030210189120748646,5.106543088640645,4402,153.19787666591372,0.5779309305519419
time_series,VV_ROC,UP,42,Q3,RA,0.20763745293748556,4.875267259526595,4406,154.2384719710669,0.5795898013373786
time_series,VV_ROC,UP,42,Q3,RAX,-0.001002222964493105,-0.27532961798720634,4406,154.2384719710669,0.5795898013373786
time_series,VV_ROC,UP,42,Q3,RET,0.030836498767026207,5.200705169245052,4406,154.2384719710669,0.5795898013373786
time_series,VV_ROC,UP,42,Q4,RA,0.20391871575261009,4.87398158201356,4399,150.2171260732038,0.5797324613764153
time_series,VV_ROC,UP,42,Q4,RAX,-0.00497825387646247,-1.4337129066636785,4399,150.2171260732038,0.5797324613764153
time_series,VV_ROC,UP,42,Q4,RET,0.030549177092887122,5.060253806520923,4399,150.2171260732038,0.5797324613764153
time_series,VV_ROC,UP,42,Q5,RA,0.18927039941856613,4.7667693029426745,4394,157.29062146892656,0.5770055194682067
time_series,VV_ROC,UP,42,Q5,RAX,-0.01886619004947386,-3.8303223564473265,4394,157.29062146892656,0.5770055194682067
time_series,VV_ROC,UP,42,Q5,RET,0.029768190249934035,4.896159776009205,4394,157.29062146892656,0.5770055194682067
time_series,VV_ROC,UP,42,BASE,RA,0.20694047716956346,4.9594110502748565,4426,773.7095754290876,0.5800420957514059
time_series,VV_ROC,UP,42,Q5-Q1,RA,-0.026819269585001537,-4.477331490321714,4377,,
time_series,VV_ROC,UP,42,BASE,RAX,-0.002580110813819273,-0.9459967979789765,4426,773.7095754290876,0.5800420957514059
time_series,VV_ROC,UP,42,Q5-Q1,RAX,-0.026819269585001537,-4.477331490321715,4377,,
time_series,VV_ROC,UP,42,BASE,RET,0.03043525068074282,5.16920511734179,4426,773.7095754290876,0.5800420957514059
time_series,VV_ROC,UP,42,Q5-Q1,RET,-0.0022224749925232067,-2.1733330722497533,4377,,
time_series,VV_ROC,DOWN,7,Q1,RA,0.09317663187083944,4.78463732974898,4436,148.6591978489805,0.539657973486614
time_series,VV_ROC,DOWN,7,Q1,RAX,0.010612693490191108,3.185775626555435,4436,148.6591978489805,0.539657973486614
time_series,VV_ROC,DOWN,7,Q1,RET,0.005879224839616372,4.813776936733133,4436,148.6591978489805,0.539657973486614
time_series,VV_ROC,DOWN,7,Q2,RA,0.08781141926232469,4.497286840108373,4441,144.11004034065442,0.5379985979273492
time_series,VV_ROC,DOWN,7,Q2,RAX,0.004725528187773748,1.6947068921631088,4441,144.11004034065442,0.5379985979273492
time_series,VV_ROC,DOWN,7,Q2,RET,0.005489882666149372,4.566268674427943,4441,144.11004034065442,0.5379985979273492
time_series,VV_ROC,DOWN,7,Q3,RA,0.09017153846066697,4.681268137526343,4440,145.17884356790677,0.5394563001206398
time_series,VV_ROC,DOWN,7,Q3,RAX,0.007326940905368379,2.7095637385159845,4440,145.17884356790677,0.5394563001206398
time_series,VV_ROC,DOWN,7,Q3,RET,0.005615569495964307,4.703366060663155,4440,145.17884356790677,0.5394563001206398
time_series,VV_ROC,DOWN,7,Q4,RA,0.09105005917607048,4.819247288871721,4448,142.2613177947109,0.5397954055325251
time_series,VV_ROC,DOWN,7,Q4,RAX,0.007092940400387494,2.6665498344826255,4448,142.2613177947109,0.5397954055325251
time_series,VV_ROC,DOWN,7,Q4,RET,0.005556832563455861,4.672758891261241,4448,142.2613177947109,0.5397954055325251
time_series,VV_ROC,DOWN,7,Q5,RA,0.08272484756999884,4.618810227072649,4446,150.9242492155984,0.5375961744080494
time_series,VV_ROC,DOWN,7,Q5,RAX,-0.0013840723012852189,-0.47315538182737876,4446,150.9242492155984,0.5375961744080494
time_series,VV_ROC,DOWN,7,Q5,RET,0.005396330156408038,4.49860447137681,4446,150.9242492155984,0.5375961744080494
time_series,VV_ROC,DOWN,7,BASE,RA,0.09047581421388114,4.772759099915849,4463,731.0031369034282,0.539561260970051
time_series,VV_ROC,DOWN,7,Q5-Q1,RA,-0.012092383965704143,-2.7451774408989547,4425,,
time_series,VV_ROC,DOWN,7,BASE,RAX,0.006928456490345837,3.8602968517723815,4463,731.0031369034282,0.539561260970051
time_series,VV_ROC,DOWN,7,Q5-Q1,RAX,-0.012092383965704145,-2.745177440898955,4425,,
time_series,VV_ROC,DOWN,7,BASE,RET,0.005543622108965946,4.68504932856585,4463,731.0031369034282,0.539561260970051
time_series,VV_ROC,DOWN,7,Q5-Q1,RET,-0.0005946906097251171,-2.0412704283757765,4425,,
time_series,VV_ROC,DOWN,14,Q1,RA,0.13211770484383206,4.924062621078559,4429,148.6644973070018,0.551179658043396
time_series,VV_ROC,DOWN,14,Q1,RAX,0.015120643170985248,4.245639496159821,4429,148.6644973070018,0.551179658043396
time_series,VV_ROC,DOWN,14,Q1,RET,0.011804308052759687,4.971135885068974,4429,148.6644973070018,0.551179658043396
time_series,VV_ROC,DOWN,14,Q2,RA,0.12431074090398644,4.6193120572277,4434,144.11537598204265,0.5518920316321664
time_series,VV_ROC,DOWN,14,Q2,RAX,0.006380568868746698,2.0155552282759865,4434,144.11537598204265,0.5518920316321664
time_series,VV_ROC,DOWN,14,Q2,RET,0.010993327338372305,4.718849814151513,4434,144.11537598204265,0.5518920316321664
time_series,VV_ROC,DOWN,14,Q3,RA,0.1223859648886582,4.595867986281765,4433,145.120987654321,0.5511968506265486
time_series,VV_ROC,DOWN,14,Q3,RAX,0.004469506039843942,1.4616480315727267,4433,145.120987654321,0.5511968506265486
time_series,VV_ROC,DOWN,14,Q3,RET,0.010726218441183604,4.622816890369545,4433,145.120987654321,0.5511968506265486
time_series,VV_ROC,DOWN,14,Q4,RA,0.12476759967403994,4.782621184180472,4441,142.08529741863074,0.5520641185969352
time_series,VV_ROC,DOWN,14,Q4,RAX,0.00610023583456366,2.0324674447937245,4441,142.08529741863074,0.5520641185969352
time_series,VV_ROC,DOWN,14,Q4,RET,0.010718005637048675,4.679261004319794,4441,142.08529741863074,0.5520641185969352
time_series,VV_ROC,DOWN,14,Q5,RA,0.11255828318870079,4.584552073741786,4439,150.2314253647587,0.550698463853598
time_series,VV_ROC,DOWN,14,Q5,RAX,-0.006470290485957787,-1.8412690623999064,4439,150.2314253647587,0.550698463853598
time_series,VV_ROC,DOWN,14,Q5,RET,0.010170386480798928,4.394774827812956,4439,150.2314253647587,0.550698463853598
time_series,VV_ROC,DOWN,14,BASE,RA,0.12483604117977742,4.770941834313966,4456,730.0870736086176,0.5525777997165049
time_series,VV_ROC,DOWN,14,Q5-Q1,RA,-0.021517741556700203,-4.043833217683545,4418,,
time_series,VV_ROC,DOWN,14,BASE,RAX,0.00575611882578883,3.1668675729241302,4456,730.0870736086176,0.5525777997165049
time_series,VV_ROC,DOWN,14,Q5-Q1,RAX,-0.021517741556700203,-4.043833217683545,4418,,
time_series,VV_ROC,DOWN,14,BASE,RET,0.010773639774573391,4.697874013157256,4456,730.0870736086176,0.5525777997165049
time_series,VV_ROC,DOWN,14,Q5-Q1,RET,-0.0017273131996644146,-3.304435636837461,4418,,
time_series,VV_ROC,DOWN,21,Q1,RA,0.15964276194782048,4.968271546520998,4422,148.29444819060464,0.5605560636030433
time_series,VV_ROC,DOWN,21,Q1,RAX,0.014093627696193121,3.7932561531355304,4422,148.29444819060464,0.5605560636030433
time_series,VV_ROC,DOWN,21,Q1,RET,0.017334180460863366,4.996691058511587,4422,148.29444819060464,0.5605560636030433
time_series,VV_ROC,DOWN,21,Q2,RA,0.15319614385219385,4.756358878981039,4427,143.9640287769784,0.5603053512362848
time_series,VV_ROC,DOWN,21,Q2,RAX,0.0068237236111442015,2.0880795630716023,4427,143.9640287769784,0.5603053512362848
time_series,VV_ROC,DOWN,21,Q2,RET,0.01635405161440413,4.789886453308854,4427,143.9640287769784,0.5603053512362848
time_series,VV_ROC,DOWN,21,Q3,RA,0.1508299597266971,4.735471645989247,4426,145.0447392086331,0.5595098200388222
time_series,VV_ROC,DOWN,21,Q3,RAX,0.004119437222571386,1.2753464381035398,4426,145.0447392086331,0.5595098200388222
time_series,VV_ROC,DOWN,21,Q3,RET,0.01617958982085535,4.806555997734146,4426,145.0447392086331,0.5595098200388222
time_series,VV_ROC,DOWN,21,Q4,RA,0.15230062294566918,4.873287599462196,4434,142.04968525179856,0.5612241726951869
time_series,VV_ROC,DOWN,21,Q4,RAX,0.004810026871532027,1.518488088962413,4434,142.04968525179856,0.5612241726951869
time_series,VV_ROC,DOWN,21,Q4,RET,0.016191766285934314,4.838622585723798,4434,142.04968525179856,0.5612241726951869
time_series,VV_ROC,DOWN,21,Q5,RA,0.13758622081241542,4.719021467705681,4432,150.19581834532374,0.5577569119653863
time_series,VV_ROC,DOWN,21,Q5,RAX,-0.009589841243232446,-2.459022324012724,4432,150.19581834532374,0.5577569119653863
time_series,VV_ROC,DOWN,21,Q5,RET,0.01514791775418296,4.527216005635818,4432,150.19581834532374,0.5577569119653863
time_series,VV_ROC,DOWN,21,BASE,RA,0.15267159480121392,4.8821084699571955,4449,729.4180714767364,0.5610904666061021
time_series,VV_ROC,DOWN,21,Q5-Q1,RA,-0.023230116274964168,-4.016803707513521,4411,,
time_series,VV_ROC,DOWN,21,BASE,RAX,0.0052455431543370476,2.678775885155542,4449,729.4180714767364,0.5610904666061021
time_series,VV_ROC,DOWN,21,Q5-Q1,RAX,-0.023230116274964168,-4.016803707513521,4411,,
time_series,VV_ROC,DOWN,21,BASE,RET,0.016092753232837667,4.817659904756325,4449,729.4180714767364,0.5610904666061021
time_series,VV_ROC,DOWN,21,Q5-Q1,RET,-0.002201413209547824,-3.053459833860981,4411,,
time_series,VV_ROC,DOWN,42,Q1,RA,0.22318846060686526,5.057967767307989,4401,148.03861788617886,0.5803779218545094
time_series,VV_ROC,DOWN,42,Q1,RAX,0.015638783866667567,4.045696024702576,4401,148.03861788617886,0.5803779218545094
time_series,VV_ROC,DOWN,42,Q1,RET,0.03463147171075946,5.193541216933719,4401,148.03861788617886,0.5803779218545094
time_series,VV_ROC,DOWN,42,Q2,RA,0.21691328796803083,4.887594992474772,4406,143.4018522701604,0.5814435138330618
time_series,VV_ROC,DOWN,42,Q2,RAX,0.008725502730080997,2.3183238681140863,4406,143.4018522701604,0.5814435138330618
time_series,VV_ROC,DOWN,42,Q2,RET,0.03344174079324157,5.114410576690482,4406,143.4018522701604,0.5814435138330618
time_series,VV_ROC,DOWN,42,Q3,RA,0.21318470439750845,4.866917246227171,4405,144.46374519990965,0.5802990171098926
time_series,VV_ROC,DOWN,42,Q3,RAX,0.0050385856398221735,1.3760379580982167,4405,144.46374519990965,0.5802990171098926
time_series,VV_ROC,DOWN,42,Q3,RET,0.03264569583784192,5.150494676498869,4405,144.46374519990965,0.5802990171098926
time_series,VV_ROC,DOWN,42,Q4,RA,0.21077633013771405,4.9127180327882245,4413,141.50079060311722,0.5815667459103434
time_series,VV_ROC,DOWN,42,Q4,RAX,0.0015605027924180186,0.44097113931505233,4413,141.50079060311722,0.5815667459103434
time_series,VV_ROC,DOWN,42,Q4,RET,0.03226459942033145,5.126598110506959,4413,141.50079060311722,0.5815667459103434
time_series,VV_ROC,DOWN,42,Q5,RA,0.1956825447416428,4.86010833107681,4411,149.90286875988255,0.5778036878420847
time_series,VV_ROC,DOWN,42,Q5,RAX,-0.013302108229799868,-3.007731628454487,4411,149.90286875988255,0.5778036878420847
time_series,VV_ROC,DOWN,42,Q5,RET,0.03096427299684851,4.886718639440519,4411,149.90286875988255,0.5778036878420847
time_series,VV_ROC,DOWN,42,BASE,RA,0.2144191559898109,4.99216001284464,4428,727.1770551038844,0.5818986579578579
time_series,VV_ROC,DOWN,42,Q5-Q1,RA,-0.02860431234587496,-4.57731058840304,4390,,
time_series,VV_ROC,DOWN,42,BASE,RAX,0.004863892838531342,2.0778022206195943,4428,727.1770551038844,0.5818986579578579
time_series,VV_ROC,DOWN,42,Q5-Q1,RAX,-0.02860431234587496,-4.57731058840304,4390,,
time_series,VV_ROC,DOWN,42,BASE,RET,0.03246173938814125,5.155995224346277,4428,727.1770551038844,0.5818986579578579
time_series,VV_ROC,DOWN,42,Q5-Q1,RET,-0.003567670343264782,-2.5812522891862604,4390,,
